run_index,material,axis,sim_time,imposed_displacement,actual_displacement,force_total,force_target,vertex_index,fiber_axis
0,isotropic,x,0,0,0,0,0,1328,na
0,isotropic,x,0,0,0.00199999,583.844,2.24999,1328,na
0,isotropic,x,0.01,0.00155482,0.00387113,1217.97,4.6942,1328,na
0,isotropic,x,0.02,0.0031096,0.00555747,1844.59,7.11288,1328,na
0,isotropic,x,0.03,0.00466442,0.00704836,2407.31,9.29861,1328,na
0,isotropic,x,0.04,0.00621924,0.00835687,2897.28,11.2152,1328,na
0,isotropic,x,0.05,0.00777406,0.00950702,3312.32,12.8645,1328,na
0,isotropic,x,0.06,0.00932884,0.0105282,3656.56,14.2633,1328,na
0,isotropic,x,0.07,0.0108837,0.0114526,3940.69,15.4355,1328,na
0,isotropic,x,0.08,0.0124385,0.0123128,4168,16.4083,1328,na
0,isotropic,x,0.09,0.0139933,0.0131398,4347.02,17.2102,1328,na
0,isotropic,x,0.1,0.0155481,0.0139603,4488.43,17.8689,1328,na
0,isotropic,x,0.11,0.0171029,0.0147957,4602.56,18.4104,1328,na
0,isotropic,x,0.12,0.0186577,0.0156614,4689.72,18.8574,1328,na
0,isotropic,x,0.13,0.0202125,0.0165672,4750.08,19.2297,1328,na
0,isotropic,x,0.14,0.0217673,0.0175178,4800.82,19.5437,1328,na
0,isotropic,x,0.15,0.0233221,0.0185147,4838.84,19.813,1328,na
0,isotropic,x,0.16,0.024877,0.0195567,4867.61,20.0482,1328,na
0,isotropic,x,0.17,0.0264317,0.0206411,4885.91,20.2576,1328,na
0,isotropic,x,0.18,0.0279866,0.0217644,4904.52,20.4478,1328,na
0,isotropic,x,0.19,0.0295414,0.0229226,4919.83,20.6235,1328,na
0,isotropic,x,0.2,0.0310962,0.0241119,4925.17,20.7883,1328,na
0,isotropic,x,0.21,0.032651,0.0253288,4932.92,20.9448,1328,na
0,isotropic,x,0.22,0.0342058,0.02657,4934.6,21.095,1328,na
0,isotropic,x,0.23,0.0357606,0.0278327,4939.05,21.24,1328,na
0,isotropic,x,0.24,0.0373154,0.0291141,4932.09,21.3809,1328,na
0,isotropic,x,0.25,0.0388702,0.0304122,4936.98,21.5183,1328,na
0,isotropic,x,0.26,0.040425,0.0317249,4939.21,21.6528,1328,na
0,isotropic,x,0.27,0.0419798,0.0330508,4935.56,21.7844,1328,na
0,isotropic,x,0.28,0.0435346,0.0343884,4937.14,21.9136,1328,na
0,isotropic,x,0.29,0.0450895,0.0357364,4932.85,22.0407,1328,na
0,isotropic,x,0.3,0.0466443,0.0370938,4927.93,22.1656,1328,na
0,isotropic,x,0.31,0.0481991,0.0384596,4928.92,22.2887,1328,na
0,isotropic,x,0.32,0.0497539,0.0398331,4926.24,22.41,1328,na
0,isotropic,x,0.33,0.0513087,0.0412135,4918.65,22.5298,1328,na
0,isotropic,x,0.34,0.0528635,0.0426003,4910.44,22.648,1328,na
0,isotropic,x,0.35,0.0544183,0.0439929,4907.08,22.765,1328,na
0,isotropic,x,0.36,0.0559731,0.0453908,4902.51,22.8806,1328,na
0,isotropic,x,0.37,0.0575279,0.0467936,4885.99,22.9952,1328,na
0,isotropic,x,0.38,0.0590827,0.0482007,4878.3,23.1089,1328,na
0,isotropic,x,0.39,0.0606375,0.049612,4870.79,23.2217,1328,na
0,isotropic,x,0.4,0.0621924,0.0510271,4858.29,23.3338,1328,na
0,isotropic,x,0.41,0.0637472,0.0524457,4851.95,23.4451,1328,na
0,isotropic,x,0.42,0.065302,0.0538676,4843.86,23.5559,1328,na
0,isotropic,x,0.43,0.0668568,0.0552924,4838.62,23.6663,1328,na
0,isotropic,x,0.44,0.0684116,0.05672,4829.94,23.7762,1328,na
0,isotropic,x,0.45,0.0699664,0.0581503,4820.99,23.8858,1328,na
0,isotropic,x,0.46,0.0715212,0.059583,4810.9,23.9952,1328,na
0,isotropic,x,0.47,0.073076,0.0610179,4796.62,24.1043,1328,na
0,isotropic,x,0.48,0.0746308,0.0624549,4786.86,24.2133,1328,na
0,isotropic,x,0.49,0.0761856,0.063894,4776.83,24.3222,1328,na
0,isotropic,x,0.5,0.0777404,0.0653349,4763.31,24.4309,1328,na
0,isotropic,x,0.51,0.0792953,0.0667775,4753.12,24.5397,1328,na
0,isotropic,x,0.52,0.0808501,0.0682217,4745.61,24.6486,1328,na
0,isotropic,x,0.53,0.0824049,0.0696674,4741.39,24.7575,1328,na
0,isotropic,x,0.54,0.0839597,0.0711145,4736.66,24.8666,1328,na
0,isotropic,x,0.55,0.0855145,0.072563,4726.34,24.9757,1328,na
0,isotropic,x,0.56,0.0870693,0.0740128,4712.99,25.085,1328,na
0,isotropic,x,0.57,0.0886241,0.0754637,4698.67,25.1944,1328,na
0,isotropic,x,0.58,0.0901789,0.0769158,4692.64,25.3041,1328,na
0,isotropic,x,0.59,0.0917338,0.0783688,4679.64,25.4141,1328,na
0,isotropic,x,0.6,0.0932885,0.0798227,4670,25.5243,1328,na
0,isotropic,x,0.61,0.0948433,0.0812776,4664.62,25.6349,1328,na
0,isotropic,x,0.62,0.0963982,0.0827333,4660.19,25.7458,1328,na
0,isotropic,x,0.63,0.097953,0.0841898,4653.91,25.857,1328,na
0,isotropic,x,0.64,0.0995077,0.0856471,4644.15,25.9686,1328,na
0,isotropic,x,0.65,0.101063,0.0871051,4630.82,26.0806,1328,na
0,isotropic,x,0.66,0.102617,0.0885637,4620.93,26.193,1328,na
0,isotropic,x,0.67,0.104172,0.0900228,4609.19,26.3058,1328,na
0,isotropic,x,0.68,0.105727,0.0914826,4602.41,26.4191,1328,na
0,isotropic,x,0.69,0.107282,0.0929429,4592.32,26.5328,1328,na
0,isotropic,x,0.7,0.108837,0.0944038,4570.74,26.6469,1328,na
0,isotropic,x,0.71,0.110391,0.0958652,4561.6,26.7615,1328,na
0,isotropic,x,0.72,0.111946,0.0973268,4550.76,26.8767,1328,na
0,isotropic,x,0.73,0.113501,0.098789,4537.95,26.9923,1328,na
0,isotropic,x,0.74,0.115056,0.100251,4526.86,27.1085,1328,na
0,isotropic,x,0.75,0.116611,0.101714,4521.84,27.2253,1328,na
0,isotropic,x,0.76,0.118165,0.103177,4516.89,27.3426,1328,na
0,isotropic,x,0.77,0.11972,0.104641,4509.66,27.4604,1328,na
0,isotropic,x,0.78,0.121275,0.106105,4497.12,27.5788,1328,na
0,isotropic,x,0.79,0.12283,0.107569,4489.93,27.6979,1328,na
0,isotropic,x,0.8,0.124385,0.109033,4477.98,27.8175,1328,na
0,isotropic,x,0.81,0.12594,0.110497,4473.64,27.9378,1328,na
0,isotropic,x,0.82,0.127494,0.111962,4465.67,28.0586,1328,na
0,isotropic,x,0.83,0.129049,0.113426,4451.05,28.1801,1328,na
0,isotropic,x,0.84,0.130604,0.114891,4439.24,28.3022,1328,na
0,isotropic,x,0.85,0.132159,0.116356,4421.62,28.425,1328,na
0,isotropic,x,0.86,0.133714,0.117822,4412.38,28.5484,1328,na
0,isotropic,x,0.87,0.135268,0.119287,4408.73,28.6727,1328,na
0,isotropic,x,0.88,0.136823,0.120752,4404.28,28.7975,1328,na
0,isotropic,x,0.89,0.138378,0.122217,4401.79,28.9231,1328,na
0,isotropic,x,0.9,0.139933,0.123683,4394.38,29.0493,1328,na
0,isotropic,x,0.91,0.141488,0.125148,4383.93,29.1763,1328,na
0,isotropic,x,0.92,0.143042,0.126614,4373.23,29.3039,1328,na
0,isotropic,x,0.93,0.144597,0.128079,4362.47,29.4324,1328,na
0,isotropic,x,0.94,0.146152,0.129545,4349.57,29.5615,1328,na
0,isotropic,x,0.95,0.147707,0.13101,4335.64,29.6914,1328,na
0,isotropic,x,0.96,0.149262,0.132476,4327.16,29.822,1328,na
0,isotropic,x,0.97,0.150816,0.133941,4322.71,29.9534,1328,na
0,isotropic,x,0.98,0.152371,0.135406,4308.08,30.0855,1328,na
0,isotropic,x,0.99,0.153926,0.136872,4303.42,30.2185,1328,na
0,isotropic,x,1,0.155481,0.138337,4288.51,30.3522,1328,na
0,isotropic,x,1.01,0.157036,0.139802,4283.7,30.4867,1328,na
0,isotropic,x,1.02,0.15859,0.141267,4279.38,30.622,1328,na
0,isotropic,x,1.03,0.160145,0.142732,4273.31,30.7581,1328,na
0,isotropic,x,1.04,0.1617,0.144197,4266.17,30.895,1328,na
0,isotropic,x,1.05,0.163255,0.145662,4261.45,31.0328,1328,na
0,isotropic,x,1.06,0.16481,0.147126,4254.69,31.1714,1328,na
0,isotropic,x,1.07,0.166365,0.148591,4248.01,31.3108,1328,na
0,isotropic,x,1.08,0.167919,0.150055,4246.42,31.4511,1328,na
0,isotropic,x,1.09,0.169474,0.151519,4242.27,31.5922,1328,na
0,isotropic,x,1.1,0.171029,0.152983,4237.02,31.7342,1328,na
0,isotropic,x,1.11,0.172584,0.154447,4233.9,31.877,1328,na
0,isotropic,x,1.12,0.174139,0.15591,4224.53,32.0208,1328,na
0,isotropic,x,1.13,0.175693,0.157374,4214.05,32.1653,1328,na
0,isotropic,x,1.14,0.177248,0.158837,4208.91,32.3107,1328,na
0,isotropic,x,1.15,0.178803,0.1603,4204.77,32.4571,1328,na
0,isotropic,x,1.16,0.180358,0.161763,4199.88,32.6044,1328,na
0,isotropic,x,1.17,0.181913,0.163226,4187.42,32.7526,1328,na
0,isotropic,x,1.18,0.183467,0.164688,4184.67,32.9017,1328,na
0,isotropic,x,1.19,0.185022,0.16615,4184.09,33.0517,1328,na
0,isotropic,x,1.2,0.186577,0.167612,4175.9,33.2026,1328,na
0,isotropic,x,1.21,0.188132,0.169074,4166.62,33.3544,1328,na
0,isotropic,x,1.22,0.189687,0.170535,4157.22,33.5072,1328,na
0,isotropic,x,1.23,0.191241,0.171996,4151.04,33.6609,1328,na
0,isotropic,x,1.24,0.192796,0.173457,4147.07,33.8156,1328,na
0,isotropic,x,1.25,0.194351,0.174918,4139.69,33.9714,1328,na
0,isotropic,x,1.26,0.195906,0.176378,4132.18,34.128,1328,na
0,isotropic,x,1.27,0.197461,0.177838,4122.34,34.2856,1328,na
0,isotropic,x,1.28,0.199016,0.179298,4114.76,34.4442,1328,na
0,isotropic,x,1.29,0.20057,0.180757,4109.46,34.6038,1328,na
0,isotropic,x,1.3,0.202125,0.182216,4107.79,34.7644,1328,na
0,isotropic,x,1.31,0.20368,0.183675,4100.4,34.926,1328,na
0,isotropic,x,1.32,0.205235,0.185133,4098.9,35.0887,1328,na
0,isotropic,x,1.33,0.20679,0.186591,4093.95,35.2522,1328,na
0,isotropic,x,1.34,0.208344,0.188049,4093.84,35.4168,1328,na
0,isotropic,x,1.35,0.209899,0.189506,4091.53,35.5825,1328,na
0,isotropic,x,1.36,0.211454,0.190963,4085.52,35.7492,1328,na
0,isotropic,x,1.37,0.213009,0.19242,4076.95,35.917,1328,na
0,isotropic,x,1.38,0.214564,0.193876,4076.73,36.0857,1328,na
0,isotropic,x,1.39,0.216118,0.195332,4068.18,36.2554,1328,na
0,isotropic,x,1.4,0.217673,0.196788,4062.4,36.4262,1328,na
0,isotropic,x,1.41,0.219228,0.198243,4057.79,36.598,1328,na
0,isotropic,x,1.42,0.220783,0.199698,4055.46,36.771,1328,na
0,isotropic,x,1.43,0.222338,0.201153,4051.77,36.945,1328,na
0,isotropic,x,1.44,0.223892,0.202607,4046.78,37.1201,1328,na
0,isotropic,x,1.45,0.225447,0.204061,4041.78,37.2964,1328,na
0,isotropic,x,1.46,0.227002,0.205514,4039.37,37.4737,1328,na
0,isotropic,x,1.47,0.228557,0.206967,4030.66,37.6521,1328,na
0,isotropic,x,1.48,0.230112,0.20842,4029.55,37.8316,1328,na
0,isotropic,x,1.49,0.231667,0.209872,4023.31,38.0123,1328,na
0,isotropic,x,1.5,0.233221,0.211324,4022.15,38.194,1328,na
0,isotropic,x,1.51,0.234776,0.212775,4015.98,38.3768,1328,na
0,isotropic,x,1.52,0.236331,0.214226,4011.15,38.5608,1328,na
0,isotropic,x,1.53,0.237886,0.215677,4005,38.7459,1328,na
0,isotropic,x,1.54,0.239441,0.217127,4000.1,38.9322,1328,na
0,isotropic,x,1.55,0.240995,0.218576,3995.14,39.1196,1328,na
0,isotropic,x,1.56,0.24255,0.220025,3995.58,39.3083,1328,na
0,isotropic,x,1.57,0.244105,0.221474,3994.91,39.4981,1328,na
0,isotropic,x,1.58,0.24566,0.222922,3989.23,39.6891,1328,na
0,isotropic,x,1.59,0.247215,0.22437,3987.59,39.8812,1328,na
0,isotropic,x,1.6,0.248769,0.225817,3985.85,40.0745,1328,na
0,isotropic,x,1.61,0.250324,0.227264,3984.14,40.269,1328,na
0,isotropic,x,1.62,0.251879,0.22871,3979.95,40.4647,1328,na
0,isotropic,x,1.63,0.253434,0.230156,3977.02,40.6617,1328,na
0,isotropic,x,1.64,0.254989,0.231601,3978.25,40.8598,1328,na
0,isotropic,x,1.65,0.256543,0.233046,3972.69,41.0593,1328,na
0,isotropic,x,1.66,0.258098,0.23449,3971.2,41.26,1328,na
0,isotropic,x,1.67,0.259653,0.235934,3969.57,41.4618,1328,na
0,isotropic,x,1.68,0.261208,0.237377,3967.76,41.6648,1328,na
0,isotropic,x,1.69,0.262763,0.23882,3967.26,41.8691,1328,na
0,isotropic,x,1.7,0.264318,0.240262,3966.79,42.0747,1328,na
0,isotropic,x,1.71,0.265872,0.241704,3967.58,42.2815,1328,na
0,isotropic,x,1.72,0.267427,0.243145,3959.79,42.4896,1328,na
0,isotropic,x,1.73,0.268982,0.244585,3952.06,42.6989,1328,na
0,isotropic,x,1.74,0.270537,0.246025,3948.73,42.9095,1328,na
0,isotropic,x,1.75,0.272092,0.247465,3942.51,43.1214,1328,na
0,isotropic,x,1.76,0.273646,0.248904,3936.38,43.3345,1328,na
0,isotropic,x,1.77,0.275201,0.250342,3936.19,43.549,1328,na
0,isotropic,x,1.78,0.276756,0.251779,3933.16,43.7648,1328,na
0,isotropic,x,1.79,0.278311,0.253217,3919.76,43.9819,1328,na
0,isotropic,x,1.8,0.279866,0.254653,3921.04,44.2003,1328,na
0,isotropic,x,1.81,0.28142,0.256089,3922.36,44.42,1328,na
0,isotropic,x,1.82,0.282975,0.257525,3920.76,44.641,1328,na
0,isotropic,x,1.83,0.28453,0.258959,3922.39,44.8634,1328,na
0,isotropic,x,1.84,0.286085,0.260394,3924.03,45.0872,1328,na
0,isotropic,x,1.85,0.28764,0.261827,3922.75,45.3122,1328,na
0,isotropic,x,1.86,0.289194,0.26326,3921.47,45.5386,1328,na
0,isotropic,x,1.87,0.290749,0.264693,3921.83,45.7664,1328,na
0,isotropic,x,1.88,0.292304,0.266125,3923.76,45.9956,1328,na
0,isotropic,x,1.89,0.293859,0.267556,3925.58,46.2261,1328,na
0,isotropic,x,1.9,0.295414,0.268986,3922.63,46.4581,1328,na
0,isotropic,x,1.91,0.296969,0.270416,3908.76,46.6915,1328,na
0,isotropic,x,1.92,0.298523,0.271846,3910.27,46.9261,1328,na
0,isotropic,x,1.93,0.300078,0.273275,3905.41,47.1622,1328,na
0,isotropic,x,1.94,0.301633,0.274703,3905.17,47.3996,1328,na
0,isotropic,x,1.95,0.303188,0.27613,3906.35,47.6384,1328,na
0,isotropic,x,1.96,0.304743,0.277557,3907.7,47.8787,1328,na
0,isotropic,x,1.97,0.306297,0.278984,3905.81,48.1204,1328,na
0,isotropic,x,1.98,0.307852,0.280409,3903.99,48.3635,1328,na
0,isotropic,x,1.99,0.309407,0.281834,3895.56,48.6081,1328,na
0,isotropic,x,2,0.310962,0.283259,3896.85,48.8542,1328,na
0,isotropic,x,2.01,0.312517,0.284682,3884.98,49.1017,1328,na
0,isotropic,x,2.02,0.314071,0.286105,3886.38,49.3506,1328,na
0,isotropic,x,2.03,0.315626,0.287528,3881.25,49.6011,1328,na
0,isotropic,x,2.04,0.317181,0.288949,3875.9,49.8531,1328,na
0,isotropic,x,2.05,0.318736,0.29037,3877.07,50.1065,1328,na
0,isotropic,x,2.06,0.320291,0.29179,3878.24,50.3615,1328,na
0,isotropic,x,2.07,0.321845,0.293209,3867.43,50.618,1328,na
0,isotropic,x,2.08,0.3234,0.294628,3868.33,50.8759,1328,na
0,isotropic,x,2.09,0.324955,0.296046,3867.46,51.1354,1328,na
0,isotropic,x,2.1,0.32651,0.297463,3866.61,51.3964,1328,na
0,isotropic,x,2.11,0.328065,0.29888,3867.45,51.6589,1328,na
0,isotropic,x,2.12,0.329619,0.300296,3868.23,51.923,1328,na
0,isotropic,x,2.13,0.331174,0.301711,3865.38,52.1887,1328,na
0,isotropic,x,2.14,0.332729,0.303125,3865.97,52.4559,1328,na
0,isotropic,x,2.15,0.334284,0.304539,3863.03,52.7247,1328,na
0,isotropic,x,2.16,0.335839,0.305952,3852.89,52.9951,1328,na
0,isotropic,x,2.17,0.337394,0.307364,3851.42,53.2671,1328,na
0,isotropic,x,2.18,0.338948,0.308775,3850.04,53.5408,1328,na
0,isotropic,x,2.19,0.340503,0.310186,3841.54,53.816,1328,na
0,isotropic,x,2.2,0.342058,0.311595,3841.86,54.0928,1328,na
0,isotropic,x,2.21,0.343613,0.313004,3838.7,54.3712,1328,na
0,isotropic,x,2.22,0.345168,0.314413,3835.42,54.6513,1328,na
0,isotropic,x,2.23,0.346722,0.31582,3835.91,54.9329,1328,na
0,isotropic,x,2.24,0.348277,0.317227,3836.4,55.2161,1328,na
0,isotropic,x,2.25,0.349832,0.318633,3837.14,55.5011,1328,na
0,isotropic,x,2.26,0.351387,0.320038,3834.21,55.7876,1328,na
0,isotropic,x,2.27,0.352942,0.321366,3796.23,55.5242,1328,na
0,isotropic,x,2.28,0.354496,0.322652,3732.17,54.939,1328,na
0,isotropic,x,2.29,0.356051,0.323918,3661.29,54.2011,1328,na
0,isotropic,x,2.3,0.357606,0.325182,3592.75,53.4256,1328,na
0,isotropic,x,2.31,0.359161,0.326453,3527.71,52.6846,1328,na
0,isotropic,x,2.32,0.360716,0.327737,3463.66,52.0193,1328,na
0,isotropic,x,2.33,0.36227,0.329037,3412.32,51.4501,1328,na
0,isotropic,x,2.34,0.363825,0.330351,3366.95,50.9837,1328,na
0,isotropic,x,2.35,0.36538,0.331681,3329,50.6175,1328,na
0,isotropic,x,2.36,0.366935,0.333023,3299.5,50.3436,1328,na
0,isotropic,x,2.37,0.36849,0.334378,3272.57,50.1518,1328,na
0,isotropic,x,2.38,0.370045,0.335742,3252.37,50.0305,1328,na
0,isotropic,x,2.39,0.371599,0.337115,3236.36,49.9684,1328,na
1,isotropic,y,0,0,0,0,0,1328,na
1,isotropic,y,0,0,0,0,0,1328,na
1,isotropic,y,0.01,0.00155482,1.22878e-07,453.879,1.74914,1328,na
1,isotropic,y,0.02,0.0031096,0.000100306,878.426,3.38548,1328,na
1,isotropic,y,0.03,0.00466442,0.000346273,1260.28,4.85803,1328,na
1,isotropic,y,0.04,0.00621924,0.000751851,1595.28,6.15107,1328,na
1,isotropic,y,0.05,0.00777406,0.00131537,1883.81,7.26648,1328,na
1,isotropic,y,0.06,0.00932884,0.00202787,2126.52,8.21424,1328,na
1,isotropic,y,0.07,0.0108837,0.00287672,2330.16,9.00861,1328,na
1,isotropic,y,0.08,0.0124385,0.0038471,2496.55,9.66623,1328,na
1,isotropic,y,0.09,0.0139933,0.00492323,2632.54,10.2049,1328,na
1,isotropic,y,0.1,0.0155481,0.00608931,2741.55,10.6423,1328,na
1,isotropic,y,0.11,0.0171029,0.00733029,2827.31,10.9955,1328,na
1,isotropic,y,0.12,0.0186577,0.00863241,2896.81,11.28,1328,na
1,isotropic,y,0.13,0.0202125,0.00998357,2950.36,11.5093,1328,na
1,isotropic,y,0.14,0.0217673,0.0113735,2992.09,11.6952,1328,na
1,isotropic,y,0.15,0.0233221,0.0127935,3027.66,11.8472,1328,na
1,isotropic,y,0.16,0.024877,0.0142367,3055.23,11.9732,1328,na
1,isotropic,y,0.17,0.0264317,0.0156974,3075.58,12.0794,1328,na
1,isotropic,y,0.18,0.0279866,0.0171714,3094.04,12.1708,1328,na
1,isotropic,y,0.19,0.0295414,0.0186553,3106.73,12.2511,1328,na
1,isotropic,y,0.2,0.0310962,0.0201465,3120.45,12.3232,1328,na
1,isotropic,y,0.21,0.032651,0.0216433,3131.67,12.389,1328,na
1,isotropic,y,0.22,0.0342058,0.0231443,3143.29,12.4502,1328,na
1,isotropic,y,0.23,0.0357606,0.0246486,3153.89,12.5076,1328,na
1,isotropic,y,0.24,0.0373154,0.0261555,3163.26,12.5621,1328,na
1,isotropic,y,0.25,0.0388702,0.0276645,3172.38,12.6143,1328,na
1,isotropic,y,0.26,0.040425,0.0291754,3179.65,12.6644,1328,na
1,isotropic,y,0.27,0.0419798,0.0306878,3183.02,12.7127,1328,na
1,isotropic,y,0.28,0.0435346,0.0322018,3189.7,12.7593,1328,na
1,isotropic,y,0.29,0.0450895,0.0337171,3196.79,12.8045,1328,na
1,isotropic,y,0.3,0.0466443,0.0352337,3202.19,12.8482,1328,na
1,isotropic,y,0.31,0.0481991,0.0367515,3207.18,12.8905,1328,na
1,isotropic,y,0.32,0.0497539,0.0382706,3212.65,12.9314,1328,na
1,isotropic,y,0.33,0.0513087,0.0397907,3215.21,12.9712,1328,na
1,isotropic,y,0.34,0.0528635,0.0413119,3219.57,13.0099,1328,na
1,isotropic,y,0.35,0.0544183,0.0428341,3223.57,13.0473,1328,na
1,isotropic,y,0.36,0.0559731,0.0443573,3228.13,13.0837,1328,na
1,isotropic,y,0.37,0.0575279,0.0458814,3232.4,13.1191,1328,na
1,isotropic,y,0.38,0.0590827,0.0474063,3235.61,13.1536,1328,na
1,isotropic,y,0.39,0.0606375,0.0489319,3238.99,13.1873,1328,na
1,isotropic,y,0.4,0.0621924,0.0504582,3238.61,13.2202,1328,na
1,isotropic,y,0.41,0.0637472,0.0519852,3241.51,13.2524,1328,na
1,isotropic,y,0.42,0.065302,0.0447851,6071.81,24.1696,1328,na
1,isotropic,y,0.43,0.0668568,0.040317,8216.57,32.1498,1328,na
1,isotropic,y,0.44,0.0684116,0.0374667,9603.57,37.276,1328,na
1,isotropic,y,0.45,0.0699664,0.0360424,10381.5,40.2426,1328,na
1,isotropic,y,0.46,0.0715212,0.0358238,10781.6,41.8214,1328,na
1,isotropic,y,0.47,0.073076,0.0364622,10971.2,42.5762,1328,na
1,isotropic,y,0.48,0.0746308,0.0376124,11047.1,42.8883,1328,na
1,isotropic,y,0.49,0.0761856,0.0390134,11075,43.0056,1328,na
1,isotropic,y,0.5,0.0777405,0.0405085,11087.8,43.0642,1328,na
1,isotropic,y,0.51,0.0792952,0.0420216,11098.2,43.1252,1328,na
1,isotropic,y,0.52,0.0808501,0.0435287,11116.3,43.204,1328,na
1,isotropic,y,0.53,0.0824049,0.0450272,11138.9,43.2983,1328,na
1,isotropic,y,0.54,0.0839597,0.0465156,11159.8,43.407,1328,na
1,isotropic,y,0.55,0.0855145,0.0479899,11191.7,43.5342,1328,na
1,isotropic,y,0.56,0.0870693,0.0494507,11228,43.6782,1328,na
1,isotropic,y,0.57,0.0886241,0.0508984,11268.5,43.838,1328,na
1,isotropic,y,0.58,0.0901789,0.0523297,11313.8,44.017,1328,na
1,isotropic,y,0.59,0.0917337,0.0537479,11363,44.2113,1328,na
1,isotropic,y,0.6,0.0932885,0.0551499,11417,44.4242,1328,na
1,isotropic,y,0.61,0.0948434,0.0565396,11474.5,44.6513,1328,na
1,isotropic,y,0.62,0.0963981,0.0579187,11535.1,44.8905,1328,na
1,isotropic,y,0.63,0.0979529,0.0592895,11593.9,45.1401,1328,na
1,isotropic,y,0.64,0.0995078,0.0606474,11660.9,45.4044,1328,na
1,isotropic,y,0.65,0.101063,0.0619984,11728.5,45.6772,1328,na
1,isotropic,y,0.66,0.102617,0.0633443,11799.4,45.9569,1328,na
1,isotropic,y,0.67,0.104172,0.0646855,11871.9,46.2429,1328,na
1,isotropic,y,0.68,0.105727,0.066018,11947,46.5391,1328,na
1,isotropic,y,0.69,0.107282,0.0673481,12021.6,46.8393,1328,na
1,isotropic,y,0.7,0.108837,0.068672,12099.5,47.1467,1328,na
1,isotropic,y,0.71,0.110391,0.0699908,12179.2,47.4608,1328,na
1,isotropic,y,0.72,0.111946,0.0713057,12260.2,47.7801,1328,na
1,isotropic,y,0.73,0.113501,0.072619,12338.6,48.102,1328,na
1,isotropic,y,0.74,0.115056,0.0739265,12422.1,48.4312,1328,na
1,isotropic,y,0.75,0.116611,0.0752347,12505.6,48.7607,1328,na
1,isotropic,y,0.76,0.118165,0.0765393,12586.8,49.0943,1328,na
1,isotropic,y,0.77,0.11972,0.0778421,12672.2,49.4314,1328,na
1,isotropic,y,0.78,0.121275,0.0791448,12756.2,49.7695,1328,na
1,isotropic,y,0.79,0.12283,0.0804449,12842.8,50.1113,1328,na
1,isotropic,y,0.8,0.124385,0.0817428,12928.4,50.4562,1328,na
1,isotropic,y,0.81,0.12594,0.0830398,13016.1,50.8028,1328,na
1,isotropic,y,0.82,0.127494,0.0843329,13105.1,51.1545,1328,na
1,isotropic,y,0.83,0.129049,0.085625,13194.6,51.508,1328,na
1,isotropic,y,0.84,0.130604,0.0869167,13284.3,51.8627,1328,na
1,isotropic,y,0.85,0.132159,0.0882064,13375,52.2206,1328,na
1,isotropic,y,0.86,0.133714,0.0894948,13465.9,52.5803,1328,na
1,isotropic,y,0.87,0.135268,0.0907837,13557.1,52.9407,1328,na
1,isotropic,y,0.88,0.136823,0.0920718,13648.5,53.3022,1328,na
1,isotropic,y,0.89,0.138378,0.0933615,13739.9,53.6633,1328,na
1,isotropic,y,0.9,0.139933,0.0946497,13831.8,54.0269,1328,na
1,isotropic,y,0.91,0.141488,0.0959329,13925.1,54.3959,1328,na
1,isotropic,y,0.92,0.143042,0.0972173,14018.2,54.7642,1328,na
1,isotropic,y,0.93,0.144597,0.0985006,14111.8,55.1348,1328,na
1,isotropic,y,0.94,0.146152,0.099784,14205.6,55.5059,1328,na
1,isotropic,y,0.95,0.147707,0.101065,14300.2,55.88,1328,na
1,isotropic,y,0.96,0.149262,0.102345,14393,56.2552,1328,na
1,isotropic,y,0.97,0.150816,0.103627,14483.9,56.63,1328,na
1,isotropic,y,0.98,0.152371,0.104909,14578.6,57.0057,1328,na
1,isotropic,y,0.99,0.153926,0.106188,14674.3,57.3846,1328,na
1,isotropic,y,1,0.155481,0.106733,14975.2,58.5283,1328,na
1,isotropic,y,1.01,0.157036,0.107461,15217,59.4648,1328,na
1,isotropic,y,1.02,0.158591,0.108254,15436.4,60.3198,1328,na
1,isotropic,y,1.03,0.160145,0.109099,15640.5,61.1176,1328,na
1,isotropic,y,1.04,0.1617,0.110022,15824.9,61.8405,1328,na
1,isotropic,y,1.05,0.163255,0.111012,15992.7,62.4999,1328,na
1,isotropic,y,1.06,0.16481,0.112056,16147.2,63.1082,1328,na
1,isotropic,y,1.07,0.166365,0.113142,16291.4,63.677,1328,na
1,isotropic,y,1.08,0.167919,0.114265,16427.2,64.2131,1328,na
1,isotropic,y,1.09,0.169474,0.115416,16551.9,64.7227,1328,na
1,isotropic,y,1.1,0.171029,0.11659,16675.5,65.2114,1328,na
1,isotropic,y,1.11,0.172584,0.117792,16793,65.6757,1328,na
1,isotropic,y,1.12,0.174139,0.119009,16906.5,66.1248,1328,na
1,isotropic,y,1.13,0.175693,0.120234,17018.3,66.5676,1328,na
1,isotropic,y,1.14,0.177248,0.121468,17128.3,67.0028,1328,na
1,isotropic,y,1.15,0.178803,0.122707,17237.1,67.4333,1328,na
1,isotropic,y,1.16,0.180358,0.123951,17344.5,67.8591,1328,na
1,isotropic,y,1.17,0.181913,0.125194,17451.4,68.2839,1328,na
1,isotropic,y,1.18,0.183467,0.12644,17558.4,68.7081,1328,na
1,isotropic,y,1.19,0.185022,0.127691,17665.1,69.1302,1328,na
1,isotropic,y,1.2,0.186577,0.12895,17769.6,69.5443,1328,na
1,isotropic,y,1.21,0.188132,0.130206,17874.7,69.9611,1328,na
1,isotropic,y,1.22,0.189687,0.131459,17978,70.3807,1328,na
1,isotropic,y,1.23,0.191241,0.132709,18084.6,70.8038,1328,na
1,isotropic,y,1.24,0.192796,0.133954,18193.2,71.2339,1328,na
1,isotropic,y,1.25,0.194351,0.135207,18299.8,71.6573,1328,na
1,isotropic,y,1.26,0.195906,0.136455,18407.8,72.0853,1328,na
1,isotropic,y,1.27,0.197461,0.137707,18515.1,72.5106,1328,na
1,isotropic,y,1.28,0.199016,0.13896,18621.9,72.9351,1328,na
1,isotropic,y,1.29,0.20057,0.140211,18728.8,73.3605,1328,na
1,isotropic,y,1.3,0.202125,0.141462,18836.7,73.7886,1328,na
1,isotropic,y,1.31,0.20368,0.142707,18945.6,74.2214,1328,na
1,isotropic,y,1.32,0.205235,0.143955,19054.6,74.6537,1328,na
1,isotropic,y,1.33,0.20679,0.1452,19163.7,75.0875,1328,na
1,isotropic,y,1.34,0.208344,0.146446,19267.7,75.521,1328,na
1,isotropic,y,1.35,0.209899,0.147689,19375.2,75.9584,1328,na
1,isotropic,y,1.36,0.211454,0.148936,19484.6,76.3931,1328,na
1,isotropic,y,1.37,0.213009,0.150183,19593.7,76.8279,1328,na
1,isotropic,y,1.38,0.214564,0.151427,19701.5,77.2666,1328,na
1,isotropic,y,1.39,0.216118,0.152673,19811.2,77.7034,1328,na
1,isotropic,y,1.4,0.217673,0.153915,19922.1,78.1446,1328,na
1,isotropic,y,1.41,0.219228,0.155155,20034.3,78.5903,1328,na
1,isotropic,y,1.42,0.220783,0.156394,20146.6,79.0367,1328,na
1,isotropic,y,1.43,0.222338,0.157634,20257.9,79.4809,1328,na
1,isotropic,y,1.44,0.223892,0.158869,20370.9,79.931,1328,na
1,isotropic,y,1.45,0.225447,0.160634,20294.9,79.7457,1328,na
1,isotropic,y,1.46,0.227002,0.162355,20247.3,79.6299,1328,na
1,isotropic,y,1.47,0.228557,0.163955,20244.8,79.6681,1328,na
1,isotropic,y,1.48,0.230112,0.165451,20281,79.8324,1328,na
1,isotropic,y,1.49,0.231667,0.166871,20341.8,80.0849,1328,na
1,isotropic,y,1.5,0.233221,0.168237,20419,80.398,1328,na
1,isotropic,y,1.51,0.234776,0.169562,20505,80.7546,1328,na
1,isotropic,y,1.52,0.236331,0.170861,20600.8,81.1384,1328,na
1,isotropic,y,1.53,0.237886,0.172144,20700.4,81.5384,1328,na
1,isotropic,y,1.54,0.239441,0.173413,20801.3,81.9536,1328,na
1,isotropic,y,1.55,0.240995,0.174672,20901.4,82.3775,1328,na
1,isotropic,y,1.56,0.24255,0.175921,21009.5,82.812,1328,na
1,isotropic,y,1.57,0.244105,0.177163,21119.5,83.2542,1328,na
1,isotropic,y,1.58,0.24566,0.178396,21231.8,83.7051,1328,na
1,isotropic,y,1.59,0.247215,0.179624,21342.4,84.1611,1328,na
1,isotropic,y,1.6,0.248769,0.180847,21457,84.6219,1328,na
1,isotropic,y,1.61,0.250324,0.182069,21572.4,85.0856,1328,na
1,isotropic,y,1.62,0.251879,0.183291,21688.3,85.5508,1328,na
1,isotropic,y,1.63,0.253434,0.184513,21801,86.0157,1328,na
1,isotropic,y,1.64,0.254989,0.185732,21914.1,86.4827,1328,na
1,isotropic,y,1.65,0.256543,0.186952,22030.4,86.9509,1328,na
1,isotropic,y,1.66,0.258098,0.188171,22147.2,87.4207,1328,na
1,isotropic,y,1.67,0.259653,0.189387,22264.5,87.8927,1328,na
1,isotropic,y,1.68,0.261208,0.190604,22382,88.3657,1328,na
1,isotropic,y,1.69,0.262763,0.191819,22496.7,88.8396,1328,na
1,isotropic,y,1.7,0.264317,0.193034,22614.6,89.3147,1328,na
1,isotropic,y,1.71,0.265872,0.19425,22732.6,89.7898,1328,na
1,isotropic,y,1.72,0.267427,0.195465,22850.7,90.2659,1328,na
1,isotropic,y,1.73,0.268982,0.196679,22968.9,90.7428,1328,na
1,isotropic,y,1.74,0.270537,0.197894,23087.4,91.2205,1328,na
1,isotropic,y,1.75,0.272092,0.199106,23206.6,91.701,1328,na
1,isotropic,y,1.76,0.273646,0.200321,23322.4,92.1803,1328,na
1,isotropic,y,1.77,0.275201,0.201535,23441.5,92.6604,1328,na
1,isotropic,y,1.78,0.276756,0.202747,23561.1,93.1429,1328,na
1,isotropic,y,1.79,0.278311,0.203957,23678.1,93.6277,1328,na
1,isotropic,y,1.8,0.279866,0.205166,23798.5,94.1131,1328,na
1,isotropic,y,1.81,0.28142,0.206375,23918.9,94.5996,1328,na
1,isotropic,y,1.82,0.282975,0.207584,24039.3,95.0863,1328,na
1,isotropic,y,1.83,0.28453,0.208794,24153.2,95.5726,1328,na
1,isotropic,y,1.84,0.286085,0.210004,24267.4,96.0597,1328,na
1,isotropic,y,1.85,0.28764,0.211214,24388,96.5475,1328,na
1,isotropic,y,1.86,0.289194,0.212424,24508.6,97.0357,1328,na
1,isotropic,y,1.87,0.290749,0.213632,24629.6,97.5255,1328,na
1,isotropic,y,1.88,0.292304,0.214837,24751.6,98.0188,1328,na
1,isotropic,y,1.89,0.293859,0.216045,24873.1,98.5108,1328,na
1,isotropic,y,1.9,0.295414,0.217251,24994.9,99.0039,1328,na
1,isotropic,y,1.91,0.296968,0.218456,25113.7,99.4983,1328,na
1,isotropic,y,1.92,0.298523,0.219662,25229.1,99.9929,1328,na
1,isotropic,y,1.93,0.300078,0.220866,25351.6,100.49,1328,na
1,isotropic,y,1.94,0.301633,0.22207,25474.2,100.987,1328,na
1,isotropic,y,1.95,0.303188,0.223274,25597.2,101.485,1328,na
1,isotropic,y,1.96,0.304743,0.224477,25720.5,101.985,1328,na
1,isotropic,y,1.97,0.306297,0.225681,25840,102.484,1328,na
1,isotropic,y,1.98,0.307852,0.226884,25956.7,102.985,1328,na
1,isotropic,y,1.99,0.309407,0.228085,26077.3,103.489,1328,na
1,isotropic,y,2,0.310962,0.229285,26201.3,103.992,1328,na
1,isotropic,y,2.01,0.312517,0.230484,26326,104.499,1328,na
1,isotropic,y,2.02,0.314071,0.231681,26450.6,105.005,1328,na
1,isotropic,y,2.03,0.315626,0.23288,26571.9,105.512,1328,na
1,isotropic,y,2.04,0.317181,0.234078,26696.9,106.02,1328,na
1,isotropic,y,2.05,0.318736,0.235275,26822.1,106.529,1328,na
1,isotropic,y,2.06,0.320291,0.236472,26940.3,107.039,1328,na
1,isotropic,y,2.07,0.321845,0.237667,27062.2,107.55,1328,na
1,isotropic,y,2.08,0.3234,0.238862,27188.1,108.062,1328,na
1,isotropic,y,2.09,0.324955,0.240058,27310.3,108.574,1328,na
1,isotropic,y,2.1,0.32651,0.241252,27432.8,109.088,1328,na
1,isotropic,y,2.11,0.328065,0.242447,27551.4,109.601,1328,na
1,isotropic,y,2.12,0.329619,0.24364,27677.9,110.117,1328,na
1,isotropic,y,2.13,0.331174,0.244833,27804.5,110.633,1328,na
1,isotropic,y,2.14,0.332729,0.246026,27923.8,111.15,1328,na
1,isotropic,y,2.15,0.334284,0.247219,28050.6,111.667,1328,na
1,isotropic,y,2.16,0.335839,0.248411,28177.8,112.186,1328,na
1,isotropic,y,2.17,0.337393,0.249602,28305.2,112.707,1328,na
1,isotropic,y,2.18,0.338948,0.250794,28432.5,113.227,1328,na
1,isotropic,y,2.19,0.340503,0.251982,28560.7,113.75,1328,na
1,isotropic,y,2.2,0.342058,0.253171,28688.8,114.274,1328,na
1,isotropic,y,2.21,0.343613,0.254359,28817.2,114.798,1328,na
1,isotropic,y,2.22,0.345168,0.255547,28945.7,115.323,1328,na
1,isotropic,y,2.23,0.346722,0.256734,29074.4,115.849,1328,na
1,isotropic,y,2.24,0.348277,0.257921,29203.3,116.376,1328,na
1,isotropic,y,2.25,0.349832,0.259108,29332.5,116.904,1328,na
1,isotropic,y,2.26,0.351387,0.260295,29457.6,117.432,1328,na
1,isotropic,y,2.27,0.352942,0.261481,29582.8,117.96,1328,na
1,isotropic,y,2.28,0.354496,0.262668,29711.7,118.488,1328,na
1,isotropic,y,2.29,0.356051,0.263853,29841.6,119.02,1328,na
1,isotropic,y,2.3,0.357606,0.265035,29971.4,119.552,1328,na
1,isotropic,y,2.31,0.359161,0.266218,30093.7,120.086,1328,na
1,isotropic,y,2.32,0.360716,0.267402,30223.9,120.619,1328,na
1,isotropic,y,2.33,0.36227,0.268585,30354.3,121.153,1328,na
1,isotropic,y,2.34,0.363825,0.26977,30484.3,121.687,1328,na
1,isotropic,y,2.35,0.36538,0.270953,30614.8,122.222,1328,na
1,isotropic,y,2.36,0.366935,0.272131,30746.1,122.761,1328,na
1,isotropic,y,2.37,0.36849,0.27331,30878,123.301,1328,na
1,isotropic,y,2.38,0.370044,0.274488,31009.6,123.841,1328,na
1,isotropic,y,2.39,0.371599,0.275666,31141,124.381,1328,na
2,anisotropic,x,0,0,0,0,0,1328,y
2,anisotropic,x,0,0,2.98023e-08,0.00870007,3.35276e-05,1328,y
2,anisotropic,x,0.01,0.00155482,8.9407e-08,453.891,1.74917,1328,y
2,anisotropic,x,0.02,0.0031096,8.82528e-05,881.805,3.39903,1328,y
2,anisotropic,x,0.03,0.00466442,0.000306711,1271.1,4.90244,1328,y
2,anisotropic,x,0.04,0.00621924,0.000674661,1615.75,6.23768,1328,y
2,anisotropic,x,0.05,0.00777406,0.00119711,1912.28,7.39912,1328,y
2,anisotropic,x,0.06,0.00932884,0.00186885,2164.75,8.39258,1328,y
2,anisotropic,x,0.07,0.0108837,0.00267799,2373.46,9.23153,1328,y
2,anisotropic,x,0.08,0.0124385,0.00360909,2543.88,9.93329,1328,y
2,anisotropic,x,0.09,0.0139933,0.00464539,2683.13,10.5168,1328,y
2,anisotropic,x,0.1,0.0155481,0.00577024,2796.51,11.0006,1328,y
2,anisotropic,x,0.11,0.0171029,0.00696832,2886.95,11.4022,1328,y
2,anisotropic,x,0.12,0.0186577,0.00822596,2957.77,11.7368,1328,y
2,anisotropic,x,0.13,0.0202125,0.00953118,3016.47,12.018,1328,y
2,anisotropic,x,0.14,0.0217673,0.0108741,3063.33,12.2569,1328,y
2,anisotropic,x,0.15,0.0233221,0.0122463,3102.93,12.4628,1328,y
2,anisotropic,x,0.16,0.024877,0.0136415,3136.03,12.643,1328,y
2,anisotropic,x,0.17,0.0264317,0.0150542,3162.5,12.8035,1328,y
2,anisotropic,x,0.18,0.0279866,0.0164802,3183.6,12.9491,1328,y
2,anisotropic,x,0.19,0.0295414,0.0179166,3203.62,13.0832,1328,y
2,anisotropic,x,0.2,0.0310962,0.0193608,3219.02,13.2086,1328,y
2,anisotropic,x,0.21,0.032651,0.0208109,3234.24,13.3273,1328,y
2,anisotropic,x,0.22,0.0342058,0.0222655,3248.54,13.4411,1328,y
2,anisotropic,x,0.23,0.0357606,0.0237238,3259.83,13.5508,1328,y
2,anisotropic,x,0.24,0.0373154,0.0251849,3267.86,13.6574,1328,y
2,anisotropic,x,0.25,0.0388702,0.0266483,3277.81,13.7615,1328,y
2,anisotropic,x,0.26,0.040425,0.0281135,3288.07,13.8637,1328,y
2,anisotropic,x,0.27,0.0419798,0.0295804,3295.98,13.964,1328,y
2,anisotropic,x,0.28,0.0435346,0.0310485,3307.15,14.0631,1328,y
2,anisotropic,x,0.29,0.0450895,0.0325177,3315.06,14.161,1328,y
2,anisotropic,x,0.3,0.0466443,0.0339879,3324.11,14.2579,1328,y
2,anisotropic,x,0.31,0.0481991,0.0354591,3331.88,14.3538,1328,y
2,anisotropic,x,0.32,0.0497539,0.0369311,3341.69,14.4488,1328,y
2,anisotropic,x,0.33,0.0513087,0.0384039,3348.24,14.5432,1328,y
2,anisotropic,x,0.34,0.0528635,0.0398774,3355.46,14.6367,1328,y
2,anisotropic,x,0.35,0.0544183,0.0413515,3360.93,14.7297,1328,y
2,anisotropic,x,0.36,0.0559731,0.0428263,3360.21,14.822,1328,y
2,anisotropic,x,0.37,0.0575279,0.0443016,3364.61,14.9139,1328,y
2,anisotropic,x,0.38,0.0590827,0.0457777,3371.32,15.005,1328,y
2,anisotropic,x,0.39,0.0606375,0.047254,3378.92,15.0958,1328,y
2,anisotropic,x,0.4,0.0621924,0.0487309,3384.81,15.1863,1328,y
2,anisotropic,x,0.41,0.0637472,0.0502083,3392.07,15.2762,1328,y
2,anisotropic,x,0.42,0.065302,0.0516862,3396.62,15.3656,1328,y
2,anisotropic,x,0.43,0.0668568,0.0531644,3401.54,15.4549,1328,y
2,anisotropic,x,0.44,0.0684116,0.0546431,3407.77,15.5435,1328,y
2,anisotropic,x,0.45,0.0699664,0.0561222,3413.37,15.6319,1328,y
2,anisotropic,x,0.46,0.0715212,0.0576016,3420.47,15.72,1328,y
2,anisotropic,x,0.47,0.073076,0.0590813,3425.34,15.8079,1328,y
2,anisotropic,x,0.48,0.0746308,0.0605612,3431.13,15.8956,1328,y
2,anisotropic,x,0.49,0.0761856,0.0620415,3431.99,15.9831,1328,y
2,anisotropic,x,0.5,0.0777404,0.0635219,3438.18,16.0705,1328,y
2,anisotropic,x,0.51,0.0792953,0.0650026,3443.3,16.1577,1328,y
2,anisotropic,x,0.52,0.0808501,0.0664835,3449.31,16.2446,1328,y
2,anisotropic,x,0.53,0.0824049,0.0679645,3450.84,16.3315,1328,y
2,anisotropic,x,0.54,0.0839597,0.0694458,3451.72,16.4182,1328,y
2,anisotropic,x,0.55,0.0855145,0.0709273,3454.63,16.5048,1328,y
2,anisotropic,x,0.56,0.0870693,0.0724088,3460.72,16.5914,1328,y
2,anisotropic,x,0.57,0.0886241,0.0738906,3463.38,16.6779,1328,y
2,anisotropic,x,0.58,0.0901789,0.0753724,3465.9,16.7643,1328,y
2,anisotropic,x,0.59,0.0917338,0.0768544,3471.65,16.8506,1328,y
2,anisotropic,x,0.6,0.0932885,0.0783363,3477.34,16.937,1328,y
2,anisotropic,x,0.61,0.0948433,0.0798183,3476.2,17.0235,1328,y
2,anisotropic,x,0.62,0.0963982,0.0813005,3479.93,17.1098,1328,y
2,anisotropic,x,0.63,0.097953,0.0827826,3482.4,17.1962,1328,y
2,anisotropic,x,0.64,0.0995077,0.0842648,3484.77,17.2825,1328,y
2,anisotropic,x,0.65,0.101063,0.0857471,3488.75,17.3689,1328,y
2,anisotropic,x,0.66,0.102617,0.0872294,3490.92,17.4552,1328,y
2,anisotropic,x,0.67,0.104172,0.0887116,3486.09,17.5417,1328,y
2,anisotropic,x,0.68,0.105727,0.0901938,3486.97,17.6284,1328,y
2,anisotropic,x,0.69,0.107282,0.0916761,3491.19,17.7149,1328,y
2,anisotropic,x,0.7,0.108837,0.0931583,3493.65,17.8015,1328,y
2,anisotropic,x,0.71,0.110391,0.0946405,3495,17.8883,1328,y
2,anisotropic,x,0.72,0.111946,0.0961225,3492.66,17.9753,1328,y
2,anisotropic,x,0.73,0.113501,0.0976046,3497.47,18.0621,1328,y
2,anisotropic,x,0.74,0.115056,0.0990868,3496.27,18.1491,1328,y
2,anisotropic,x,0.75,0.116611,0.100569,3494.47,18.2363,1328,y
2,anisotropic,x,0.76,0.118165,0.102051,3496.3,18.3236,1328,y
2,anisotropic,x,0.77,0.11972,0.103532,3498.05,18.411,1328,y
2,anisotropic,x,0.78,0.121275,0.105014,3502.25,18.4986,1328,y
2,anisotropic,x,0.79,0.12283,0.106496,3506.42,18.5865,1328,y
2,anisotropic,x,0.8,0.124385,0.107977,3508.02,18.6744,1328,y
2,anisotropic,x,0.81,0.12594,0.109458,3509.55,18.7624,1328,y
2,anisotropic,x,0.82,0.127494,0.11094,3509.24,18.8507,1328,y
2,anisotropic,x,0.83,0.129049,0.112421,3508.2,18.9389,1328,y
2,anisotropic,x,0.84,0.130604,0.113902,3512.69,19.0272,1328,y
2,anisotropic,x,0.85,0.132159,0.115383,3513.38,19.1157,1328,y
2,anisotropic,x,0.86,0.133714,0.116864,3513.4,19.2045,1328,y
2,anisotropic,x,0.87,0.135268,0.118345,3517.85,19.2935,1328,y
2,anisotropic,x,0.88,0.136823,0.119825,3521.75,19.3824,1328,y
2,anisotropic,x,0.89,0.138378,0.121306,3520.54,19.4717,1328,y
2,anisotropic,x,0.9,0.139933,0.122786,3522.56,19.5612,1328,y
2,anisotropic,x,0.91,0.141488,0.124266,3526.64,19.6508,1328,y
2,anisotropic,x,0.92,0.143042,0.125746,3528.87,19.7407,1328,y
2,anisotropic,x,0.93,0.144597,0.127226,3531.07,19.8309,1328,y
2,anisotropic,x,0.94,0.146152,0.128705,3532.74,19.9211,1328,y
2,anisotropic,x,0.95,0.147707,0.130185,3532.51,20.0116,1328,y
2,anisotropic,x,0.96,0.149262,0.131664,3537.84,20.1025,1328,y
2,anisotropic,x,0.97,0.150816,0.133143,3540.39,20.1934,1328,y
2,anisotropic,x,0.98,0.152371,0.134622,3538.07,20.2842,1328,y
2,anisotropic,x,0.99,0.153926,0.136101,3539.11,20.3757,1328,y
2,anisotropic,x,1,0.155481,0.137579,3537.4,20.4673,1328,y
2,anisotropic,x,1.01,0.157036,0.139058,3540.54,20.559,1328,y
2,anisotropic,x,1.02,0.15859,0.140536,3542.29,20.651,1328,y
2,anisotropic,x,1.03,0.160145,0.142014,3545.35,20.7434,1328,y
2,anisotropic,x,1.04,0.1617,0.143492,3544.78,20.8356,1328,y
2,anisotropic,x,1.05,0.163255,0.144969,3546.29,20.9282,1328,y
2,anisotropic,x,1.06,0.16481,0.146446,3549.21,21.0213,1328,y
2,anisotropic,x,1.07,0.166365,0.147924,3552.82,21.1145,1328,y
2,anisotropic,x,1.08,0.167919,0.1494,3557.16,21.208,1328,y
2,anisotropic,x,1.09,0.169474,0.150877,3562.21,21.3019,1328,y
2,anisotropic,x,1.1,0.171029,0.152353,3566.54,21.396,1328,y
2,anisotropic,x,1.11,0.172584,0.15383,3567.99,21.4902,1328,y
2,anisotropic,x,1.12,0.174139,0.155306,3569.57,21.5848,1328,y
2,anisotropic,x,1.13,0.175693,0.156781,3571.21,21.6795,1328,y
2,anisotropic,x,1.14,0.177248,0.158257,3576.5,21.7741,1328,y
2,anisotropic,x,1.15,0.178803,0.159733,3576.78,21.8694,1328,y
2,anisotropic,x,1.16,0.180358,0.161208,3567.58,21.9651,1328,y
2,anisotropic,x,1.17,0.181913,0.162682,3569.25,22.061,1328,y
2,anisotropic,x,1.18,0.183467,0.164157,3572.27,22.1569,1328,y
2,anisotropic,x,1.19,0.185022,0.165632,3573.71,22.2531,1328,y
2,anisotropic,x,1.2,0.186577,0.167106,3578.78,22.3496,1328,y
2,anisotropic,x,1.21,0.188132,0.16858,3576.32,22.4464,1328,y
2,anisotropic,x,1.22,0.189687,0.170054,3573.75,22.5433,1328,y
2,anisotropic,x,1.23,0.191241,0.171528,3575.67,22.6404,1328,y
2,anisotropic,x,1.24,0.192796,0.173001,3576.94,22.738,1328,y
2,anisotropic,x,1.25,0.194351,0.174474,3576.64,22.836,1328,y
2,anisotropic,x,1.26,0.195906,0.175947,3577.11,22.934,1328,y
2,anisotropic,x,1.27,0.197461,0.17742,3582.37,23.0325,1328,y
2,anisotropic,x,1.28,0.199016,0.178892,3585.39,23.1314,1328,y
2,anisotropic,x,1.29,0.20057,0.180364,3590.73,23.2305,1328,y
2,anisotropic,x,1.3,0.202125,0.181836,3595.3,23.3296,1328,y
2,anisotropic,x,1.31,0.20368,0.183308,3594.41,23.4292,1328,y
2,anisotropic,x,1.32,0.205235,0.184779,3599.7,23.5289,1328,y
2,anisotropic,x,1.33,0.20679,0.186251,3598.73,23.6289,1328,y
2,anisotropic,x,1.34,0.208344,0.187722,3602.49,23.7292,1328,y
2,anisotropic,x,1.35,0.209899,0.189192,3603.86,23.8299,1328,y
2,anisotropic,x,1.36,0.211454,0.190663,3600.54,23.9308,1328,y
2,anisotropic,x,1.37,0.213009,0.192133,3603.54,24.0323,1328,y
2,anisotropic,x,1.38,0.214564,0.193603,3605.77,24.1338,1328,y
2,anisotropic,x,1.39,0.216118,0.195073,3610.48,24.2356,1328,y
2,anisotropic,x,1.4,0.217673,0.196542,3610.26,24.3377,1328,y
2,anisotropic,x,1.41,0.219228,0.198011,3602.58,24.44,1328,y
2,anisotropic,x,1.42,0.220783,0.19948,3599.65,24.5426,1328,y
2,anisotropic,x,1.43,0.222338,0.200949,3600.76,24.6452,1328,y
2,anisotropic,x,1.44,0.223892,0.202418,3604.33,24.7482,1328,y
2,anisotropic,x,1.45,0.225447,0.203886,3608.71,24.8518,1328,y
2,anisotropic,x,1.46,0.227002,0.205354,3613.84,24.9555,1328,y
2,anisotropic,x,1.47,0.228557,0.206821,3618.92,25.0597,1328,y
2,anisotropic,x,1.48,0.230112,0.208289,3623.92,25.164,1328,y
2,anisotropic,x,1.49,0.231667,0.209756,3627.25,25.2688,1328,y
2,anisotropic,x,1.5,0.233221,0.211222,3627.16,25.374,1328,y
2,anisotropic,x,1.51,0.234776,0.212689,3631.3,25.4794,1328,y
2,anisotropic,x,1.52,0.236331,0.214155,3631.11,25.5851,1328,y
2,anisotropic,x,1.53,0.237886,0.215621,3629.96,25.691,1328,y
2,anisotropic,x,1.54,0.239441,0.217087,3632.18,25.7971,1328,y
2,anisotropic,x,1.55,0.240995,0.218552,3635.26,25.9034,1328,y
2,anisotropic,x,1.56,0.24255,0.220018,3639.27,26.0102,1328,y
2,anisotropic,x,1.57,0.244105,0.221483,3642.33,26.1171,1328,y
2,anisotropic,x,1.58,0.24566,0.222947,3643.61,26.2243,1328,y
2,anisotropic,x,1.59,0.247215,0.224412,3648.34,26.3319,1328,y
2,anisotropic,x,1.6,0.248769,0.225876,3647.71,26.4399,1328,y
2,anisotropic,x,1.61,0.250324,0.227339,3648.76,26.5483,1328,y
2,anisotropic,x,1.62,0.251879,0.228802,3646.2,26.6572,1328,y
2,anisotropic,x,1.63,0.253434,0.230265,3645.35,26.7662,1328,y
2,anisotropic,x,1.64,0.254989,0.231728,3642.65,26.8756,1328,y
2,anisotropic,x,1.65,0.256543,0.233191,3644.39,26.9854,1328,y
2,anisotropic,x,1.66,0.258098,0.234653,3647.08,27.0956,1328,y
2,anisotropic,x,1.67,0.259653,0.236114,3650.62,27.2063,1328,y
2,anisotropic,x,1.68,0.261208,0.237576,3645.87,27.3172,1328,y
2,anisotropic,x,1.69,0.262763,0.239036,3646.57,27.4288,1328,y
2,anisotropic,x,1.7,0.264318,0.240497,3650.84,27.5406,1328,y
2,anisotropic,x,1.71,0.265872,0.241957,3655.08,27.6527,1328,y
2,anisotropic,x,1.72,0.267427,0.243417,3657.55,27.7653,1328,y
2,anisotropic,x,1.73,0.268982,0.244877,3660.94,27.8783,1328,y
2,anisotropic,x,1.74,0.270537,0.246336,3658.69,27.9916,1328,y
2,anisotropic,x,1.75,0.272092,0.247796,3662.92,28.1052,1328,y
2,anisotropic,x,1.76,0.273646,0.249254,3667.18,28.2193,1328,y
2,anisotropic,x,1.77,0.275201,0.250713,3671.49,28.3339,1328,y
2,anisotropic,x,1.78,0.276756,0.252171,3675.72,28.4486,1328,y
2,anisotropic,x,1.79,0.278311,0.253629,3680,28.5638,1328,y
2,anisotropic,x,1.8,0.279866,0.255086,3681.43,28.6793,1328,y
2,anisotropic,x,1.81,0.28142,0.256544,3685.7,28.7952,1328,y
2,anisotropic,x,1.82,0.282975,0.258001,3689.95,28.9113,1328,y
2,anisotropic,x,1.83,0.28453,0.259457,3689.34,29.0279,1328,y
2,anisotropic,x,1.84,0.286085,0.260914,3693.49,29.145,1328,y
2,anisotropic,x,1.85,0.28764,0.26237,3696.66,29.2622,1328,y
2,anisotropic,x,1.86,0.289194,0.263826,3700.78,29.3799,1328,y
2,anisotropic,x,1.87,0.290749,0.265281,3702.87,29.4979,1328,y
2,anisotropic,x,1.88,0.292304,0.266736,3699.97,29.6166,1328,y
2,anisotropic,x,1.89,0.293859,0.268191,3703.87,29.7353,1328,y
2,anisotropic,x,1.9,0.295414,0.269645,3707.74,29.8544,1328,y
2,anisotropic,x,1.91,0.296969,0.2711,3711.83,29.9741,1328,y
2,anisotropic,x,1.92,0.298523,0.272553,3711.9,30.094,1328,y
2,anisotropic,x,1.93,0.300078,0.274007,3715.98,30.2141,1328,y
2,anisotropic,x,1.94,0.301633,0.27546,3718.02,30.3347,1328,y
2,anisotropic,x,1.95,0.303188,0.276913,3722.04,30.4557,1328,y
2,anisotropic,x,1.96,0.304743,0.278366,3726.02,30.5771,1328,y
2,anisotropic,x,1.97,0.306297,0.279818,3728.92,30.6987,1328,y
2,anisotropic,x,1.98,0.307852,0.28127,3729.75,30.8208,1328,y
2,anisotropic,x,1.99,0.309407,0.282721,3729.58,30.9433,1328,y
2,anisotropic,x,2,0.310962,0.284173,3729.44,31.0664,1328,y
2,anisotropic,x,2.01,0.312517,0.285623,3732.35,31.1897,1328,y
2,anisotropic,x,2.02,0.314071,0.287074,3736.28,31.3133,1328,y
2,anisotropic,x,2.03,0.315626,0.288524,3740.21,31.4375,1328,y
2,anisotropic,x,2.04,0.317181,0.289974,3744.07,31.5619,1328,y
2,anisotropic,x,2.05,0.318736,0.291423,3745.73,31.6866,1328,y
2,anisotropic,x,2.06,0.320291,0.292872,3745.29,31.8119,1328,y
2,anisotropic,x,2.07,0.321845,0.294321,3744.75,31.9374,1328,y
2,anisotropic,x,2.08,0.3234,0.29577,3746.33,32.0634,1328,y
2,anisotropic,x,2.09,0.324955,0.297218,3749.96,32.1897,1328,y
2,anisotropic,x,2.1,0.32651,0.298666,3752.52,32.3165,1328,y
2,anisotropic,x,2.11,0.328065,0.300113,3748.64,32.4435,1328,y
2,anisotropic,x,2.12,0.329619,0.30156,3749.09,32.5714,1328,y
2,anisotropic,x,2.13,0.331174,0.303006,3750.58,32.6994,1328,y
2,anisotropic,x,2.14,0.332729,0.304453,3754.25,32.8279,1328,y
2,anisotropic,x,2.15,0.334284,0.305898,3758.03,32.9569,1328,y
2,anisotropic,x,2.16,0.335839,0.307344,3761.84,33.0865,1328,y
2,anisotropic,x,2.17,0.337394,0.308788,3764.55,33.2164,1328,y
2,anisotropic,x,2.18,0.338948,0.310233,3768.36,33.3469,1328,y
2,anisotropic,x,2.19,0.340503,0.311677,3767.69,33.478,1328,y
2,anisotropic,x,2.2,0.342058,0.31312,3769.15,33.6093,1328,y
2,anisotropic,x,2.21,0.343613,0.314564,3769.46,33.741,1328,y
2,anisotropic,x,2.22,0.345168,0.316006,3770.96,33.8734,1328,y
2,anisotropic,x,2.23,0.346722,0.317449,3774.69,34.0062,1328,y
2,anisotropic,x,2.24,0.348277,0.318891,3778.39,34.1396,1328,y
2,anisotropic,x,2.25,0.349832,0.320332,3782.08,34.2734,1328,y
2,anisotropic,x,2.26,0.351387,0.321773,3783.55,34.4079,1328,y
2,anisotropic,x,2.27,0.352942,0.323214,3787.45,34.5426,1328,y
2,anisotropic,x,2.28,0.354496,0.324654,3784.46,34.6779,1328,y
2,anisotropic,x,2.29,0.356051,0.326094,3787.17,34.8139,1328,y
2,anisotropic,x,2.3,0.357606,0.327533,3786.36,34.9503,1328,y
2,anisotropic,x,2.31,0.359161,0.328972,3788.96,35.0871,1328,y
2,anisotropic,x,2.32,0.360716,0.330411,3790.55,35.2245,1328,y
2,anisotropic,x,2.33,0.36227,0.33185,3792.1,35.3619,1328,y
2,anisotropic,x,2.34,0.363825,0.333288,3794.83,35.5001,1328,y
2,anisotropic,x,2.35,0.36538,0.334725,3797.48,35.6386,1328,y
2,anisotropic,x,2.36,0.366935,0.336162,3801.26,35.7777,1328,y
2,anisotropic,x,2.37,0.36849,0.3376,3801.42,35.917,1328,y
2,anisotropic,x,2.38,0.370045,0.339036,3802.74,36.057,1328,y
2,anisotropic,x,2.39,0.371599,0.340472,3805.14,36.1972,1328,y
3,anisotropic,y,0,0,0,0,0,1328,y
3,anisotropic,y,0,0,2.98023e-08,0.00870007,3.35276e-05,1328,y
3,anisotropic,y,0.01,0.00155482,8.9407e-08,453.918,1.74927,1328,y
3,anisotropic,y,0.02,0.0031096,7.98236e-05,884.424,3.40852,1328,y
3,anisotropic,y,0.03,0.00466442,0.000281052,1279.37,4.93134,1328,y
3,anisotropic,y,0.04,0.00621924,0.000623333,1632.88,6.29553,1328,y
3,anisotropic,y,0.05,0.00777406,0.00111237,1943.21,7.49467,1328,y
3,anisotropic,y,0.06,0.00932884,0.00174438,2209.41,8.533,1328,y
3,anisotropic,y,0.07,0.0108837,0.00251004,2437.37,9.42111,1328,y
3,anisotropic,y,0.08,0.0124385,0.00339707,2630.16,10.1728,1328,y
3,anisotropic,y,0.09,0.0139933,0.00439188,2789.02,10.8033,1328,y
3,anisotropic,y,0.1,0.0155481,0.0054805,2919.65,11.3284,1328,y
3,anisotropic,y,0.11,0.0171029,0.00664944,3029.18,11.7632,1328,y
3,anisotropic,y,0.12,0.0186577,0.00788626,3115.93,12.1218,1328,y
3,anisotropic,y,0.13,0.0202125,0.00917971,3187.95,12.4168,1328,y
3,anisotropic,y,0.14,0.0217673,0.0105196,3244.6,12.6596,1328,y
3,anisotropic,y,0.15,0.0233221,0.0118977,3291.72,12.8597,1328,y
3,anisotropic,y,0.16,0.024877,0.0133064,3328.54,13.0254,1328,y
3,anisotropic,y,0.17,0.0264317,0.0147398,3358.91,13.1633,1328,y
3,anisotropic,y,0.18,0.0279866,0.0161926,3382.25,13.2795,1328,y
3,anisotropic,y,0.19,0.0295414,0.0176613,3402.66,13.3779,1328,y
3,anisotropic,y,0.2,0.0310962,0.0191417,3418.25,13.4632,1328,y
3,anisotropic,y,0.21,0.032651,0.0206312,3432.49,13.5384,1328,y
3,anisotropic,y,0.22,0.0342058,0.0221275,3443.81,13.606,1328,y
3,anisotropic,y,0.23,0.0357606,0.0236288,3454.97,13.6681,1328,y
3,anisotropic,y,0.24,0.0373154,0.0251335,3462.78,13.7263,1328,y
3,anisotropic,y,0.25,0.0388702,0.0266408,3472.12,13.7818,1328,y
3,anisotropic,y,0.26,0.040425,0.0281497,3481.36,13.8355,1328,y
3,anisotropic,y,0.27,0.0419798,0.0296599,3489.31,13.8879,1328,y
3,anisotropic,y,0.28,0.0435346,0.0311704,3496.62,13.94,1328,y
3,anisotropic,y,0.29,0.0450895,0.0326812,3505.23,13.9919,1328,y
3,anisotropic,y,0.3,0.0466443,0.0341916,3513.89,14.0443,1328,y
3,anisotropic,y,0.31,0.0481991,0.0357017,3522.6,14.0972,1328,y
3,anisotropic,y,0.32,0.0497539,0.0372113,3531.39,14.1505,1328,y
3,anisotropic,y,0.33,0.0513087,0.0387203,3538.43,14.2047,1328,y
3,anisotropic,y,0.34,0.0528635,0.040229,3543.12,14.2594,1328,y
3,anisotropic,y,0.35,0.0544183,0.0417371,3551.71,14.3147,1328,y
3,anisotropic,y,0.36,0.0559731,0.0432448,3560.84,14.3705,1328,y
3,anisotropic,y,0.37,0.0575279,0.0447521,3568.62,14.427,1328,y
3,anisotropic,y,0.38,0.0590827,0.0462589,3577.92,14.484,1328,y
3,anisotropic,y,0.39,0.0606375,0.0477655,3586.24,14.5411,1328,y
3,anisotropic,y,0.4,0.0621924,0.0492716,3595.67,14.5991,1328,y
3,anisotropic,y,0.41,0.0637472,0.0507771,3603.74,14.6577,1328,y
3,anisotropic,y,0.42,0.065302,0.0522823,3613.32,14.7166,1328,y
3,anisotropic,y,0.43,0.0668568,0.0537873,3619.46,14.7758,1328,y
3,anisotropic,y,0.44,0.0684116,0.0552924,3626.02,14.835,1328,y
3,anisotropic,y,0.45,0.0699664,0.0567973,3635.52,14.8944,1328,y
3,anisotropic,y,0.46,0.0715212,0.0583019,3644.53,14.9542,1328,y
3,anisotropic,y,0.47,0.073076,0.0598063,3653.02,15.0142,1328,y
3,anisotropic,y,0.48,0.0746308,0.0613105,3662.51,15.0744,1328,y
3,anisotropic,y,0.49,0.0761856,0.0628149,3671.89,15.1345,1328,y
3,anisotropic,y,0.5,0.0777405,0.0643191,3681.29,15.1949,1328,y
3,anisotropic,y,0.51,0.0792952,0.0658235,3689.09,15.255,1328,y
3,anisotropic,y,0.52,0.08085,0.0673276,3695.85,15.3154,1328,y
3,anisotropic,y,0.53,0.0824049,0.0688316,3703.12,15.376,1328,y
3,anisotropic,y,0.54,0.0839597,0.0703358,3711.81,15.4365,1328,y
3,anisotropic,y,0.55,0.0855145,0.0718398,3720.97,15.497,1328,y
3,anisotropic,y,0.56,0.0870693,0.073344,3729.04,15.5574,1328,y
3,anisotropic,y,0.57,0.0886241,0.0748481,3738.11,15.6179,1328,y
3,anisotropic,y,0.58,0.0901789,0.0763522,3746.08,15.6785,1328,y
3,anisotropic,y,0.59,0.0917337,0.0778563,3755.03,15.7391,1328,y
3,anisotropic,y,0.6,0.0932885,0.0793606,3763.34,15.7994,1328,y
3,anisotropic,y,0.61,0.0948434,0.0808648,3771.1,15.8599,1328,y
3,anisotropic,y,0.62,0.0963981,0.0823693,3779.81,15.9201,1328,y
3,anisotropic,y,0.63,0.0979529,0.0838735,3788.01,15.9805,1328,y
3,anisotropic,y,0.64,0.0995078,0.0853779,3795.03,16.0408,1328,y
3,anisotropic,y,0.65,0.101063,0.0868821,3802.02,16.1013,1328,y
3,anisotropic,y,0.66,0.102617,0.0883862,3810.03,16.1619,1328,y
3,anisotropic,y,0.67,0.104172,0.0898906,3818.42,16.2221,1328,y
3,anisotropic,y,0.68,0.105727,0.0913949,3825.71,16.2826,1328,y
3,anisotropic,y,0.69,0.107282,0.0928994,3832.9,16.3428,1328,y
3,anisotropic,y,0.7,0.108837,0.0944038,3841.07,16.403,1328,y
3,anisotropic,y,0.71,0.110391,0.0959081,3849.24,16.4634,1328,y
3,anisotropic,y,0.72,0.111946,0.0974126,3857.33,16.5237,1328,y
3,anisotropic,y,0.73,0.113501,0.0989171,3863.66,16.5838,1328,y
3,anisotropic,y,0.74,0.115056,0.100422,3870.52,16.6441,1328,y
3,anisotropic,y,0.75,0.116611,0.101926,3877.4,16.7046,1328,y
3,anisotropic,y,0.76,0.118165,0.10343,3879.69,16.7648,1328,y
3,anisotropic,y,0.77,0.11972,0.104935,3885.31,16.8252,1328,y
3,anisotropic,y,0.78,0.121275,0.106439,3893.08,16.8855,1328,y
3,anisotropic,y,0.79,0.12283,0.107943,3900.83,16.946,1328,y
3,anisotropic,y,0.8,0.124385,0.109448,3905.08,17.0064,1328,y
3,anisotropic,y,0.81,0.12594,0.110952,3912.13,17.0669,1328,y
3,anisotropic,y,0.82,0.127494,0.112456,3919.69,17.1273,1328,y
3,anisotropic,y,0.83,0.129049,0.11396,3927.21,17.188,1328,y
3,anisotropic,y,0.84,0.130604,0.115464,3931.23,17.2486,1328,y
3,anisotropic,y,0.85,0.132159,0.116969,3938.61,17.3091,1328,y
3,anisotropic,y,0.86,0.133714,0.118473,3945.96,17.3698,1328,y
3,anisotropic,y,0.87,0.135268,0.119977,3952.08,17.4305,1328,y
3,anisotropic,y,0.88,0.136823,0.121481,3959.32,17.4913,1328,y
3,anisotropic,y,0.89,0.138378,0.122985,3963.53,17.552,1328,y
3,anisotropic,y,0.9,0.139933,0.124489,3970.02,17.6127,1328,y
3,anisotropic,y,0.91,0.141488,0.125992,3975.97,17.6735,1328,y
3,anisotropic,y,0.92,0.143042,0.127496,3983.01,17.7343,1328,y
3,anisotropic,y,0.93,0.144597,0.129,3988.84,17.7952,1328,y
3,anisotropic,y,0.94,0.146152,0.130504,3995.83,17.8563,1328,y
3,anisotropic,y,0.95,0.147707,0.132007,4001.59,17.9174,1328,y
3,anisotropic,y,0.96,0.149262,0.133511,4007.88,17.9785,1328,y
3,anisotropic,y,0.97,0.150816,0.135014,4012.96,18.0398,1328,y
3,anisotropic,y,0.98,0.152371,0.136518,4018.55,18.1011,1328,y
3,anisotropic,y,0.99,0.153926,0.138021,4021.64,18.1623,1328,y
3,anisotropic,y,1,0.155481,0.139525,4028.38,18.2236,1328,y
3,anisotropic,y,1.01,0.157036,0.141028,4032.11,18.2854,1328,y
3,anisotropic,y,1.02,0.158591,0.142531,4038.21,18.3471,1328,y
3,anisotropic,y,1.03,0.160145,0.144034,4044.86,18.4088,1328,y
3,anisotropic,y,1.04,0.1617,0.145537,4047.22,18.4708,1328,y
3,anisotropic,y,1.05,0.163255,0.14704,4051.29,18.5325,1328,y
3,anisotropic,y,1.06,0.16481,0.148542,4057.16,18.5943,1328,y
3,anisotropic,y,1.07,0.166365,0.150045,4061.78,18.6564,1328,y
3,anisotropic,y,1.08,0.167919,0.151548,4064.42,18.7184,1328,y
3,anisotropic,y,1.09,0.169474,0.15305,4068.23,18.7805,1328,y
3,anisotropic,y,1.1,0.171029,0.154553,4069.52,18.8431,1328,y
3,anisotropic,y,1.11,0.172584,0.156055,4073.23,18.9055,1328,y
3,anisotropic,y,1.12,0.174139,0.157557,4079.39,18.968,1328,y
3,anisotropic,y,1.13,0.175693,0.159059,4083.61,19.0306,1328,y
3,anisotropic,y,1.14,0.177248,0.160561,4089.05,19.0934,1328,y
3,anisotropic,y,1.15,0.178803,0.162063,4095.07,19.1563,1328,y
