runName,step,nu,volume,volume_ratio
,0,0.28,0.352043,1
baseline,0,0.28,0.352043,1
baseline,1,0.28,0.352043,1
baseline,2,0.28,0.352043,1
baseline,3,0.28,0.352043,1
baseline,4,0.28,0.352043,1
baseline,5,0.28,0.352043,1
baseline,6,0.28,0.352043,1
baseline,7,0.28,0.352043,1
baseline,8,0.28,0.352043,1
baseline,9,0.28,0.352043,1
baseline,10,0.28,0.352043,1
baseline,11,0.28,0.352043,1
baseline,12,0.28,0.352043,1
baseline,13,0.28,0.352043,1
baseline,14,0.28,0.352043,1
baseline,15,0.28,0.352043,1
baseline,16,0.28,0.352043,1
baseline,17,0.28,0.352043,1
baseline,18,0.28,0.352043,1
baseline,19,0.28,0.352043,1
baseline,20,0.28,0.352043,1
baseline,21,0.28,0.352043,1
baseline,22,0.28,0.352043,1
baseline,23,0.28,0.352043,1
baseline,24,0.28,0.352043,1
baseline,25,0.28,0.352043,1
baseline,26,0.28,0.352043,1
baseline,27,0.28,0.352043,1
baseline,28,0.28,0.352043,1
baseline,29,0.28,0.352043,1
baseline,30,0.28,0.352043,1
baseline,31,0.28,0.352043,1
baseline,32,0.28,0.352043,1
baseline,33,0.28,0.352043,1
baseline,34,0.28,0.352043,1
baseline,35,0.28,0.352043,1
baseline,36,0.28,0.352043,1
baseline,37,0.28,0.352043,1
baseline,38,0.28,0.352043,1
baseline,39,0.28,0.352043,1
baseline,40,0.28,0.352043,1
baseline,41,0.28,0.352043,1
baseline,42,0.28,0.352043,1
baseline,43,0.28,0.352043,1
baseline,44,0.28,0.352043,1
baseline,45,0.28,0.352043,1
baseline,46,0.28,0.352043,1
baseline,47,0.28,0.352043,1
baseline,48,0.28,0.352043,1
baseline,49,0.28,0.352043,1
baseline,50,0.28,0.352043,1
baseline,51,0.28,0.352043,1
baseline,52,0.28,0.352043,1
baseline,53,0.28,0.352043,1
baseline,54,0.28,0.352043,1
baseline,55,0.28,0.352043,1
baseline,56,0.28,0.352043,1
baseline,57,0.28,0.352043,1
baseline,58,0.28,0.352043,1
baseline,59,0.28,0.352043,1
baseline,60,0.28,0.352043,1
baseline,61,0.28,0.352061,1.00005
baseline,62,0.28,0.352097,1.00015
baseline,63,0.28,0.352144,1.00029
baseline,64,0.28,0.352196,1.00043
baseline,65,0.28,0.352249,1.00059
baseline,66,0.28,0.352302,1.00073
baseline,67,0.28,0.352352,1.00088
baseline,68,0.28,0.3524,1.00101
baseline,69,0.28,0.352447,1.00115
baseline,70,0.28,0.352494,1.00128
baseline,71,0.28,0.352541,1.00141
baseline,72,0.28,0.352587,1.00155
baseline,73,0.28,0.352634,1.00168
baseline,74,0.28,0.352681,1.00181
baseline,75,0.28,0.352728,1.00194
baseline,76,0.28,0.352775,1.00208
baseline,77,0.28,0.352821,1.00221
baseline,78,0.28,0.352868,1.00234
baseline,79,0.28,0.352914,1.00247
baseline,80,0.28,0.35296,1.0026
baseline,81,0.28,0.353006,1.00274
baseline,82,0.28,0.353052,1.00286
baseline,83,0.28,0.353097,1.00299
baseline,84,0.28,0.353142,1.00312
baseline,85,0.28,0.353188,1.00325
baseline,86,0.28,0.353232,1.00338
baseline,87,0.28,0.353277,1.0035
baseline,88,0.28,0.353321,1.00363
baseline,89,0.28,0.353365,1.00376
baseline,90,0.28,0.353409,1.00388
baseline,91,0.28,0.353452,1.004
baseline,92,0.28,0.353495,1.00412
baseline,93,0.28,0.353538,1.00425
baseline,94,0.28,0.35358,1.00437
baseline,95,0.28,0.353622,1.00449
baseline,96,0.28,0.353664,1.0046
baseline,97,0.28,0.353705,1.00472
baseline,98,0.28,0.353746,1.00484
baseline,99,0.28,0.353787,1.00495
baseline,100,0.28,0.353827,1.00507
baseline,101,0.28,0.353867,1.00518
baseline,102,0.28,0.353906,1.00529
baseline,103,0.28,0.353945,1.0054
baseline,104,0.28,0.353984,1.00551
baseline,105,0.28,0.354023,1.00562
baseline,106,0.28,0.354061,1.00573
baseline,107,0.28,0.354098,1.00584
baseline,108,0.28,0.354136,1.00594
baseline,109,0.28,0.354172,1.00605
baseline,110,0.28,0.354209,1.00615
baseline,111,0.28,0.354245,1.00626
baseline,112,0.28,0.354281,1.00636
baseline,113,0.28,0.354317,1.00646
baseline,114,0.28,0.354352,1.00656
baseline,115,0.28,0.354387,1.00666
baseline,116,0.28,0.354421,1.00676
baseline,117,0.28,0.354455,1.00685
baseline,118,0.28,0.354489,1.00695
baseline,119,0.28,0.354523,1.00704
baseline,120,0.28,0.354556,1.00714
baseline,121,0.28,0.354589,1.00723
baseline,122,0.28,0.354622,1.00733
baseline,123,0.28,0.354655,1.00742
baseline,124,0.28,0.354687,1.00751
baseline,125,0.28,0.354719,1.0076
baseline,126,0.28,0.354751,1.00769
baseline,127,0.28,0.354782,1.00778
baseline,128,0.28,0.354814,1.00787
baseline,129,0.28,0.354845,1.00796
baseline,130,0.28,0.354875,1.00805
baseline,131,0.28,0.354906,1.00813
baseline,132,0.28,0.354937,1.00822
baseline,133,0.28,0.354967,1.0083
baseline,134,0.28,0.354997,1.00839
baseline,135,0.28,0.355027,1.00848
baseline,136,0.28,0.355056,1.00856
baseline,137,0.28,0.355086,1.00864
baseline,138,0.28,0.355115,1.00873
baseline,139,0.28,0.355144,1.00881
baseline,140,0.28,0.355174,1.00889
baseline,141,0.28,0.355202,1.00897
baseline,142,0.28,0.355231,1.00906
baseline,143,0.28,0.35526,1.00914
baseline,144,0.28,0.355288,1.00922
baseline,145,0.28,0.355317,1.0093
baseline,146,0.28,0.355345,1.00938
baseline,147,0.28,0.355373,1.00946
baseline,148,0.28,0.355401,1.00954
baseline,149,0.28,0.355429,1.00962
baseline,150,0.28,0.355457,1.0097
baseline,151,0.28,0.355485,1.00978
baseline,152,0.28,0.355512,1.00986
baseline,153,0.28,0.35554,1.00993
baseline,154,0.28,0.355567,1.01001
baseline,155,0.28,0.355595,1.01009
baseline,156,0.28,0.355622,1.01017
baseline,157,0.28,0.355649,1.01024
baseline,158,0.28,0.355676,1.01032
baseline,159,0.28,0.355703,1.0104
baseline,160,0.28,0.35573,1.01047
baseline,161,0.28,0.355757,1.01055
baseline,162,0.28,0.355784,1.01063
baseline,163,0.28,0.355811,1.0107
baseline,164,0.28,0.355838,1.01078
baseline,165,0.28,0.355864,1.01085
baseline,166,0.28,0.355891,1.01093
baseline,167,0.28,0.355917,1.011
baseline,168,0.28,0.355944,1.01108
baseline,169,0.28,0.35597,1.01115
baseline,170,0.28,0.355996,1.01123
baseline,171,0.28,0.356022,1.0113
baseline,172,0.28,0.356049,1.01138
baseline,173,0.28,0.356075,1.01145
baseline,174,0.28,0.356101,1.01153
baseline,175,0.28,0.356127,1.0116
baseline,176,0.28,0.356153,1.01167
baseline,177,0.28,0.356178,1.01175
baseline,178,0.28,0.356204,1.01182
baseline,179,0.28,0.35623,1.01189
baseline,180,0.28,0.356256,1.01197
baseline,181,0.28,0.356281,1.01204
baseline,182,0.28,0.356307,1.01211
baseline,183,0.28,0.356332,1.01218
baseline,184,0.28,0.356358,1.01226
baseline,185,0.28,0.356383,1.01233
baseline,186,0.28,0.356408,1.0124
baseline,187,0.28,0.356434,1.01247
baseline,188,0.28,0.356459,1.01254
baseline,189,0.28,0.356484,1.01261
baseline,190,0.28,0.356509,1.01269
baseline,191,0.28,0.356534,1.01276
baseline,192,0.28,0.356559,1.01283
baseline,193,0.28,0.356584,1.0129
baseline,194,0.28,0.356609,1.01297
baseline,195,0.28,0.356633,1.01304
baseline,196,0.28,0.356658,1.01311
baseline,197,0.28,0.356683,1.01318
baseline,198,0.28,0.356707,1.01325
baseline,199,0.28,0.356732,1.01332
baseline,200,0.28,0.356756,1.01339
baseline,201,0.28,0.35678,1.01346
baseline,202,0.28,0.356805,1.01353
baseline,203,0.28,0.356829,1.01359
baseline,204,0.28,0.356853,1.01366
baseline,205,0.28,0.356877,1.01373
baseline,206,0.28,0.356901,1.0138
baseline,207,0.28,0.356925,1.01387
baseline,208,0.28,0.356949,1.01394
baseline,209,0.28,0.356973,1.014
baseline,210,0.28,0.356997,1.01407
baseline,211,0.28,0.357021,1.01414
baseline,212,0.28,0.357044,1.01421
baseline,213,0.28,0.357068,1.01427
baseline,214,0.28,0.357092,1.01434
baseline,215,0.28,0.357115,1.01441
baseline,216,0.28,0.357138,1.01447
baseline,217,0.28,0.357162,1.01454
baseline,218,0.28,0.357185,1.01461
baseline,219,0.28,0.357208,1.01467
baseline,220,0.28,0.357231,1.01474
baseline,221,0.28,0.357254,1.0148
baseline,222,0.28,0.357277,1.01487
baseline,223,0.28,0.3573,1.01493
baseline,224,0.28,0.357323,1.015
baseline,225,0.28,0.357346,1.01506
baseline,226,0.28,0.357369,1.01513
baseline,227,0.28,0.357391,1.01519
baseline,228,0.28,0.357414,1.01526
baseline,229,0.28,0.357437,1.01532
baseline,230,0.28,0.357459,1.01538
baseline,231,0.28,0.357481,1.01545
baseline,232,0.28,0.357504,1.01551
baseline,233,0.28,0.357526,1.01557
baseline,234,0.28,0.357548,1.01564
baseline,235,0.28,0.35757,1.0157
baseline,236,0.28,0.357592,1.01576
baseline,237,0.28,0.357614,1.01583
baseline,238,0.28,0.357636,1.01589
baseline,239,0.28,0.357658,1.01595
baseline,240,0.28,0.35768,1.01601
baseline,241,0.28,0.357702,1.01607
baseline,242,0.28,0.357723,1.01613
baseline,243,0.28,0.357745,1.0162
baseline,244,0.28,0.357766,1.01626
baseline,245,0.28,0.357788,1.01632
baseline,246,0.28,0.357809,1.01638
baseline,247,0.28,0.35783,1.01644
baseline,248,0.28,0.357852,1.0165
baseline,249,0.28,0.357873,1.01656
baseline,250,0.28,0.357894,1.01662
baseline,251,0.28,0.357915,1.01668
baseline,252,0.28,0.357936,1.01674
baseline,253,0.28,0.357957,1.0168
baseline,254,0.28,0.357977,1.01686
baseline,255,0.28,0.357998,1.01692
baseline,256,0.28,0.358019,1.01697
baseline,257,0.28,0.358039,1.01703
baseline,258,0.28,0.35806,1.01709
baseline,259,0.28,0.35808,1.01715
baseline,260,0.28,0.358101,1.01721
baseline,261,0.28,0.358121,1.01726
baseline,262,0.28,0.358141,1.01732
baseline,263,0.28,0.358161,1.01738
baseline,264,0.28,0.358181,1.01744
baseline,265,0.28,0.358201,1.01749
baseline,266,0.28,0.358221,1.01755
baseline,267,0.28,0.358241,1.01761
baseline,268,0.28,0.358261,1.01766
baseline,269,0.28,0.358281,1.01772
baseline,270,0.28,0.3583,1.01777
baseline,271,0.28,0.35832,1.01783
baseline,272,0.28,0.358339,1.01788
baseline,273,0.28,0.358359,1.01794
baseline,274,0.28,0.358378,1.01799
baseline,275,0.28,0.358397,1.01805
baseline,276,0.28,0.358417,1.0181
baseline,277,0.28,0.358436,1.01816
baseline,278,0.28,0.358455,1.01821
baseline,279,0.28,0.358474,1.01827
baseline,280,0.28,0.358493,1.01832
baseline,281,0.28,0.358512,1.01837
baseline,282,0.28,0.35853,1.01843
baseline,283,0.28,0.358549,1.01848
baseline,284,0.28,0.358568,1.01853
baseline,285,0.28,0.358586,1.01859
baseline,286,0.28,0.358605,1.01864
baseline,287,0.28,0.358623,1.01869
baseline,288,0.28,0.358642,1.01874
baseline,289,0.28,0.35866,1.0188
baseline,290,0.28,0.358678,1.01885
baseline,291,0.28,0.358696,1.0189
baseline,292,0.28,0.358714,1.01895
baseline,293,0.28,0.358732,1.019
baseline,294,0.28,0.35875,1.01905
baseline,295,0.28,0.358768,1.0191
baseline,296,0.28,0.358786,1.01915
baseline,297,0.28,0.358804,1.0192
baseline,298,0.28,0.358821,1.01925
baseline,299,0.28,0.358839,1.0193
baseline,300,0.28,0.358856,1.01935
baseline,301,0.28,0.35886,1.01937
baseline,302,0.28,0.358854,1.01935
baseline,303,0.28,0.358842,1.01931
baseline,304,0.28,0.358828,1.01927
baseline,305,0.28,0.358817,1.01924
baseline,306,0.28,0.358808,1.01922
baseline,307,0.28,0.358802,1.0192
baseline,308,0.28,0.358798,1.01919
baseline,309,0.28,0.358794,1.01918
baseline,310,0.28,0.358791,1.01917
baseline,311,0.28,0.358788,1.01916
baseline,312,0.28,0.358785,1.01915
baseline,313,0.28,0.358783,1.01914
baseline,314,0.28,0.35878,1.01914
baseline,315,0.28,0.358777,1.01913
baseline,316,0.28,0.358775,1.01912
baseline,317,0.28,0.358773,1.01912
baseline,318,0.28,0.358772,1.01911
baseline,319,0.28,0.35877,1.01911
baseline,320,0.28,0.358769,1.01911
baseline,321,0.28,0.358769,1.0191
baseline,322,0.28,0.358768,1.0191
baseline,323,0.28,0.358767,1.0191
baseline,324,0.28,0.358767,1.0191
baseline,325,0.28,0.358766,1.0191
baseline,326,0.28,0.358766,1.0191
baseline,327,0.28,0.358765,1.0191
baseline,328,0.28,0.358765,1.01909
baseline,329,0.28,0.358765,1.01909
baseline,330,0.28,0.358765,1.01909
baseline,331,0.28,0.358765,1.01909
baseline,332,0.28,0.358764,1.01909
baseline,333,0.28,0.358764,1.01909
baseline,334,0.28,0.358764,1.01909
baseline,335,0.28,0.358764,1.01909
baseline,336,0.28,0.358764,1.01909
baseline,337,0.28,0.358764,1.01909
baseline,338,0.28,0.358764,1.01909
baseline,339,0.28,0.358764,1.01909
baseline,340,0.28,0.358764,1.01909
baseline,341,0.28,0.358764,1.01909
baseline,342,0.28,0.358764,1.01909
baseline,343,0.28,0.358764,1.01909
baseline,344,0.28,0.358764,1.01909
baseline,345,0.28,0.358764,1.01909
baseline,346,0.28,0.358764,1.01909
baseline,347,0.28,0.358764,1.01909
baseline,348,0.28,0.358764,1.01909
baseline,349,0.28,0.358764,1.01909
baseline,350,0.28,0.358764,1.01909
baseline,351,0.28,0.358763,1.01909
baseline,352,0.28,0.358763,1.01909
baseline,353,0.28,0.358763,1.01909
baseline,354,0.28,0.358763,1.01909
baseline,355,0.28,0.358763,1.01909
baseline,356,0.28,0.358763,1.01909
baseline,357,0.28,0.358763,1.01909
baseline,358,0.28,0.358763,1.01909
baseline,359,0.28,0.358763,1.01909
baseline,360,0.28,0.358763,1.01909
baseline,361,0.28,0.358763,1.01909
baseline,362,0.28,0.358763,1.01909
baseline,363,0.28,0.358763,1.01909
baseline,364,0.28,0.358763,1.01909
baseline,365,0.28,0.358763,1.01909
baseline,366,0.28,0.358763,1.01909
baseline,367,0.28,0.358763,1.01909
baseline,368,0.28,0.358763,1.01909
baseline,369,0.28,0.358763,1.01909
baseline,370,0.28,0.358763,1.01909
baseline,371,0.28,0.358763,1.01909
baseline,372,0.28,0.358763,1.01909
baseline,373,0.28,0.358763,1.01909
baseline,374,0.28,0.358763,1.01909
baseline,375,0.28,0.358763,1.01909
baseline,376,0.28,0.358763,1.01909
baseline,377,0.28,0.358763,1.01909
baseline,378,0.28,0.358763,1.01909
baseline,379,0.28,0.358763,1.01909
baseline,380,0.28,0.358763,1.01909
baseline,381,0.28,0.358763,1.01909
baseline,382,0.28,0.358763,1.01909
baseline,383,0.28,0.358763,1.01909
baseline,384,0.28,0.358763,1.01909
baseline,385,0.28,0.358763,1.01909
baseline,386,0.28,0.358763,1.01909
baseline,387,0.28,0.358763,1.01909
baseline,388,0.28,0.358763,1.01909
baseline,389,0.28,0.358763,1.01909
baseline,390,0.28,0.358763,1.01909
baseline,391,0.28,0.358763,1.01909
baseline,392,0.28,0.358763,1.01909
baseline,393,0.28,0.358763,1.01909
baseline,394,0.28,0.358763,1.01909
baseline,395,0.28,0.358763,1.01909
baseline,396,0.28,0.358763,1.01909
baseline,397,0.28,0.358763,1.01909
baseline,398,0.28,0.358763,1.01909
baseline,399,0.28,0.358763,1.01909
baseline,400,0.28,0.358763,1.01909
baseline,401,0.28,0.358763,1.01909
baseline,402,0.28,0.358763,1.01909
baseline,403,0.28,0.358763,1.01909
baseline,404,0.28,0.358763,1.01909
baseline,405,0.28,0.358763,1.01909
baseline,406,0.28,0.358763,1.01909
baseline,407,0.28,0.358763,1.01909
baseline,408,0.28,0.358763,1.01909
baseline,409,0.28,0.358763,1.01909
baseline,410,0.28,0.358763,1.01909
baseline,411,0.28,0.358763,1.01909
baseline,412,0.28,0.358763,1.01909
baseline,413,0.28,0.358763,1.01909
baseline,414,0.28,0.358763,1.01909
baseline,415,0.28,0.358763,1.01909
baseline,416,0.28,0.358763,1.01909
baseline,417,0.28,0.358763,1.01909
baseline,418,0.28,0.358763,1.01909
baseline,419,0.28,0.358763,1.01909
incompressible,0,0.47,0.352043,1
incompressible,1,0.47,0.352043,1
incompressible,2,0.47,0.352043,1
incompressible,3,0.47,0.352043,1
incompressible,4,0.47,0.352043,1
incompressible,5,0.47,0.352043,1
incompressible,6,0.47,0.352043,1
incompressible,7,0.47,0.352043,1
incompressible,8,0.47,0.352043,1
incompressible,9,0.47,0.352043,1
incompressible,10,0.47,0.352043,1
incompressible,11,0.47,0.352043,1
incompressible,12,0.47,0.352043,1
incompressible,13,0.47,0.352043,1
incompressible,14,0.47,0.352043,1
incompressible,15,0.47,0.352043,1
incompressible,16,0.47,0.352043,1
incompressible,17,0.47,0.352043,1
incompressible,18,0.47,0.352043,1
incompressible,19,0.47,0.352043,1
incompressible,20,0.47,0.352043,1
incompressible,21,0.47,0.352043,1
incompressible,22,0.47,0.352043,1
incompressible,23,0.47,0.352043,1
incompressible,24,0.47,0.352043,1
incompressible,25,0.47,0.352043,1
incompressible,26,0.47,0.352043,1
incompressible,27,0.47,0.352043,1
incompressible,28,0.47,0.352043,1
incompressible,29,0.47,0.352043,1
incompressible,30,0.47,0.352043,1
incompressible,31,0.47,0.352043,1
incompressible,32,0.47,0.352043,1
incompressible,33,0.47,0.352043,1
incompressible,34,0.47,0.352043,1
incompressible,35,0.47,0.352043,1
incompressible,36,0.47,0.352043,1
incompressible,37,0.47,0.352043,1
incompressible,38,0.47,0.352043,1
incompressible,39,0.47,0.352043,1
incompressible,40,0.47,0.352043,1
incompressible,41,0.47,0.352043,1
incompressible,42,0.47,0.352043,1
incompressible,43,0.47,0.352043,1
incompressible,44,0.47,0.352043,1
incompressible,45,0.47,0.352043,1
incompressible,46,0.47,0.352043,1
incompressible,47,0.47,0.352043,1
incompressible,48,0.47,0.352043,1
incompressible,49,0.47,0.352043,1
incompressible,50,0.47,0.352043,1
incompressible,51,0.47,0.352043,1
incompressible,52,0.47,0.352043,1
incompressible,53,0.47,0.352043,1
incompressible,54,0.47,0.352043,1
incompressible,55,0.47,0.352043,1
incompressible,56,0.47,0.352043,1
incompressible,57,0.47,0.352043,1
incompressible,58,0.47,0.352043,1
incompressible,59,0.47,0.352043,1
incompressible,60,0.47,0.352043,1
incompressible,61,0.47,0.352046,1.00001
incompressible,62,0.47,0.352052,1.00002
incompressible,63,0.47,0.352058,1.00004
incompressible,64,0.47,0.352065,1.00006
incompressible,65,0.47,0.352072,1.00008
incompressible,66,0.47,0.352078,1.0001
incompressible,67,0.47,0.352084,1.00012
incompressible,68,0.47,0.35209,1.00013
incompressible,69,0.47,0.352095,1.00015
incompressible,70,0.47,0.352101,1.00016
incompressible,71,0.47,0.352106,1.00018
incompressible,72,0.47,0.352111,1.00019
incompressible,73,0.47,0.352115,1.00021
incompressible,74,0.47,0.35212,1.00022
incompressible,75,0.47,0.352124,1.00023
incompressible,76,0.47,0.352128,1.00024
incompressible,77,0.47,0.352131,1.00025
incompressible,78,0.47,0.352135,1.00026
incompressible,79,0.47,0.352137,1.00027
incompressible,80,0.47,0.35214,1.00028
incompressible,81,0.47,0.352142,1.00028
incompressible,82,0.47,0.352144,1.00029
incompressible,83,0.47,0.352145,1.00029
incompressible,84,0.47,0.352146,1.00029
incompressible,85,0.47,0.352146,1.00029
incompressible,86,0.47,0.352146,1.00029
incompressible,87,0.47,0.352146,1.00029
incompressible,88,0.47,0.352144,1.00029
incompressible,89,0.47,0.352143,1.00028
incompressible,90,0.47,0.352141,1.00028
incompressible,91,0.47,0.352139,1.00027
incompressible,92,0.47,0.352136,1.00026
incompressible,93,0.47,0.352132,1.00025
incompressible,94,0.47,0.352128,1.00024
incompressible,95,0.47,0.352124,1.00023
incompressible,96,0.47,0.352119,1.00021
incompressible,97,0.47,0.352113,1.0002
incompressible,98,0.47,0.352107,1.00018
incompressible,99,0.47,0.352101,1.00016
incompressible,100,0.47,0.352094,1.00014
incompressible,101,0.47,0.352086,1.00012
incompressible,102,0.47,0.352078,1.0001
incompressible,103,0.47,0.35207,1.00008
incompressible,104,0.47,0.352061,1.00005
incompressible,105,0.47,0.352052,1.00002
incompressible,106,0.47,0.352042,0.999997
incompressible,107,0.47,0.352032,0.999968
incompressible,108,0.47,0.352021,0.999937
incompressible,109,0.47,0.35201,0.999906
incompressible,110,0.47,0.351998,0.999873
incompressible,111,0.47,0.351986,0.999839
incompressible,112,0.47,0.351974,0.999804
incompressible,113,0.47,0.351961,0.999768
incompressible,114,0.47,0.351948,0.999731
incompressible,115,0.47,0.351935,0.999693
incompressible,116,0.47,0.351921,0.999653
incompressible,117,0.47,0.351907,0.999613
incompressible,118,0.47,0.351892,0.999572
incompressible,119,0.47,0.351877,0.999529
incompressible,120,0.47,0.351862,0.999486
incompressible,121,0.47,0.351847,0.999442
incompressible,122,0.47,0.351831,0.999397
incompressible,123,0.47,0.351815,0.999352
incompressible,124,0.47,0.351798,0.999305
incompressible,125,0.47,0.351782,0.999257
incompressible,126,0.47,0.351765,0.999209
incompressible,127,0.47,0.351747,0.99916
incompressible,128,0.47,0.35173,0.999111
incompressible,129,0.47,0.351712,0.99906
incompressible,130,0.47,0.351694,0.999009
incompressible,131,0.47,0.351676,0.998958
incompressible,132,0.47,0.351658,0.998905
incompressible,133,0.47,0.351639,0.998852
incompressible,134,0.47,0.35162,0.998799
incompressible,135,0.47,0.351601,0.998745
incompressible,136,0.47,0.351582,0.99869
incompressible,137,0.47,0.351562,0.998635
incompressible,138,0.47,0.351543,0.998579
incompressible,139,0.47,0.351523,0.998523
incompressible,140,0.47,0.351503,0.998466
incompressible,141,0.47,0.351483,0.998409
incompressible,142,0.47,0.351463,0.998351
incompressible,143,0.47,0.351442,0.998293
incompressible,144,0.47,0.351422,0.998235
incompressible,145,0.47,0.351401,0.998176
incompressible,146,0.47,0.35138,0.998116
incompressible,147,0.47,0.351359,0.998056
incompressible,148,0.47,0.351338,0.997996
incompressible,149,0.47,0.351316,0.997935
incompressible,150,0.47,0.351295,0.997875
incompressible,151,0.47,0.351273,0.997813
incompressible,152,0.47,0.351251,0.997751
incompressible,153,0.47,0.35123,0.997689
incompressible,154,0.47,0.351208,0.997627
incompressible,155,0.47,0.351186,0.997564
incompressible,156,0.47,0.351163,0.997501
incompressible,157,0.47,0.351141,0.997438
incompressible,158,0.47,0.351119,0.997374
incompressible,159,0.47,0.351096,0.99731
incompressible,160,0.47,0.351074,0.997246
incompressible,161,0.47,0.351051,0.997182
incompressible,162,0.47,0.351028,0.997117
incompressible,163,0.47,0.351005,0.997052
incompressible,164,0.47,0.350982,0.996986
incompressible,165,0.47,0.350959,0.99692
incompressible,166,0.47,0.350936,0.996854
incompressible,167,0.47,0.350912,0.996788
incompressible,168,0.47,0.350889,0.996722
incompressible,169,0.47,0.350865,0.996655
incompressible,170,0.47,0.350842,0.996588
incompressible,171,0.47,0.350818,0.99652
incompressible,172,0.47,0.350794,0.996453
incompressible,173,0.47,0.35077,0.996385
incompressible,174,0.47,0.350746,0.996317
incompressible,175,0.47,0.350722,0.996248
incompressible,176,0.47,0.350698,0.99618
incompressible,177,0.47,0.350674,0.996111
incompressible,178,0.47,0.350649,0.996041
incompressible,179,0.47,0.350625,0.995972
incompressible,180,0.47,0.350601,0.995902
incompressible,181,0.47,0.350576,0.995832
incompressible,182,0.47,0.350551,0.995762
incompressible,183,0.47,0.350526,0.995692
incompressible,184,0.47,0.350502,0.995621
incompressible,185,0.47,0.350477,0.99555
incompressible,186,0.47,0.350451,0.995479
incompressible,187,0.47,0.350426,0.995408
incompressible,188,0.47,0.350401,0.995336
incompressible,189,0.47,0.350376,0.995264
incompressible,190,0.47,0.35035,0.995192
incompressible,191,0.47,0.350325,0.995119
incompressible,192,0.47,0.350299,0.995047
incompressible,193,0.47,0.350274,0.994974
incompressible,194,0.47,0.350248,0.994901
incompressible,195,0.47,0.350222,0.994827
incompressible,196,0.47,0.350196,0.994754
incompressible,197,0.47,0.35017,0.99468
incompressible,198,0.47,0.350144,0.994606
incompressible,199,0.47,0.350118,0.994531
incompressible,200,0.47,0.350091,0.994456
incompressible,201,0.47,0.350065,0.994382
incompressible,202,0.47,0.350039,0.994306
incompressible,203,0.47,0.350012,0.994231
incompressible,204,0.47,0.349985,0.994155
incompressible,205,0.47,0.349959,0.994079
incompressible,206,0.47,0.349932,0.994003
incompressible,207,0.47,0.349905,0.993927
incompressible,208,0.47,0.349878,0.99385
incompressible,209,0.47,0.349851,0.993773
incompressible,210,0.47,0.349824,0.993696
incompressible,211,0.47,0.349797,0.993619
incompressible,212,0.47,0.349769,0.993541
incompressible,213,0.47,0.349742,0.993463
incompressible,214,0.47,0.349714,0.993385
incompressible,215,0.47,0.349687,0.993306
incompressible,216,0.47,0.349659,0.993228
incompressible,217,0.47,0.349631,0.993149
incompressible,218,0.47,0.349603,0.99307
incompressible,219,0.47,0.349575,0.99299
incompressible,220,0.47,0.349547,0.99291
incompressible,221,0.47,0.349519,0.99283
incompressible,222,0.47,0.349491,0.99275
incompressible,223,0.47,0.349463,0.99267
incompressible,224,0.47,0.349434,0.992589
incompressible,225,0.47,0.349406,0.992508
incompressible,226,0.47,0.349377,0.992427
incompressible,227,0.47,0.349348,0.992346
incompressible,228,0.47,0.34932,0.992264
incompressible,229,0.47,0.349291,0.992182
incompressible,230,0.47,0.349262,0.9921
incompressible,231,0.47,0.349233,0.992017
incompressible,232,0.47,0.349204,0.991935
incompressible,233,0.47,0.349174,0.991852
incompressible,234,0.47,0.349145,0.991768
incompressible,235,0.47,0.349116,0.991685
incompressible,236,0.47,0.349086,0.991601
incompressible,237,0.47,0.349057,0.991517
incompressible,238,0.47,0.349027,0.991433
incompressible,239,0.47,0.348997,0.991348
incompressible,240,0.47,0.348968,0.991264
incompressible,241,0.47,0.348938,0.991179
incompressible,242,0.47,0.348908,0.991094
incompressible,243,0.47,0.348877,0.991008
incompressible,244,0.47,0.348847,0.990922
incompressible,245,0.47,0.348817,0.990836
incompressible,246,0.47,0.348787,0.99075
incompressible,247,0.47,0.348756,0.990664
incompressible,248,0.47,0.348726,0.990577
incompressible,249,0.47,0.348695,0.99049
incompressible,250,0.47,0.348664,0.990403
incompressible,251,0.47,0.348634,0.990315
incompressible,252,0.47,0.348603,0.990227
incompressible,253,0.47,0.348572,0.990139
incompressible,254,0.47,0.348541,0.990051
incompressible,255,0.47,0.348509,0.989963
incompressible,256,0.47,0.348478,0.989874
incompressible,257,0.47,0.348447,0.989785
incompressible,258,0.47,0.348415,0.989696
incompressible,259,0.47,0.348384,0.989606
incompressible,260,0.47,0.348352,0.989516
incompressible,261,0.47,0.348321,0.989426
incompressible,262,0.47,0.348289,0.989336
incompressible,263,0.47,0.348257,0.989246
incompressible,264,0.47,0.348225,0.989155
incompressible,265,0.47,0.348193,0.989064
incompressible,266,0.47,0.348161,0.988973
incompressible,267,0.47,0.348129,0.988881
incompressible,268,0.47,0.348096,0.988789
incompressible,269,0.47,0.348064,0.988698
incompressible,270,0.47,0.348032,0.988605
incompressible,271,0.47,0.347999,0.988513
incompressible,272,0.47,0.347966,0.98842
incompressible,273,0.47,0.347934,0.988327
incompressible,274,0.47,0.347901,0.988234
incompressible,275,0.47,0.347868,0.98814
incompressible,276,0.47,0.347835,0.988047
incompressible,277,0.47,0.347802,0.987953
incompressible,278,0.47,0.347769,0.987858
incompressible,279,0.47,0.347735,0.987764
incompressible,280,0.47,0.347702,0.987669
incompressible,281,0.47,0.347669,0.987574
incompressible,282,0.47,0.347635,0.987479
incompressible,283,0.47,0.347601,0.987383
incompressible,284,0.47,0.347568,0.987287
incompressible,285,0.47,0.347534,0.987191
incompressible,286,0.47,0.3475,0.987095
incompressible,287,0.47,0.347466,0.986998
incompressible,288,0.47,0.347432,0.986902
incompressible,289,0.47,0.347398,0.986805
incompressible,290,0.47,0.347363,0.986707
incompressible,291,0.47,0.347329,0.98661
incompressible,292,0.47,0.347295,0.986512
incompressible,293,0.47,0.34726,0.986414
incompressible,294,0.47,0.347226,0.986316
incompressible,295,0.47,0.347191,0.986217
incompressible,296,0.47,0.347156,0.986119
incompressible,297,0.47,0.347121,0.98602
incompressible,298,0.47,0.347086,0.985921
incompressible,299,0.47,0.347051,0.985821
incompressible,300,0.47,0.347016,0.985721
incompressible,301,0.47,0.346985,0.985632
incompressible,302,0.47,0.346961,0.985563
incompressible,303,0.47,0.346943,0.985513
incompressible,304,0.47,0.346931,0.985478
incompressible,305,0.47,0.346922,0.985453
incompressible,306,0.47,0.346915,0.985435
incompressible,307,0.47,0.34691,0.98542
incompressible,308,0.47,0.346906,0.985407
incompressible,309,0.47,0.346902,0.985395
incompressible,310,0.47,0.346898,0.985384
incompressible,311,0.47,0.346894,0.985374
incompressible,312,0.47,0.346891,0.985365
incompressible,313,0.47,0.346888,0.985356
incompressible,314,0.47,0.346885,0.985349
incompressible,315,0.47,0.346883,0.985342
incompressible,316,0.47,0.346881,0.985337
incompressible,317,0.47,0.346879,0.985332
incompressible,318,0.47,0.346878,0.985329
incompressible,319,0.47,0.346877,0.985326
incompressible,320,0.47,0.346876,0.985323
incompressible,321,0.47,0.346875,0.985321
incompressible,322,0.47,0.346875,0.985319
incompressible,323,0.47,0.346874,0.985318
incompressible,324,0.47,0.346874,0.985317
incompressible,325,0.47,0.346874,0.985316
incompressible,326,0.47,0.346873,0.985315
incompressible,327,0.47,0.346873,0.985315
incompressible,328,0.47,0.346873,0.985314
incompressible,329,0.47,0.346873,0.985314
incompressible,330,0.47,0.346873,0.985313
incompressible,331,0.47,0.346873,0.985313
incompressible,332,0.47,0.346873,0.985313
incompressible,333,0.47,0.346872,0.985313
incompressible,334,0.47,0.346872,0.985312
incompressible,335,0.47,0.346872,0.985312
incompressible,336,0.47,0.346872,0.985312
incompressible,337,0.47,0.346872,0.985312
incompressible,338,0.47,0.346872,0.985312
incompressible,339,0.47,0.346872,0.985312
incompressible,340,0.47,0.346872,0.985312
incompressible,341,0.47,0.346872,0.985312
incompressible,342,0.47,0.346872,0.985312
incompressible,343,0.47,0.346872,0.985312
incompressible,344,0.47,0.346872,0.985312
incompressible,345,0.47,0.346872,0.985312
incompressible,346,0.47,0.346872,0.985312
incompressible,347,0.47,0.346872,0.985312
incompressible,348,0.47,0.346872,0.985312
incompressible,349,0.47,0.346872,0.985312
incompressible,350,0.47,0.346872,0.985312
incompressible,351,0.47,0.346872,0.985312
incompressible,352,0.47,0.346872,0.985312
incompressible,353,0.47,0.346872,0.985312
incompressible,354,0.47,0.346872,0.985312
incompressible,355,0.47,0.346872,0.985312
incompressible,356,0.47,0.346872,0.985312
incompressible,357,0.47,0.346872,0.985312
incompressible,358,0.47,0.346872,0.985312
incompressible,359,0.47,0.346872,0.985312
incompressible,360,0.47,0.346872,0.985312
incompressible,361,0.47,0.346872,0.985312
incompressible,362,0.47,0.346872,0.985312
incompressible,363,0.47,0.346872,0.985312
incompressible,364,0.47,0.346872,0.985312
incompressible,365,0.47,0.346872,0.985312
incompressible,366,0.47,0.346872,0.985312
incompressible,367,0.47,0.346872,0.985312
incompressible,368,0.47,0.346872,0.985312
incompressible,369,0.47,0.346872,0.985312
incompressible,370,0.47,0.346872,0.985312
incompressible,371,0.47,0.346872,0.985312
incompressible,372,0.47,0.346872,0.985312
incompressible,373,0.47,0.346872,0.985312
incompressible,374,0.47,0.346872,0.985312
incompressible,375,0.47,0.346872,0.985312
incompressible,376,0.47,0.346872,0.985312
incompressible,377,0.47,0.346872,0.985312
incompressible,378,0.47,0.346872,0.985312
incompressible,379,0.47,0.346872,0.985312
incompressible,380,0.47,0.346872,0.985312
incompressible,381,0.47,0.346872,0.985312
incompressible,382,0.47,0.346872,0.985312
incompressible,383,0.47,0.346872,0.985312
incompressible,384,0.47,0.346872,0.985312
incompressible,385,0.47,0.346872,0.985312
incompressible,386,0.47,0.346872,0.985312
incompressible,387,0.47,0.346872,0.985312
incompressible,388,0.47,0.346872,0.985312
incompressible,389,0.47,0.346872,0.985312
incompressible,390,0.47,0.346872,0.985312
incompressible,391,0.47,0.346872,0.985312
incompressible,392,0.47,0.346872,0.985312
incompressible,393,0.47,0.346872,0.985312
incompressible,394,0.47,0.346872,0.985312
incompressible,395,0.47,0.346872,0.985312
incompressible,396,0.47,0.346872,0.985312
incompressible,397,0.47,0.346872,0.985312
incompressible,398,0.47,0.346872,0.985312
incompressible,399,0.47,0.346872,0.985312
incompressible,400,0.47,0.346872,0.985312
incompressible,401,0.47,0.346872,0.985312
incompressible,402,0.47,0.346872,0.985312
incompressible,403,0.47,0.346872,0.985312
incompressible,404,0.47,0.346872,0.985312
incompressible,405,0.47,0.346872,0.985312
incompressible,406,0.47,0.346872,0.985312
incompressible,407,0.47,0.346872,0.985312
incompressible,408,0.47,0.346872,0.985312
incompressible,409,0.47,0.346872,0.985312
incompressible,410,0.47,0.346872,0.985312
incompressible,411,0.47,0.346872,0.985312
incompressible,412,0.47,0.346872,0.985312
incompressible,413,0.47,0.346872,0.985312
incompressible,414,0.47,0.346872,0.985312
incompressible,415,0.47,0.346872,0.985312
incompressible,416,0.47,0.346872,0.985312
incompressible,417,0.47,0.346872,0.985312
incompressible,418,0.47,0.346872,0.985312
incompressible,419,0.47,0.346872,0.985312
