run_index,run_name,poisson,stage,sim_time,imposed_displacement,actual_displacement,volume,volume_ratio
0,baseline,0.28,drag,0,0,0,0.777629,1
0,baseline,0.28,drag,0.01,0.00209205,0,0.777629,1
0,baseline,0.28,drag,0.02,0.0041841,8.74503e-05,0.777637,1.00001
0,baseline,0.28,drag,0.03,0.00627615,0.0004229,0.777667,1.00005
0,baseline,0.28,drag,0.04,0.0083682,0.00114841,0.777732,1.00013
0,baseline,0.28,drag,0.05,0.0104603,0.00237608,0.777842,1.00027
0,baseline,0.28,drag,0.06,0.0125523,0.00417887,0.777999,1.00048
0,baseline,0.28,drag,0.07,0.0146444,0.00658445,0.778201,1.00074
0,baseline,0.28,drag,0.08,0.0167364,0.00957266,0.778294,1.00086
0,baseline,0.28,drag,0.09,0.0188285,0.0130767,0.777843,1.00027
0,baseline,0.28,drag,0.1,0.0209205,0.0169882,0.776938,0.999111
0,baseline,0.28,drag,0.11,0.0230126,0.0211652,0.776283,0.998268
0,baseline,0.28,drag,0.12,0.0251046,0.0156844,0.775443,0.997189
0,baseline,0.28,drag,0.13,0.0271967,0.0112111,0.774282,0.995696
0,baseline,0.28,drag,0.14,0.0292887,0,0.772942,0.993972
0,baseline,0.28,drag,0.15,0.0313808,0,0.771031,0.991515
0,baseline,0.28,drag,0.16,0.0334728,0,0.768221,0.987901
0,baseline,0.28,drag,0.17,0.0355649,0,0.765331,0.984185
0,baseline,0.28,drag,0.18,0.0376569,0,0.762935,0.981104
0,baseline,0.28,drag,0.19,0.039749,0,0.76082,0.978384
0,baseline,0.28,drag,0.2,0.041841,0.00111142,0.756841,0.973267
0,baseline,0.28,drag,0.21,0.0439331,0.00594821,0.752177,0.96727
0,baseline,0.28,drag,0.22,0.0460251,0.00537108,0.746694,0.960219
0,baseline,0.28,drag,0.23,0.0481172,0.00557116,0.740098,0.951736
0,baseline,0.28,drag,0.24,0.0502092,0.0141818,0.734311,0.944294
0,baseline,0.28,drag,0.25,0.0523013,0.0276805,0.730893,0.9399
0,baseline,0.28,drag,0.26,0.0543933,0.030197,0.728104,0.936313
0,baseline,0.28,drag,0.27,0.0564854,0.0392913,0.724926,0.932226
0,baseline,0.28,drag,0.28,0.0585774,0.0381901,0.722306,0.928857
0,baseline,0.28,drag,0.29,0.0606695,0.0395961,0.71971,0.925518
0,baseline,0.28,drag,0.3,0.0627615,0.0269654,0.718078,0.923419
0,baseline,0.28,drag,0.31,0.0648536,0.0262058,0.718219,0.9236
0,baseline,0.28,drag,0.32,0.0669456,0.0285944,0.719386,0.925102
0,baseline,0.28,drag,0.33,0.0690377,0.0205957,0.719864,0.925717
0,baseline,0.28,drag,0.34,0.0711297,0.0123902,0.721033,0.927219
0,baseline,0.28,drag,0.35,0.0732218,0.00702738,0.722538,0.929155
0,baseline,0.28,drag,0.36,0.0753138,0.0175503,0.723411,0.930277
0,baseline,0.28,drag,0.37,0.0774059,0.0323953,0.724358,0.931495
0,baseline,0.28,drag,0.38,0.0794979,0.0411311,0.724694,0.931928
0,baseline,0.28,drag,0.39,0.08159,0.0450298,0.72506,0.932398
0,baseline,0.28,drag,0.4,0.083682,0.0532741,0.727171,0.935113
0,baseline,0.28,drag,0.41,0.0857741,0.061874,0.729512,0.938123
0,baseline,0.28,drag,0.42,0.0878661,0.0701662,0.73089,0.939895
0,baseline,0.28,drag,0.43,0.0899582,0.0732003,0.730124,0.938911
0,baseline,0.28,drag,0.44,0.0920502,0.0746109,0.72926,0.937799
0,baseline,0.28,drag,0.45,0.0941423,0.0634948,0.729602,0.938239
0,baseline,0.28,drag,0.46,0.0962343,0.0483587,0.72893,0.937375
0,baseline,0.28,drag,0.47,0.0983264,0.0369355,0.726829,0.934674
0,baseline,0.28,drag,0.48,0.100418,0.0291088,0.726688,0.934492
0,baseline,0.28,drag,0.49,0.10251,0.0223587,0.724735,0.93198
0,baseline,0.28,drag,0.5,0.104603,0.0306738,0.722498,0.929103
0,baseline,0.28,drag,0.51,0.106695,0.0358836,0.721541,0.927873
0,baseline,0.28,drag,0.52,0.108787,0.0546866,0.721325,0.927595
0,baseline,0.28,drag,0.53,0.110879,0.074132,0.722112,0.928607
0,baseline,0.28,drag,0.54,0.112971,0.0719739,0.722832,0.929533
0,baseline,0.28,drag,0.55,0.115063,0.0835955,0.723888,0.930891
0,baseline,0.28,drag,0.56,0.117155,0.0873451,0.724667,0.931892
0,baseline,0.28,drag,0.57,0.119247,0.0875184,0.725971,0.933569
0,baseline,0.28,drag,0.58,0.121339,0.0827618,0.724961,0.932271
0,baseline,0.28,drag,0.59,0.123431,0.0781916,0.72563,0.933131
0,baseline,0.28,drag,0.6,0.125523,0.0759514,0.724107,0.931173
0,baseline,0.28,drag,0.61,0.127615,0.0675508,0.72437,0.931511
0,baseline,0.28,drag,0.62,0.129707,0.0605688,0.723862,0.930858
0,baseline,0.28,drag,0.63,0.131799,0.0614562,0.725101,0.932451
0,baseline,0.28,drag,0.64,0.133891,0.0752186,0.726755,0.934578
0,baseline,0.28,drag,0.65,0.135983,0.0913685,0.728684,0.937059
0,baseline,0.28,drag,0.66,0.138075,0.108781,0.7304,0.939265
0,baseline,0.28,drag,0.67,0.140167,0.109654,0.730654,0.939592
0,baseline,0.28,drag,0.68,0.142259,0.101741,0.730353,0.939204
0,baseline,0.28,drag,0.69,0.144351,0.0950935,0.728905,0.937342
0,baseline,0.28,drag,0.7,0.146444,0.0892463,0.728913,0.937353
0,baseline,0.28,drag,0.71,0.148536,0.08266,0.728402,0.936696
0,baseline,0.28,drag,0.72,0.150628,0.0855182,0.72768,0.935768
0,baseline,0.28,drag,0.73,0.15272,0.0956666,0.726771,0.934598
0,baseline,0.28,drag,0.74,0.154812,0.107656,0.726846,0.934695
0,baseline,0.28,drag,0.75,0.156904,0.116767,0.728687,0.937063
0,baseline,0.28,drag,0.76,0.158996,0.119644,0.729441,0.938031
0,baseline,0.28,drag,0.77,0.161088,0.113401,0.729097,0.937589
0,baseline,0.28,drag,0.78,0.16318,0.118291,0.729231,0.937762
0,baseline,0.28,drag,0.79,0.165272,0.112656,0.728766,0.937163
0,baseline,0.28,drag,0.8,0.167364,0.104313,0.728288,0.93655
0,baseline,0.28,drag,0.81,0.169456,0.104701,0.728854,0.937277
0,baseline,0.28,drag,0.82,0.171548,0.103392,0.729422,0.938007
0,baseline,0.28,drag,0.83,0.17364,0.115076,0.730246,0.939067
0,baseline,0.28,drag,0.84,0.175732,0.123369,0.730015,0.93877
0,baseline,0.28,drag,0.85,0.177824,0.125309,0.729695,0.938359
0,baseline,0.28,drag,0.86,0.179916,0.12548,0.728147,0.936367
0,baseline,0.28,drag,0.87,0.182008,0.118537,0.727123,0.935051
0,baseline,0.28,drag,0.88,0.1841,0.113556,0.72746,0.935485
0,baseline,0.28,drag,0.89,0.186192,0.119579,0.728001,0.93618
0,baseline,0.28,drag,0.9,0.188285,0.125648,0.730086,0.938861
0,baseline,0.28,drag,0.91,0.190377,0.121722,0.730211,0.939022
0,baseline,0.28,drag,0.92,0.192469,0.117991,0.730096,0.938874
0,baseline,0.28,drag,0.93,0.194561,0.120593,0.730392,0.939254
0,baseline,0.28,drag,0.94,0.196653,0.125853,0.731367,0.940509
0,baseline,0.28,drag,0.95,0.198745,0.139996,0.730435,0.93931
0,baseline,0.28,drag,0.96,0.200837,0.136427,0.729172,0.937687
0,baseline,0.28,drag,0.97,0.202929,0.134336,0.729424,0.938011
0,baseline,0.28,drag,0.98,0.205021,0.138987,0.728469,0.936781
0,baseline,0.28,drag,0.99,0.207113,0.138903,0.728375,0.936661
0,baseline,0.28,drag,1,0.209205,0.132635,0.729553,0.938176
0,baseline,0.28,drag,1.01,0.211297,0.135218,0.730233,0.93905
0,baseline,0.28,drag,1.02,0.213389,0.135957,0.730896,0.939903
0,baseline,0.28,drag,1.03,0.215481,0.128955,0.730378,0.939237
0,baseline,0.28,drag,1.04,0.217573,0.128283,0.731558,0.940754
0,baseline,0.28,drag,1.05,0.219665,0.130894,0.733065,0.942692
0,baseline,0.28,drag,1.06,0.221757,0.132183,0.733498,0.94325
0,baseline,0.28,drag,1.07,0.223849,0.142133,0.733851,0.943703
0,baseline,0.28,drag,1.08,0.225941,0.159491,0.732762,0.942303
0,baseline,0.28,drag,1.09,0.228033,0.155722,0.732232,0.941621
0,baseline,0.28,drag,1.1,0.230126,0.157696,0.731513,0.940696
0,baseline,0.28,drag,1.11,0.232218,0.155514,0.730815,0.939798
0,baseline,0.28,drag,1.12,0.23431,0.15521,0.729717,0.938387
0,baseline,0.28,drag,1.13,0.236402,0.165209,0.729662,0.938316
0,baseline,0.28,drag,1.14,0.238494,0.163271,0.730744,0.939707
0,baseline,0.28,drag,1.15,0.240586,0.165755,0.730535,0.939438
0,baseline,0.28,drag,1.16,0.242678,0.164413,0.729968,0.93871
0,baseline,0.28,drag,1.17,0.24477,0.163942,0.730867,0.939865
0,baseline,0.28,drag,1.18,0.246862,0.170757,0.731851,0.941131
0,baseline,0.28,drag,1.19,0.248954,0.16105,0.732257,0.941653
0,baseline,0.28,drag,1.2,0.251046,0.161984,0.733415,0.943142
0,baseline,0.28,drag,1.21,0.253138,0.153812,0.734645,0.944724
0,baseline,0.28,drag,1.22,0.25523,0.156333,0.734152,0.94409
0,baseline,0.28,drag,1.23,0.257322,0.165801,0.735077,0.94528
0,baseline,0.28,drag,1.24,0.259414,0.169602,0.735666,0.946037
0,baseline,0.28,drag,1.25,0.261506,0.179437,0.735504,0.945829
0,baseline,0.28,drag,1.26,0.263598,0.182407,0.733982,0.943871
0,baseline,0.28,drag,1.27,0.26569,0.179532,0.73305,0.942673
0,baseline,0.28,drag,1.28,0.267782,0.185509,0.732669,0.942183
0,baseline,0.28,drag,1.29,0.269874,0.177277,0.732453,0.941906
0,baseline,0.28,drag,1.3,0.271967,0.18082,0.731884,0.941174
0,baseline,0.28,drag,1.31,0.274059,0.181244,0.732992,0.942598
0,baseline,0.28,drag,1.32,0.276151,0.174425,0.733394,0.943116
0,baseline,0.28,drag,1.33,0.278243,0.177458,0.733297,0.942991
0,baseline,0.28,drag,1.34,0.280335,0.185572,0.733644,0.943437
0,baseline,0.28,drag,1.35,0.282427,0.18964,0.733953,0.943834
0,baseline,0.28,drag,1.36,0.284519,0.195133,0.734199,0.94415
0,baseline,0.28,drag,1.37,0.286611,0.187127,0.734812,0.944939
0,baseline,0.28,drag,1.38,0.288703,0.197237,0.733359,0.94307
0,baseline,0.28,drag,1.39,0.290795,0.196781,0.733265,0.94295
0,baseline,0.28,drag,1.4,0.292887,0.190492,0.733599,0.943379
0,baseline,0.28,drag,1.41,0.294979,0.192056,0.733916,0.943786
0,baseline,0.28,drag,1.42,0.297071,0.190371,0.735157,0.945383
0,baseline,0.28,drag,1.43,0.299163,0.196448,0.735348,0.945628
0,baseline,0.28,drag,1.44,0.301255,0.204722,0.733762,0.943589
0,baseline,0.28,drag,1.45,0.303347,0.20536,0.73373,0.943547
0,baseline,0.28,drag,1.46,0.305439,0.208661,0.735432,0.945737
0,baseline,0.28,drag,1.47,0.307531,0.202452,0.73665,0.947302
0,baseline,0.28,drag,1.48,0.309623,0.199215,0.737257,0.948084
0,baseline,0.28,drag,1.49,0.311715,0.198588,0.737457,0.94834
0,baseline,0.28,drag,1.5,0.313808,0.202278,0.737197,0.948006
0,baseline,0.28,drag,1.51,0.3159,0.197877,0.736532,0.947151
0,baseline,0.28,drag,1.52,0.317992,0.200635,0.736091,0.946583
0,baseline,0.28,drag,1.53,0.320084,0.206745,0.735314,0.945585
0,baseline,0.28,drag,1.54,0.322176,0.21097,0.734968,0.94514
0,baseline,0.28,drag,1.55,0.324268,0.206287,0.73552,0.94585
0,baseline,0.28,drag,1.56,0.32636,0.206821,0.73547,0.945786
0,baseline,0.28,drag,1.57,0.328452,0.207872,0.735779,0.946182
0,baseline,0.28,drag,1.58,0.330544,0.2179,0.736564,0.947192
0,baseline,0.28,drag,1.59,0.332636,0.215244,0.736968,0.947712
0,baseline,0.28,drag,1.6,0.334728,0.215987,0.735836,0.946255
0,baseline,0.28,drag,1.61,0.33682,0.209608,0.735268,0.945525
0,baseline,0.28,drag,1.62,0.338912,0.209132,0.735089,0.945295
0,baseline,0.28,drag,1.63,0.341004,0.210093,0.736694,0.947359
0,baseline,0.28,drag,1.64,0.343096,0.217136,0.737707,0.948661
0,baseline,0.28,drag,1.65,0.345188,0.224114,0.738477,0.949652
0,baseline,0.28,drag,1.66,0.34728,0.219768,0.739528,0.951004
0,baseline,0.28,drag,1.67,0.349372,0.213,0.741014,0.952915
0,baseline,0.28,drag,1.68,0.351464,0.214196,0.740591,0.95237
0,baseline,0.28,drag,1.69,0.353556,0.218318,0.741108,0.953035
0,baseline,0.28,drag,1.7,0.355649,0.215433,0.740952,0.952835
0,baseline,0.28,drag,1.71,0.357741,0.217981,0.739715,0.951244
0,baseline,0.28,drag,1.72,0.359833,0.222379,0.738973,0.95029
0,baseline,0.28,drag,1.73,0.361925,0.221782,0.737555,0.948466
0,baseline,0.28,drag,1.74,0.364017,0.22065,0.737096,0.947875
0,baseline,0.28,drag,1.75,0.366109,0.228123,0.73699,0.94774
0,baseline,0.28,drag,1.76,0.368201,0.224323,0.736893,0.947615
0,baseline,0.28,drag,1.77,0.370293,0.228965,0.737241,0.948063
0,baseline,0.28,drag,1.78,0.372385,0.236155,0.73871,0.949951
0,baseline,0.28,drag,1.79,0.374477,0.235868,0.740279,0.951969
0,baseline,0.28,drag,1.8,0.376569,0.229801,0.741193,0.953144
0,baseline,0.28,drag,1.81,0.378661,0.235234,0.740579,0.952355
0,baseline,0.28,drag,1.82,0.380753,0.237058,0.739794,0.951345
0,baseline,0.28,drag,1.83,0.382845,0.233454,0.740184,0.951847
0,baseline,0.28,drag,1.84,0.384937,0.236144,0.741712,0.953812
0,baseline,0.28,drag,1.85,0.387029,0.233106,0.740673,0.952476
0,baseline,0.28,drag,1.86,0.389121,0.234395,0.739596,0.951091
0,baseline,0.28,drag,1.87,0.391213,0.240669,0.739384,0.950818
0,baseline,0.28,drag,1.88,0.393305,0.239471,0.739155,0.950523
0,baseline,0.28,drag,1.89,0.395397,0.239496,0.73954,0.951019
0,baseline,0.28,drag,1.9,0.39749,0.238859,0.740664,0.952465
0,baseline,0.28,drag,1.91,0.399582,0.235581,0.740229,0.951905
0,baseline,0.28,drag,1.92,0.401674,0.240048,0.741029,0.952933
0,baseline,0.28,drag,1.93,0.403766,0.24549,0.740263,0.951949
0,baseline,0.28,drag,1.94,0.405858,0.241845,0.739421,0.950866
0,baseline,0.28,drag,1.95,0.40795,0.241869,0.738876,0.950165
0,baseline,0.28,drag,1.96,0.410042,0.24629,0.740568,0.952341
0,baseline,0.28,drag,1.97,0.412134,0.246756,0.741073,0.95299
0,baseline,0.28,drag,1.98,0.414226,0.251226,0.740038,0.95166
0,baseline,0.28,drag,1.99,0.416318,0.248521,0.740101,0.95174
0,baseline,0.28,drag,2,0.41841,0.246779,0.738922,0.950224
0,baseline,0.28,drag,2.01,0.420502,0.252885,0.739005,0.950331
0,baseline,0.28,drag,2.02,0.422594,0.248952,0.739914,0.9515
0,baseline,0.28,drag,2.03,0.424686,0.251624,0.741337,0.95333
0,baseline,0.28,drag,2.04,0.426778,0.250805,0.742219,0.954464
0,baseline,0.28,drag,2.05,0.42887,0.256321,0.742218,0.954463
0,baseline,0.28,drag,2.06,0.430962,0.254797,0.741467,0.953496
0,baseline,0.28,drag,2.07,0.433054,0.248846,0.740137,0.951787
0,baseline,0.28,drag,2.08,0.435146,0.247406,0.74045,0.95219
0,baseline,0.28,drag,2.09,0.437238,0.250751,0.740893,0.952758
0,baseline,0.28,drag,2.1,0.439331,0.252925,0.740808,0.95265
0,baseline,0.28,drag,2.11,0.441423,0.258407,0.741174,0.95312
0,baseline,0.28,drag,2.12,0.443515,0.260311,0.742675,0.955051
0,baseline,0.28,drag,2.13,0.445607,0.258514,0.742385,0.954677
0,baseline,0.28,drag,2.14,0.447699,0.25048,0.741698,0.953794
0,baseline,0.28,drag,2.15,0.449791,0.244637,0.743342,0.955909
0,baseline,0.28,drag,2.16,0.451883,0.259686,0.743357,0.955928
0,baseline,0.28,drag,2.17,0.453975,0.265757,0.743599,0.956239
0,baseline,0.28,drag,2.18,0.456067,0.267503,0.744201,0.957013
0,baseline,0.28,drag,2.19,0.458159,0.263944,0.744323,0.95717
0,baseline,0.28,drag,2.2,0.460251,0.263447,0.74366,0.956317
0,baseline,0.28,drag,2.21,0.462343,0.264611,0.744206,0.957019
0,baseline,0.28,drag,2.22,0.464435,0.265319,0.744743,0.95771
0,baseline,0.28,drag,2.23,0.466527,0.262024,0.74525,0.958362
0,baseline,0.28,drag,2.24,0.468619,0.260347,0.746784,0.960335
0,baseline,0.28,drag,2.25,0.470711,0.262652,0.746556,0.960041
0,baseline,0.28,drag,2.26,0.472803,0.264976,0.745863,0.95915
0,baseline,0.28,drag,2.27,0.474895,0.270443,0.745257,0.958371
0,baseline,0.28,drag,2.28,0.476987,0.269222,0.74455,0.957462
0,baseline,0.28,drag,2.29,0.479079,0.272707,0.744336,0.957186
0,baseline,0.28,drag,2.3,0.481172,0.263179,0.744386,0.957251
0,baseline,0.28,drag,2.31,0.483264,0.257198,0.744664,0.957608
0,baseline,0.28,drag,2.32,0.485356,0.263252,0.744827,0.957818
0,baseline,0.28,drag,2.33,0.487448,0.269065,0.744849,0.957846
0,baseline,0.28,drag,2.34,0.48954,0.268391,0.744226,0.957044
0,baseline,0.28,drag,2.35,0.491632,0.261808,0.744337,0.957188
0,baseline,0.28,drag,2.36,0.493724,0.264801,0.744528,0.957434
0,baseline,0.28,drag,2.37,0.495816,0.267639,0.744094,0.956876
0,baseline,0.28,drag,2.38,0.497908,0.272009,0.744814,0.957802
0,baseline,0.28,drag,2.39,0.5,0.275776,0.745784,0.959048
0,baseline,0.28,hold,0,0.5,0.269135,0.74521,0.95831
0,baseline,0.28,hold,0.01,0.5,0.270801,0.744752,0.957721
0,baseline,0.28,hold,0.02,0.5,0.273267,0.745313,0.958442
0,baseline,0.28,hold,0.03,0.5,0.272121,0.746005,0.959333
0,baseline,0.28,hold,0.04,0.5,0.271298,0.74499,0.958028
0,baseline,0.28,hold,0.05,0.5,0.267121,0.744236,0.957057
0,baseline,0.28,hold,0.06,0.5,0.279436,0.743897,0.956622
0,baseline,0.28,hold,0.07,0.5,0.280797,0.745017,0.958062
0,baseline,0.28,hold,0.08,0.5,0.279117,0.745961,0.959276
0,baseline,0.28,hold,0.09,0.5,0.275988,0.746494,0.959961
0,baseline,0.28,hold,0.1,0.5,0.272208,0.74592,0.959223
0,baseline,0.28,hold,0.11,0.5,0.270278,0.744891,0.9579
0,baseline,0.28,hold,0.12,0.5,0.277964,0.744833,0.957826
0,baseline,0.28,hold,0.13,0.5,0.273965,0.745407,0.958564
0,baseline,0.28,hold,0.14,0.5,0.274439,0.74459,0.957512
0,baseline,0.28,hold,0.15,0.5,0.274381,0.744717,0.957677
0,baseline,0.28,hold,0.16,0.5,0.280659,0.744585,0.957506
0,baseline,0.28,hold,0.17,0.5,0.272668,0.744572,0.95749
0,baseline,0.28,hold,0.18,0.5,0.272138,0.74415,0.956947
0,baseline,0.28,hold,0.19,0.5,0.273716,0.745786,0.959051
0,baseline,0.28,hold,0.2,0.5,0.269795,0.746737,0.960274
0,baseline,0.28,hold,0.21,0.5,0.272746,0.745621,0.958839
0,baseline,0.28,hold,0.22,0.5,0.276335,0.745178,0.958269
0,baseline,0.28,hold,0.23,0.5,0.27381,0.745261,0.958376
0,baseline,0.28,hold,0.24,0.5,0.273687,0.746141,0.959508
0,baseline,0.28,hold,0.25,0.5,0.272544,0.74599,0.959313
0,baseline,0.28,hold,0.26,0.5,0.274642,0.745327,0.958461
0,baseline,0.28,hold,0.27,0.5,0.275259,0.744451,0.957334
0,baseline,0.28,hold,0.28,0.5,0.269995,0.744534,0.957441
0,baseline,0.28,hold,0.29,0.5,0.26974,0.745486,0.958665
0,baseline,0.28,hold,0.3,0.5,0.275834,0.745148,0.958231
0,baseline,0.28,hold,0.31,0.5,0.278595,0.74571,0.958954
0,baseline,0.28,hold,0.32,0.5,0.272421,0.747009,0.960623
0,baseline,0.28,hold,0.33,0.5,0.275576,0.746689,0.960212
0,baseline,0.28,hold,0.34,0.5,0.271937,0.746214,0.959601
0,baseline,0.28,hold,0.35,0.5,0.271504,0.746375,0.959809
0,baseline,0.28,hold,0.36,0.5,0.276608,0.745334,0.958469
0,baseline,0.28,hold,0.37,0.5,0.275705,0.745762,0.959021
0,baseline,0.28,hold,0.38,0.5,0.274224,0.745633,0.958854
0,baseline,0.28,hold,0.39,0.5,0.268137,0.744583,0.957504
0,baseline,0.28,hold,0.4,0.5,0.262961,0.743913,0.956642
0,baseline,0.28,hold,0.41,0.5,0.270507,0.743724,0.956399
0,baseline,0.28,hold,0.42,0.5,0.268928,0.74417,0.956973
0,baseline,0.28,hold,0.43,0.5,0.272596,0.744763,0.957735
0,baseline,0.28,hold,0.44,0.5,0.281304,0.746163,0.959535
0,baseline,0.28,hold,0.45,0.5,0.273023,0.745951,0.959263
0,baseline,0.28,hold,0.46,0.5,0.269058,0.74524,0.958348
0,baseline,0.28,hold,0.47,0.5,0.274942,0.744465,0.957353
0,baseline,0.28,hold,0.48,0.5,0.27441,0.744928,0.957948
0,baseline,0.28,hold,0.49,0.5,0.264077,0.745442,0.958609
0,baseline,0.28,hold,0.5,0.5,0.267825,0.74551,0.958696
0,baseline,0.28,hold,0.51,0.5,0.267899,0.744963,0.957992
0,baseline,0.28,hold,0.52,0.5,0.273188,0.745177,0.958267
0,baseline,0.28,hold,0.53,0.5,0.275885,0.744646,0.957585
0,baseline,0.28,hold,0.54,0.5,0.271055,0.743074,0.955563
0,baseline,0.28,hold,0.55,0.5,0.271745,0.743906,0.956633
0,baseline,0.28,hold,0.56,0.5,0.270249,0.746461,0.959919
0,baseline,0.28,hold,0.57,0.5,0.267948,0.747059,0.960689
0,baseline,0.28,hold,0.58,0.5,0.267897,0.746479,0.959942
0,baseline,0.28,hold,0.59,0.5,0.276724,0.745953,0.959266
0,baseline,0.28,hold,0.6,0.5,0.269835,0.745241,0.95835
0,baseline,0.28,hold,0.61,0.5,0.268478,0.744692,0.957644
0,baseline,0.28,hold,0.62,0.5,0.276944,0.745468,0.958642
0,baseline,0.28,hold,0.63,0.5,0.283223,0.745193,0.958289
0,baseline,0.28,hold,0.64,0.5,0.284623,0.745032,0.958081
0,baseline,0.28,hold,0.65,0.5,0.275848,0.744989,0.958027
0,baseline,0.28,hold,0.66,0.5,0.269135,0.746502,0.959971
0,baseline,0.28,hold,0.67,0.5,0.273513,0.746466,0.959926
0,baseline,0.28,hold,0.68,0.5,0.275365,0.745298,0.958423
0,baseline,0.28,hold,0.69,0.5,0.273862,0.744108,0.956894
0,baseline,0.28,hold,0.7,0.5,0.27269,0.743663,0.956321
0,baseline,0.28,hold,0.71,0.5,0.273167,0.744491,0.957386
0,baseline,0.28,hold,0.72,0.5,0.276935,0.744801,0.957784
0,baseline,0.28,hold,0.73,0.5,0.27596,0.745055,0.958112
0,baseline,0.28,hold,0.74,0.5,0.273873,0.745608,0.958822
0,baseline,0.28,hold,0.75,0.5,0.268181,0.745854,0.959138
0,baseline,0.28,hold,0.76,0.5,0.269835,0.745231,0.958337
0,baseline,0.28,hold,0.77,0.5,0.26996,0.744053,0.956823
0,baseline,0.28,hold,0.78,0.5,0.277523,0.743731,0.956408
0,baseline,0.28,hold,0.79,0.5,0.269367,0.744033,0.956797
0,baseline,0.28,hold,0.8,0.5,0.277548,0.743216,0.955747
0,baseline,0.28,hold,0.81,0.5,0.276042,0.742739,0.955132
0,baseline,0.28,hold,0.82,0.5,0.279877,0.744048,0.956817
0,baseline,0.28,hold,0.83,0.5,0.271199,0.743741,0.956421
0,baseline,0.28,hold,0.84,0.5,0.272418,0.744036,0.956801
0,baseline,0.28,hold,0.85,0.5,0.277265,0.745612,0.958827
0,baseline,0.28,hold,0.86,0.5,0.273548,0.745409,0.958566
0,baseline,0.28,hold,0.87,0.5,0.263651,0.745396,0.958549
0,baseline,0.28,hold,0.88,0.5,0.26581,0.744299,0.957138
0,baseline,0.28,hold,0.89,0.5,0.269932,0.744642,0.95758
0,baseline,0.28,hold,0.9,0.5,0.280404,0.74545,0.958619
0,baseline,0.28,hold,0.91,0.5,0.276988,0.745518,0.958707
0,baseline,0.28,hold,0.92,0.5,0.265714,0.746359,0.959788
0,baseline,0.28,hold,0.93,0.5,0.272428,0.746812,0.96037
0,baseline,0.28,hold,0.94,0.5,0.275971,0.747972,0.961862
0,baseline,0.28,hold,0.95,0.5,0.275289,0.748582,0.962647
0,baseline,0.28,hold,0.96,0.5,0.27185,0.748197,0.962152
0,baseline,0.28,hold,0.97,0.5,0.272556,0.746617,0.96012
0,baseline,0.28,hold,0.98,0.5,0.271791,0.745716,0.958961
0,baseline,0.28,hold,0.99,0.5,0.274017,0.746468,0.959928
0,baseline,0.28,hold,1,0.5,0.275477,0.746428,0.959876
0,baseline,0.28,hold,1.01,0.5,0.277238,0.745018,0.958064
0,baseline,0.28,hold,1.02,0.5,0.276892,0.743616,0.95626
0,baseline,0.28,hold,1.03,0.5,0.268879,0.743434,0.956026
0,baseline,0.28,hold,1.04,0.5,0.272375,0.744692,0.957645
0,baseline,0.28,hold,1.05,0.5,0.272313,0.746139,0.959505
0,baseline,0.28,hold,1.06,0.5,0.264274,0.746343,0.959767
0,baseline,0.28,hold,1.07,0.5,0.268644,0.744867,0.957869
0,baseline,0.28,hold,1.08,0.5,0.28345,0.745068,0.958128
0,baseline,0.28,hold,1.09,0.5,0.274565,0.74661,0.96011
0,baseline,0.28,hold,1.1,0.5,0.262368,0.747323,0.961027
0,baseline,0.28,hold,1.11,0.5,0.268983,0.745807,0.959078
0,baseline,0.28,hold,1.12,0.5,0.274351,0.745773,0.959034
0,baseline,0.28,hold,1.13,0.5,0.266438,0.746475,0.959937
0,baseline,0.28,hold,1.14,0.5,0.271162,0.745781,0.959044
0,baseline,0.28,hold,1.15,0.5,0.276898,0.744244,0.957068
0,baseline,0.28,hold,1.16,0.5,0.273749,0.744528,0.957433
0,baseline,0.28,hold,1.17,0.5,0.269823,0.745076,0.958137
0,baseline,0.28,hold,1.18,0.5,0.270911,0.745024,0.958071
0,baseline,0.28,hold,1.19,0.5,0.276228,0.744723,0.957684
0,baseline,0.28,hold,1.2,0.5,0.272085,0.744475,0.957365
0,baseline,0.28,hold,1.21,0.5,0.266655,0.744038,0.956803
0,baseline,0.28,hold,1.22,0.5,0.270186,0.742396,0.954691
0,baseline,0.28,hold,1.23,0.5,0.274079,0.743184,0.955705
0,baseline,0.28,hold,1.24,0.5,0.273749,0.743382,0.955959
0,baseline,0.28,hold,1.25,0.5,0.277183,0.743452,0.95605
0,baseline,0.28,hold,1.26,0.5,0.271704,0.743653,0.956307
0,baseline,0.28,hold,1.27,0.5,0.271645,0.743537,0.956159
0,baseline,0.28,hold,1.28,0.5,0.275147,0.744973,0.958005
0,baseline,0.28,hold,1.29,0.5,0.274041,0.745432,0.958595
0,baseline,0.28,hold,1.3,0.5,0.274828,0.744646,0.957585
0,baseline,0.28,hold,1.31,0.5,0.278617,0.745537,0.95873
0,baseline,0.28,hold,1.32,0.5,0.279664,0.74577,0.95903
0,baseline,0.28,hold,1.33,0.5,0.275981,0.746332,0.959753
0,baseline,0.28,hold,1.34,0.5,0.278035,0.744719,0.957679
0,baseline,0.28,hold,1.35,0.5,0.27569,0.744537,0.957445
0,baseline,0.28,hold,1.36,0.5,0.273691,0.743957,0.956698
0,baseline,0.28,hold,1.37,0.5,0.27914,0.743841,0.95655
0,baseline,0.28,hold,1.38,0.5,0.277759,0.744904,0.957917
0,baseline,0.28,hold,1.39,0.5,0.283835,0.744859,0.957858
0,baseline,0.28,hold,1.4,0.5,0.271221,0.745776,0.959038
0,baseline,0.28,hold,1.41,0.5,0.267209,0.746863,0.960436
0,baseline,0.28,hold,1.42,0.5,0.267471,0.746284,0.959691
0,baseline,0.28,hold,1.43,0.5,0.279885,0.744608,0.957536
0,baseline,0.28,hold,1.44,0.5,0.278253,0.744674,0.957621
0,baseline,0.28,hold,1.45,0.5,0.265425,0.74569,0.958927
0,baseline,0.28,hold,1.46,0.5,0.269054,0.745175,0.958265
0,baseline,0.28,hold,1.47,0.5,0.277069,0.745365,0.95851
0,baseline,0.28,hold,1.48,0.5,0.277497,0.745364,0.958509
0,baseline,0.28,hold,1.49,0.5,0.277509,0.744156,0.956954
0,baseline,0.28,hold,1.5,0.5,0.27094,0.744717,0.957676
0,baseline,0.28,hold,1.51,0.5,0.270449,0.744786,0.957765
0,baseline,0.28,hold,1.52,0.5,0.266509,0.74418,0.956985
0,baseline,0.28,hold,1.53,0.5,0.270979,0.744131,0.956922
0,baseline,0.28,hold,1.54,0.5,0.27617,0.744329,0.957178
0,baseline,0.28,hold,1.55,0.5,0.276379,0.743403,0.955987
0,baseline,0.28,hold,1.56,0.5,0.275545,0.744115,0.956902
0,baseline,0.28,hold,1.57,0.5,0.271861,0.744073,0.956848
0,baseline,0.28,hold,1.58,0.5,0.273969,0.745453,0.958623
0,baseline,0.28,hold,1.59,0.5,0.27375,0.746017,0.959347
0,baseline,0.28,hold,1.6,0.5,0.26796,0.746576,0.960067
0,baseline,0.28,hold,1.61,0.5,0.277941,0.747517,0.961277
0,baseline,0.28,hold,1.62,0.5,0.270645,0.747412,0.961143
0,baseline,0.28,hold,1.63,0.5,0.270674,0.747627,0.961419
0,baseline,0.28,hold,1.64,0.5,0.276066,0.747338,0.961046
0,baseline,0.28,hold,1.65,0.5,0.272509,0.747308,0.961008
0,baseline,0.28,hold,1.66,0.5,0.276589,0.746545,0.960027
0,baseline,0.28,hold,1.67,0.5,0.274259,0.746011,0.95934
0,baseline,0.28,hold,1.68,0.5,0.270523,0.745168,0.958257
0,baseline,0.28,hold,1.69,0.5,0.269522,0.74583,0.959107
0,baseline,0.28,hold,1.7,0.5,0.273226,0.745696,0.958935
0,baseline,0.28,hold,1.71,0.5,0.263729,0.746707,0.960235
0,baseline,0.28,hold,1.72,0.5,0.267289,0.74702,0.960638
0,baseline,0.28,hold,1.73,0.5,0.274892,0.746196,0.959578
0,baseline,0.28,hold,1.74,0.5,0.275335,0.745462,0.958634
0,baseline,0.28,hold,1.75,0.5,0.273294,0.745837,0.959117
0,baseline,0.28,hold,1.76,0.5,0.274342,0.746047,0.959387
0,baseline,0.28,hold,1.77,0.5,0.280807,0.746342,0.959766
0,baseline,0.28,hold,1.78,0.5,0.278565,0.746633,0.960141
0,baseline,0.28,hold,1.79,0.5,0.274449,0.74616,0.959531
0,baseline,0.28,hold,1.8,0.5,0.274616,0.74575,0.959005
0,baseline,0.28,hold,1.81,0.5,0.272188,0.745348,0.958487
0,baseline,0.28,hold,1.82,0.5,0.268936,0.744181,0.956987
0,baseline,0.28,hold,1.83,0.5,0.269655,0.744705,0.957661
0,baseline,0.28,hold,1.84,0.5,0.27378,0.745376,0.958524
0,baseline,0.28,hold,1.85,0.5,0.276326,0.74553,0.958722
0,baseline,0.28,hold,1.86,0.5,0.279776,0.744955,0.957982
0,baseline,0.28,hold,1.87,0.5,0.278381,0.743805,0.956503
0,baseline,0.28,hold,1.88,0.5,0.275677,0.742989,0.955454
0,baseline,0.28,hold,1.89,0.5,0.273188,0.744287,0.957124
0,baseline,0.28,hold,1.9,0.5,0.273387,0.744316,0.957161
0,baseline,0.28,hold,1.91,0.5,0.267577,0.744986,0.958023
0,baseline,0.28,hold,1.92,0.5,0.269964,0.744555,0.957468
0,baseline,0.28,hold,1.93,0.5,0.277344,0.74487,0.957873
0,baseline,0.28,hold,1.94,0.5,0.276352,0.744476,0.957366
0,baseline,0.28,hold,1.95,0.5,0.272133,0.744833,0.957826
0,baseline,0.28,hold,1.96,0.5,0.273883,0.745423,0.958584
0,baseline,0.28,hold,1.97,0.5,0.277155,0.745314,0.958444
0,baseline,0.28,hold,1.98,0.5,0.279758,0.745825,0.959101
0,baseline,0.28,hold,1.99,0.5,0.274834,0.7467,0.960227
0,baseline,0.28,hold,2,0.5,0.276433,0.746783,0.960332
0,baseline,0.28,hold,2.01,0.5,0.280371,0.746327,0.959747
0,baseline,0.28,hold,2.02,0.5,0.274527,0.744441,0.957321
0,baseline,0.28,hold,2.03,0.5,0.279415,0.744317,0.957162
0,baseline,0.28,hold,2.04,0.5,0.275156,0.744251,0.957077
0,baseline,0.28,hold,2.05,0.5,0.26874,0.744133,0.956925
0,baseline,0.28,hold,2.06,0.5,0.26423,0.744312,0.957156
0,baseline,0.28,hold,2.07,0.5,0.265541,0.743957,0.956699
0,baseline,0.28,hold,2.08,0.5,0.280432,0.744655,0.957596
0,baseline,0.28,hold,2.09,0.5,0.275755,0.745011,0.958055
0,baseline,0.28,hold,2.1,0.5,0.267197,0.744528,0.957433
0,baseline,0.28,hold,2.11,0.5,0.268048,0.745765,0.959024
0,baseline,0.28,hold,2.12,0.5,0.280139,0.745056,0.958112
0,baseline,0.28,hold,2.13,0.5,0.27327,0.744926,0.957945
0,baseline,0.28,hold,2.14,0.5,0.272647,0.745989,0.959311
0,baseline,0.28,hold,2.15,0.5,0.26725,0.746593,0.960089
0,baseline,0.28,hold,2.16,0.5,0.278054,0.746432,0.959882
0,baseline,0.28,hold,2.17,0.5,0.273621,0.744942,0.957965
0,baseline,0.28,hold,2.18,0.5,0.271057,0.745309,0.958438
0,baseline,0.28,hold,2.19,0.5,0.269157,0.745165,0.958252
0,baseline,0.28,hold,2.2,0.5,0.274452,0.745214,0.958316
0,baseline,0.28,hold,2.21,0.5,0.272743,0.745668,0.958899
0,baseline,0.28,hold,2.22,0.5,0.268136,0.746847,0.960416
0,baseline,0.28,hold,2.23,0.5,0.27285,0.746379,0.959814
0,baseline,0.28,hold,2.24,0.5,0.274929,0.745766,0.959026
0,baseline,0.28,hold,2.25,0.5,0.268115,0.746415,0.95986
0,baseline,0.28,hold,2.26,0.5,0.260984,0.745698,0.958937
0,baseline,0.28,hold,2.27,0.5,0.26759,0.746146,0.959514
0,baseline,0.28,hold,2.28,0.5,0.274171,0.74575,0.959004
0,baseline,0.28,hold,2.29,0.5,0.279571,0.744282,0.957117
0,baseline,0.28,hold,2.3,0.5,0.275822,0.743904,0.95663
0,baseline,0.28,hold,2.31,0.5,0.269243,0.744844,0.95784
0,baseline,0.28,hold,2.32,0.5,0.278809,0.746125,0.959487
0,baseline,0.28,hold,2.33,0.5,0.27982,0.746238,0.959633
0,baseline,0.28,hold,2.34,0.5,0.268707,0.747105,0.960747
0,baseline,0.28,hold,2.35,0.5,0.258204,0.747137,0.960788
0,baseline,0.28,hold,2.36,0.5,0.260399,0.746776,0.960324
0,baseline,0.28,hold,2.37,0.5,0.270023,0.745796,0.959063
0,baseline,0.28,hold,2.38,0.5,0.277091,0.745739,0.95899
0,baseline,0.28,hold,2.39,0.5,0.277662,0.746044,0.959383
1,incompressible,0.49,drag,0,0,0,0.777629,1
1,incompressible,0.49,drag,0.01,0.00209205,0,0.777629,1
1,incompressible,0.49,drag,0.02,0.0041841,8.53971e-05,0.777637,1.00001
1,incompressible,0.49,drag,0.03,0.00627615,0.000417034,0.777666,1.00005
1,incompressible,0.49,drag,0.04,0.0083682,0.00113756,0.777731,1.00013
1,incompressible,0.49,drag,0.05,0.0104603,0.0023599,0.77784,1.00027
1,incompressible,0.49,drag,0.06,0.0125523,0.00415796,0.778001,1.00048
1,incompressible,0.49,drag,0.07,0.0146444,0.00656039,0.778216,1.00075
1,incompressible,0.49,drag,0.08,0.0167364,0.00954788,0.778483,1.0011
1,incompressible,0.49,drag,0.09,0.0188285,0.0130543,0.778796,1.0015
1,incompressible,0.49,drag,0.1,0.0209205,0.0169715,0.779147,1.00195
1,incompressible,0.49,drag,0.11,0.0230126,0.0211576,0.779521,1.00243
1,incompressible,0.49,drag,0.12,0.0251046,0.025448,0.779905,1.00293
1,incompressible,0.49,drag,0.13,0.0271967,0.0296682,0.780282,1.00341
1,incompressible,0.49,drag,0.14,0.0292887,0.033648,0.780638,1.00387
1,incompressible,0.49,drag,0.15,0.0313808,0.0372344,0.780959,1.00428
1,incompressible,0.49,drag,0.16,0.0334728,0.0403048,0.781233,1.00463
1,incompressible,0.49,drag,0.17,0.0355649,0.0427764,0.781455,1.00492
1,incompressible,0.49,drag,0.18,0.0376569,0.0446136,0.781619,1.00513
1,incompressible,0.49,drag,0.19,0.039749,0.045831,0.781729,1.00527
1,incompressible,0.49,drag,0.2,0.041841,0.0464927,0.781788,1.00535
1,incompressible,0.49,drag,0.21,0.0439331,0.0467078,0.781807,1.00537
1,incompressible,0.49,drag,0.22,0.0460251,0.0466221,0.781799,1.00536
1,incompressible,0.49,drag,0.23,0.0481172,0.0464064,0.78178,1.00534
1,incompressible,0.49,drag,0.24,0.0502092,0.0462438,0.781766,1.00532
1,incompressible,0.49,drag,0.25,0.0523013,0.0463146,0.781772,1.00533
1,incompressible,0.49,drag,0.26,0.0543933,0.0467821,0.781814,1.00538
1,incompressible,0.49,drag,0.27,0.0564854,0.0477794,0.781903,1.0055
1,incompressible,0.49,drag,0.28,0.0585774,0.0493988,0.782048,1.00568
1,incompressible,0.49,drag,0.29,0.0606695,0.0516834,0.782253,1.00595
1,incompressible,0.49,drag,0.3,0.0627615,0.0546241,0.782517,1.00629
1,incompressible,0.49,drag,0.31,0.0648536,0.0581589,0.782834,1.00669
1,incompressible,0.49,drag,0.32,0.0669456,0.0621782,0.783195,1.00716
1,incompressible,0.49,drag,0.33,0.0690377,0.0665326,0.783588,1.00766
1,incompressible,0.49,drag,0.34,0.0711297,0.0710447,0.783994,1.00819
1,incompressible,0.49,drag,0.35,0.0732218,0.0755228,0.784398,1.0087
1,incompressible,0.49,drag,0.36,0.0753138,0.0797763,0.784782,1.0092
1,incompressible,0.49,drag,0.37,0.0774059,0.0836308,0.785129,1.00964
1,incompressible,0.49,drag,0.38,0.0794979,0.086942,0.785428,1.01003
1,incompressible,0.49,drag,0.39,0.08159,0.0896078,0.785668,1.01034
1,incompressible,0.49,drag,0.4,0.083682,0.0915766,0.785846,1.01057
1,incompressible,0.49,drag,0.41,0.0857741,0.092852,0.785961,1.01071
1,incompressible,0.49,drag,0.42,0.0878661,0.0934928,0.786019,1.01079
1,incompressible,0.49,drag,0.43,0.0899582,0.093609,0.786029,1.0108
1,incompressible,0.49,drag,0.44,0.0920502,0.0933536,0.786006,1.01077
1,incompressible,0.49,drag,0.45,0.0941423,0.0929104,0.785966,1.01072
1,incompressible,0.49,drag,0.46,0.0962343,0.09248,0.785927,1.01067
1,incompressible,0.49,drag,0.47,0.0983264,0.0922637,0.785908,1.01065
1,incompressible,0.49,drag,0.48,0.100418,0.0924476,0.785924,1.01067
1,incompressible,0.49,drag,0.49,0.10251,0.0931875,0.785991,1.01075
1,incompressible,0.49,drag,0.5,0.104603,0.0945962,0.786118,1.01092
1,incompressible,0.49,drag,0.51,0.106695,0.0967345,0.786311,1.01116
1,incompressible,0.49,drag,0.52,0.108787,0.099605,0.78657,1.0115
1,incompressible,0.49,drag,0.53,0.110879,0.103152,0.78689,1.01191
1,incompressible,0.49,drag,0.54,0.112971,0.107267,0.787261,1.01239
1,incompressible,0.49,drag,0.55,0.115063,0.111792,0.787669,1.01291
1,incompressible,0.49,drag,0.56,0.117155,0.116537,0.788096,1.01346
1,incompressible,0.49,drag,0.57,0.119247,0.121293,0.788525,1.01401
1,incompressible,0.49,drag,0.58,0.121339,0.125847,0.788936,1.01454
1,incompressible,0.49,drag,0.59,0.123431,0.130001,0.78931,1.01502
1,incompressible,0.49,drag,0.6,0.125523,0.133587,0.789634,1.01544
1,incompressible,0.49,drag,0.61,0.127615,0.136481,0.789895,1.01577
1,incompressible,0.49,drag,0.62,0.129707,0.138612,0.790087,1.01602
1,incompressible,0.49,drag,0.63,0.131799,0.139971,0.790209,1.01618
1,incompressible,0.49,drag,0.64,0.133891,0.140608,0.790267,1.01625
1,incompressible,0.49,drag,0.65,0.135983,0.140634,0.790269,1.01625
1,incompressible,0.49,drag,0.66,0.138075,0.140208,0.790231,1.01621
1,incompressible,0.49,drag,0.67,0.140167,0.139526,0.790169,1.01613
1,incompressible,0.49,drag,0.68,0.142259,0.138808,0.790105,1.01604
1,incompressible,0.49,drag,0.69,0.144351,0.138277,0.790057,1.01598
1,incompressible,0.49,drag,0.7,0.146444,0.138144,0.790045,1.01597
1,incompressible,0.49,drag,0.71,0.148536,0.138591,0.790085,1.01602
1,incompressible,0.49,drag,0.72,0.150628,0.139754,0.79019,1.01615
1,incompressible,0.49,drag,0.73,0.15272,0.141713,0.790367,1.01638
1,incompressible,0.49,drag,0.74,0.154812,0.144486,0.790617,1.0167
1,incompressible,0.49,drag,0.75,0.156904,0.148026,0.790936,1.01711
1,incompressible,0.49,drag,0.76,0.158996,0.152226,0.791314,1.0176
1,incompressible,0.49,drag,0.77,0.161088,0.156921,0.791738,1.01814
1,incompressible,0.49,drag,0.78,0.16318,0.16191,0.792188,1.01872
1,incompressible,0.49,drag,0.79,0.165272,0.166964,0.792643,1.01931
1,incompressible,0.49,drag,0.8,0.167364,0.171847,0.793084,1.01987
1,incompressible,0.49,drag,0.81,0.169456,0.176335,0.793488,1.02039
1,incompressible,0.49,drag,0.82,0.171548,0.180233,0.79384,1.02085
1,incompressible,0.49,drag,0.83,0.17364,0.183392,0.794125,1.02121
1,incompressible,0.49,drag,0.84,0.175732,0.185721,0.794335,1.02148
1,incompressible,0.49,drag,0.85,0.177824,0.187192,0.794467,1.02165
1,incompressible,0.49,drag,0.86,0.179916,0.187847,0.794526,1.02173
1,incompressible,0.49,drag,0.87,0.182008,0.187795,0.794522,1.02172
1,incompressible,0.49,drag,0.88,0.1841,0.187199,0.794468,1.02165
1,incompressible,0.49,drag,0.89,0.186192,0.186268,0.794384,1.02155
1,incompressible,0.49,drag,0.9,0.188285,0.185242,0.794292,1.02143
1,incompressible,0.49,drag,0.91,0.190377,0.184368,0.794213,1.02133
1,incompressible,0.49,drag,0.92,0.192469,0.183884,0.794169,1.02127
1,incompressible,0.49,drag,0.93,0.194561,0.183998,0.794179,1.02128
1,incompressible,0.49,drag,0.94,0.196653,0.184875,0.794258,1.02138
1,incompressible,0.49,drag,0.95,0.198745,0.186618,0.794416,1.02159
1,incompressible,0.49,drag,0.96,0.200837,0.189262,0.794654,1.02189
1,incompressible,0.49,drag,0.97,0.202929,0.192772,0.794971,1.0223
1,incompressible,0.49,drag,0.98,0.205021,0.197043,0.795356,1.0228
1,incompressible,0.49,drag,0.99,0.207113,0.201907,0.795794,1.02336
1,incompressible,0.49,drag,1,0.209205,0.207148,0.796267,1.02397
1,incompressible,0.49,drag,1.01,0.211297,0.21252,0.796751,1.02459
1,incompressible,0.49,drag,1.02,0.213389,0.217761,0.797224,1.0252
1,incompressible,0.49,drag,1.03,0.215481,0.222619,0.797662,1.02576
1,incompressible,0.49,drag,1.04,0.217573,0.22687,0.798045,1.02625
1,incompressible,0.49,drag,1.05,0.219665,0.230337,0.798358,1.02666
1,incompressible,0.49,drag,1.06,0.221757,0.232902,0.798589,1.02695
1,incompressible,0.49,drag,1.07,0.223849,0.234519,0.798735,1.02714
1,incompressible,0.49,drag,1.08,0.225941,0.235219,0.798798,1.02722
1,incompressible,0.49,drag,1.09,0.228033,0.235103,0.798788,1.02721
1,incompressible,0.49,drag,1.1,0.230126,0.234341,0.798719,1.02712
1,incompressible,0.49,drag,1.11,0.232218,0.233155,0.798612,1.02698
1,incompressible,0.49,drag,1.12,0.23431,0.231801,0.79849,1.02683
1,incompressible,0.49,drag,1.13,0.236402,0.230554,0.798377,1.02668
1,incompressible,0.49,drag,1.14,0.238494,0.22968,0.798299,1.02658
1,incompressible,0.49,drag,1.15,0.240586,0.22942,0.798275,1.02655
1,incompressible,0.49,drag,1.16,0.242678,0.229967,0.798324,1.02661
1,incompressible,0.49,drag,1.17,0.24477,0.231452,0.798458,1.02679
1,incompressible,0.49,drag,1.18,0.246862,0.23393,0.798682,1.02707
1,incompressible,0.49,drag,1.19,0.248954,0.237381,0.798993,1.02747
1,incompressible,0.49,drag,1.2,0.251046,0.241705,0.799383,1.02797
1,incompressible,0.49,drag,1.21,0.253138,0.246732,0.799836,1.02856
1,incompressible,0.49,drag,1.22,0.25523,0.252234,0.800332,1.0292
1,incompressible,0.49,drag,1.23,0.257322,0.257942,0.800847,1.02986
1,incompressible,0.49,drag,1.24,0.259414,0.263572,0.801355,1.03051
1,incompressible,0.49,drag,1.25,0.261506,0.268839,0.801829,1.03112
1,incompressible,0.49,drag,1.26,0.263598,0.273487,0.802249,1.03166
1,incompressible,0.49,drag,1.27,0.26569,0.277307,0.802593,1.0321
1,incompressible,0.49,drag,1.28,0.267782,0.280153,0.80285,1.03243
1,incompressible,0.49,drag,1.29,0.269874,0.281957,0.803012,1.03264
1,incompressible,0.49,drag,1.3,0.271967,0.282731,0.803082,1.03273
1,incompressible,0.49,drag,1.31,0.274059,0.282573,0.803068,1.03271
1,incompressible,0.49,drag,1.32,0.276151,0.281652,0.802985,1.03261
1,incompressible,0.49,drag,1.33,0.278243,0.280203,0.802854,1.03244
1,incompressible,0.49,drag,1.34,0.280335,0.278502,0.802701,1.03224
1,incompressible,0.49,drag,1.35,0.282427,0.276851,0.802552,1.03205
1,incompressible,0.49,drag,1.36,0.284519,0.275549,0.802434,1.0319
1,incompressible,0.49,drag,1.37,0.286611,0.274868,0.802373,1.03182
1,incompressible,0.49,drag,1.38,0.288703,0.275037,0.802388,1.03184
1,incompressible,0.49,drag,1.39,0.290795,0.276216,0.802495,1.03198
1,incompressible,0.49,drag,1.4,0.292887,0.278487,0.802699,1.03224
1,incompressible,0.49,drag,1.41,0.294979,0.281846,0.803002,1.03263
1,incompressible,0.49,drag,1.42,0.297071,0.286201,0.803395,1.03313
1,incompressible,0.49,drag,1.43,0.299163,0.291381,0.803862,1.03373
1,incompressible,0.49,drag,1.44,0.301255,0.297147,0.804382,1.0344
1,incompressible,0.49,drag,1.45,0.303347,0.303212,0.80493,1.03511
1,incompressible,0.49,drag,1.46,0.305439,0.30926,0.805475,1.03581
1,incompressible,0.49,drag,1.47,0.307531,0.314977,0.805991,1.03647
1,incompressible,0.49,drag,1.48,0.309623,0.32007,0.80645,1.03706
1,incompressible,0.49,drag,1.49,0.311715,0.324295,0.806831,1.03755
1,incompressible,0.49,drag,1.5,0.313808,0.327472,0.807118,1.03792
1,incompressible,0.49,drag,1.51,0.3159,0.329507,0.807302,1.03816
1,incompressible,0.49,drag,1.52,0.317992,0.330393,0.807381,1.03826
1,incompressible,0.49,drag,1.53,0.320084,0.330216,0.807365,1.03824
1,incompressible,0.49,drag,1.54,0.322176,0.329148,0.807269,1.03812
1,incompressible,0.49,drag,1.55,0.324268,0.327433,0.807114,1.03792
1,incompressible,0.49,drag,1.56,0.32636,0.325368,0.806928,1.03768
1,incompressible,0.49,drag,1.57,0.328452,0.323282,0.80674,1.03744
1,incompressible,0.49,drag,1.58,0.330544,0.321508,0.80658,1.03723
1,incompressible,0.49,drag,1.59,0.332636,0.320358,0.806476,1.0371
1,incompressible,0.49,drag,1.6,0.334728,0.320095,0.806453,1.03707
1,incompressible,0.49,drag,1.61,0.33682,0.320916,0.806527,1.03716
1,incompressible,0.49,drag,1.62,0.338912,0.322931,0.806708,1.03739
1,incompressible,0.49,drag,1.63,0.341004,0.326157,0.806999,1.03777
1,incompressible,0.49,drag,1.64,0.343096,0.330516,0.807393,1.03827
1,incompressible,0.49,drag,1.65,0.345188,0.335836,0.807872,1.03889
1,incompressible,0.49,drag,1.66,0.34728,0.341869,0.808417,1.03959
1,incompressible,0.49,drag,1.67,0.349372,0.348306,0.808997,1.04034
1,incompressible,0.49,drag,1.68,0.351464,0.354805,0.809584,1.04109
1,incompressible,0.49,drag,1.69,0.353556,0.361015,0.810144,1.04181
1,incompressible,0.49,drag,1.7,0.355649,0.366604,0.810648,1.04246
1,incompressible,0.49,drag,1.71,0.357741,0.371289,0.811071,1.043
1,incompressible,0.49,drag,1.72,0.359833,0.374853,0.811392,1.04342
1,incompressible,0.49,drag,1.73,0.361925,0.37717,0.811601,1.04369
1,incompressible,0.49,drag,1.74,0.364017,0.37821,0.811695,1.04381
1,incompressible,0.49,drag,1.75,0.366109,0.378046,0.81168,1.04379
1,incompressible,0.49,drag,1.76,0.368201,0.376847,0.811572,1.04365
1,incompressible,0.49,drag,1.77,0.370293,0.374866,0.811393,1.04342
1,incompressible,0.49,drag,1.78,0.372385,0.37242,0.811173,1.04314
1,incompressible,0.49,drag,1.79,0.374477,0.369869,0.810942,1.04284
1,incompressible,0.49,drag,1.8,0.376569,0.36758,0.810736,1.04257
1,incompressible,0.49,drag,1.81,0.378661,0.365906,0.810585,1.04238
1,incompressible,0.49,drag,1.82,0.380753,0.365153,0.810517,1.04229
1,incompressible,0.49,drag,1.83,0.382845,0.365556,0.810553,1.04234
1,incompressible,0.49,drag,1.84,0.384937,0.367261,0.810707,1.04254
1,incompressible,0.49,drag,1.85,0.387029,0.370309,0.810982,1.04289
1,incompressible,0.49,drag,1.86,0.389121,0.374637,0.811373,1.04339
1,incompressible,0.49,drag,1.87,0.391213,0.380079,0.811863,1.04402
1,incompressible,0.49,drag,1.88,0.393305,0.386376,0.812431,1.04475
1,incompressible,0.49,drag,1.89,0.395397,0.393201,0.813047,1.04555
1,incompressible,0.49,drag,1.9,0.39749,0.400182,0.813677,1.04636
1,incompressible,0.49,drag,1.91,0.399582,0.406929,0.814286,1.04714
1,incompressible,0.49,drag,1.92,0.401674,0.41307,0.814839,1.04785
1,incompressible,0.49,drag,1.93,0.403766,0.418276,0.815309,1.04845
1,incompressible,0.49,drag,1.94,0.405858,0.422289,0.815671,1.04892
1,incompressible,0.49,drag,1.95,0.40795,0.424947,0.815911,1.04923
1,incompressible,0.49,drag,1.96,0.410042,0.426192,0.816023,1.04937
1,incompressible,0.49,drag,1.97,0.412134,0.426077,0.816013,1.04936
1,incompressible,0.49,drag,1.98,0.414226,0.424768,0.815895,1.04921
1,incompressible,0.49,drag,1.99,0.416318,0.422525,0.815692,1.04895
1,incompressible,0.49,drag,2,0.41841,0.419685,0.815436,1.04862
1,incompressible,0.49,drag,2.01,0.420502,0.416636,0.815161,1.04826
1,incompressible,0.49,drag,2.02,0.422594,0.413787,0.814904,1.04793
1,incompressible,0.49,drag,2.03,0.424686,0.411532,0.814701,1.04767
1,incompressible,0.49,drag,2.04,0.426778,0.410226,0.814583,1.04752
1,incompressible,0.49,drag,2.05,0.42887,0.410146,0.814576,1.04751
1,incompressible,0.49,drag,2.06,0.430962,0.411478,0.814696,1.04767
1,incompressible,0.49,drag,2.07,0.433054,0.414294,0.81495,1.04799
1,incompressible,0.49,drag,2.08,0.435146,0.418551,0.815334,1.04849
1,incompressible,0.49,drag,2.09,0.437238,0.424089,0.815833,1.04913
1,incompressible,0.49,drag,2.1,0.439331,0.430644,0.816425,1.04989
1,incompressible,0.49,drag,2.11,0.441423,0.43787,0.817077,1.05073
1,incompressible,0.49,drag,2.12,0.443515,0.445363,0.817753,1.0516
1,incompressible,0.49,drag,2.13,0.445607,0.452695,0.818414,1.05245
1,incompressible,0.49,drag,2.14,0.447699,0.459446,0.819023,1.05323
1,incompressible,0.49,drag,2.15,0.449791,0.465239,0.819546,1.0539
1,incompressible,0.49,drag,2.16,0.451883,0.469771,0.819954,1.05443
1,incompressible,0.49,drag,2.17,0.453975,0.472836,0.820231,1.05478
1,incompressible,0.49,drag,2.18,0.456067,0.474342,0.820367,1.05496
1,incompressible,0.49,drag,2.19,0.458159,0.474322,0.820365,1.05496
1,incompressible,0.49,drag,2.2,0.460251,0.472931,0.820239,1.0548
1,incompressible,0.49,drag,2.21,0.462343,0.470435,0.820014,1.05451
1,incompressible,0.49,drag,2.22,0.464435,0.467189,0.819721,1.05413
1,incompressible,0.49,drag,2.23,0.466527,0.463613,0.819399,1.05371
1,incompressible,0.49,drag,2.24,0.468619,0.460156,0.819087,1.05331
1,incompressible,0.49,drag,2.25,0.470711,0.457261,0.818826,1.05298
1,incompressible,0.49,drag,2.26,0.472803,0.455331,0.818652,1.05275
1,incompressible,0.49,drag,2.27,0.474895,0.454696,0.818594,1.05268
1,incompressible,0.49,drag,2.28,0.476987,0.455585,0.818675,1.05278
1,incompressible,0.49,drag,2.29,0.479079,0.458108,0.818902,1.05308
1,incompressible,0.49,drag,2.3,0.481172,0.462245,0.819275,1.05356
1,incompressible,0.49,drag,2.31,0.483264,0.467848,0.819781,1.05421
1,incompressible,0.49,drag,2.32,0.485356,0.47465,0.820394,1.05499
1,incompressible,0.49,drag,2.33,0.487448,0.482285,0.821083,1.05588
1,incompressible,0.49,drag,2.34,0.48954,0.49032,0.821808,1.05681
1,incompressible,0.49,drag,2.35,0.491632,0.498284,0.822526,1.05774
1,incompressible,0.49,drag,2.36,0.493724,0.505707,0.823196,1.0586
1,incompressible,0.49,drag,2.37,0.495816,0.51216,0.823778,1.05935
1,incompressible,0.49,drag,2.38,0.497908,0.517287,0.824241,1.05994
1,incompressible,0.49,drag,2.39,0.5,0.520832,0.82456,1.06035
1,incompressible,0.49,hold,0,0.5,0.522665,0.824726,1.06056
1,incompressible,0.49,hold,0.01,0.5,0.522708,0.82473,1.06057
1,incompressible,0.49,hold,0.02,0.5,0.520939,0.82457,1.06036
1,incompressible,0.49,hold,0.03,0.5,0.517484,0.824258,1.05996
1,incompressible,0.49,hold,0.04,0.5,0.512603,0.823818,1.0594
1,incompressible,0.49,hold,0.05,0.5,0.506673,0.823283,1.05871
1,incompressible,0.49,hold,0.06,0.5,0.500157,0.822695,1.05795
1,incompressible,0.49,hold,0.07,0.5,0.493569,0.822101,1.05719
1,incompressible,0.49,hold,0.08,0.5,0.487435,0.821548,1.05648
1,incompressible,0.49,hold,0.09,0.5,0.482248,0.82108,1.05588
1,incompressible,0.49,hold,0.1,0.5,0.47843,0.820735,1.05543
1,incompressible,0.49,hold,0.11,0.5,0.476298,0.820543,1.05519
1,incompressible,0.49,hold,0.12,0.5,0.476038,0.82052,1.05516
1,incompressible,0.49,hold,0.13,0.5,0.477687,0.820668,1.05535
1,incompressible,0.49,hold,0.14,0.5,0.481131,0.820979,1.05575
1,incompressible,0.49,hold,0.15,0.5,0.48611,0.821428,1.05632
1,incompressible,0.49,hold,0.16,0.5,0.492243,0.821981,1.05704
1,incompressible,0.49,hold,0.17,0.5,0.49905,0.822596,1.05782
1,incompressible,0.49,hold,0.18,0.5,0.505994,0.823222,1.05863
1,incompressible,0.49,hold,0.19,0.5,0.512523,0.823811,1.05939
1,incompressible,0.49,hold,0.2,0.5,0.518112,0.824315,1.06004
1,incompressible,0.49,hold,0.21,0.5,0.522306,0.824693,1.06052
1,incompressible,0.49,hold,0.22,0.5,0.524759,0.824915,1.06081
1,incompressible,0.49,hold,0.23,0.5,0.525259,0.82496,1.06087
1,incompressible,0.49,hold,0.24,0.5,0.523749,0.824823,1.06069
1,incompressible,0.49,hold,0.25,0.5,0.52033,0.824515,1.06029
1,incompressible,0.49,hold,0.26,0.5,0.515259,0.824058,1.05971
1,incompressible,0.49,hold,0.27,0.5,0.508925,0.823486,1.05897
1,incompressible,0.49,hold,0.28,0.5,0.501822,0.822846,1.05815
1,incompressible,0.49,hold,0.29,0.5,0.494509,0.822186,1.0573
1,incompressible,0.49,hold,0.3,0.5,0.487568,0.82156,1.05649
1,incompressible,0.49,hold,0.31,0.5,0.481556,0.821017,1.0558
1,incompressible,0.49,hold,0.32,0.5,0.476962,0.820603,1.05526
1,incompressible,0.49,hold,0.33,0.5,0.474163,0.820351,1.05494
1,incompressible,0.49,hold,0.34,0.5,0.4734,0.820282,1.05485
1,incompressible,0.49,hold,0.35,0.5,0.474753,0.820404,1.05501
1,incompressible,0.49,hold,0.36,0.5,0.478131,0.820708,1.0554
1,incompressible,0.49,hold,0.37,0.5,0.483284,0.821173,1.056
1,incompressible,0.49,hold,0.38,0.5,0.489818,0.821763,1.05675
1,incompressible,0.49,hold,0.39,0.5,0.497222,0.822431,1.05761
1,incompressible,0.49,hold,0.4,0.5,0.504915,0.823125,1.05851
1,incompressible,0.49,hold,0.41,0.5,0.512286,0.823789,1.05936
1,incompressible,0.49,hold,0.42,0.5,0.518743,0.824372,1.06011
1,incompressible,0.49,hold,0.43,0.5,0.523763,0.824825,1.06069
1,incompressible,0.49,hold,0.44,0.5,0.526933,0.825111,1.06106
1,incompressible,0.49,hold,0.45,0.5,0.527983,0.825205,1.06118
1,incompressible,0.49,hold,0.46,0.5,0.52681,0.8251,1.06105
1,incompressible,0.49,hold,0.47,0.5,0.523488,0.8248,1.06066
1,incompressible,0.49,hold,0.48,0.5,0.518263,0.824329,1.06005
1,incompressible,0.49,hold,0.49,0.5,0.511533,0.823722,1.05927
1,incompressible,0.49,hold,0.5,0.5,0.503823,0.823026,1.05838
1,incompressible,0.49,hold,0.51,0.5,0.495738,0.822297,1.05744
1,incompressible,0.49,hold,0.52,0.5,0.48792,0.821591,1.05653
1,incompressible,0.49,hold,0.53,0.5,0.480995,0.820967,1.05573
1,incompressible,0.49,hold,0.54,0.5,0.475524,0.820473,1.0551
1,incompressible,0.49,hold,0.55,0.5,0.471955,0.820151,1.05468
1,incompressible,0.49,hold,0.56,0.5,0.470592,0.820028,1.05452
1,incompressible,0.49,hold,0.57,0.5,0.471562,0.820116,1.05464
1,incompressible,0.49,hold,0.58,0.5,0.474809,0.820409,1.05501
1,incompressible,0.49,hold,0.59,0.5,0.480096,0.820886,1.05563
1,incompressible,0.49,hold,0.6,0.5,0.487017,0.82151,1.05643
1,incompressible,0.49,hold,0.61,0.5,0.495037,0.822234,1.05736
1,incompressible,0.49,hold,0.62,0.5,0.503525,0.822999,1.05834
1,incompressible,0.49,hold,0.63,0.5,0.511809,0.823746,1.0593
1,incompressible,0.49,hold,0.64,0.5,0.519225,0.824415,1.06017
1,incompressible,0.49,hold,0.65,0.5,0.525175,0.824952,1.06086
1,incompressible,0.49,hold,0.66,0.5,0.52917,0.825313,1.06132
1,incompressible,0.49,hold,0.67,0.5,0.530875,0.825466,1.06152
1,incompressible,0.49,hold,0.68,0.5,0.530132,0.825399,1.06143
1,incompressible,0.49,hold,0.69,0.5,0.526978,0.825115,1.06106
1,incompressible,0.49,hold,0.7,0.5,0.521644,0.824634,1.06045
1,incompressible,0.49,hold,0.71,0.5,0.514536,0.823992,1.05962
1,incompressible,0.49,hold,0.72,0.5,0.506203,0.823241,1.05865
1,incompressible,0.49,hold,0.73,0.5,0.497301,0.822438,1.05762
1,incompressible,0.49,hold,0.74,0.5,0.488533,0.821647,1.0566
1,incompressible,0.49,hold,0.75,0.5,0.480601,0.820931,1.05568
1,incompressible,0.49,hold,0.76,0.5,0.474145,0.820349,1.05494
1,incompressible,0.49,hold,0.77,0.5,0.469693,0.819947,1.05442
1,incompressible,0.49,hold,0.78,0.5,0.467618,0.81976,1.05418
1,incompressible,0.49,hold,0.79,0.5,0.468108,0.819804,1.05424
1,incompressible,0.49,hold,0.8,0.5,0.471146,0.820078,1.05459
1,incompressible,0.49,hold,0.81,0.5,0.476513,0.820563,1.05521
1,incompressible,0.49,hold,0.82,0.5,0.483803,0.82122,1.05606
1,incompressible,0.49,hold,0.83,0.5,0.49245,0.822,1.05706
1,incompressible,0.49,hold,0.84,0.5,0.501778,0.822842,1.05814
1,incompressible,0.49,hold,0.85,0.5,0.511047,0.823678,1.05922
1,incompressible,0.49,hold,0.86,0.5,0.51952,0.824442,1.0602
1,incompressible,0.49,hold,0.87,0.5,0.526512,0.825073,1.06101
1,incompressible,0.49,hold,0.88,0.5,0.531452,0.825518,1.06158
1,incompressible,0.49,hold,0.89,0.5,0.533928,0.825742,1.06187
1,incompressible,0.49,hold,0.9,0.5,0.533719,0.825723,1.06185
1,incompressible,0.49,hold,0.91,0.5,0.530819,0.825461,1.06151
1,incompressible,0.49,hold,0.92,0.5,0.525435,0.824976,1.06089
1,incompressible,0.49,hold,0.93,0.5,0.517973,0.824302,1.06002
1,incompressible,0.49,hold,0.94,0.5,0.509009,0.823494,1.05898
1,incompressible,0.49,hold,0.95,0.5,0.499247,0.822613,1.05785
1,incompressible,0.49,hold,0.96,0.5,0.489456,0.82173,1.05671
1,incompressible,0.49,hold,0.97,0.5,0.480417,0.820915,1.05566
1,incompressible,0.49,hold,0.98,0.5,0.47286,0.820233,1.05479
1,incompressible,0.49,hold,0.99,0.5,0.467399,0.81974,1.05415
1,incompressible,0.49,hold,1,0.5,0.464489,0.819478,1.05382
1,incompressible,0.49,hold,1.01,0.5,0.464386,0.819469,1.0538
1,incompressible,0.49,hold,1.02,0.5,0.467123,0.819715,1.05412
1,incompressible,0.49,hold,1.03,0.5,0.472507,0.820201,1.05475
1,incompressible,0.49,hold,1.04,0.5,0.480133,0.820889,1.05563
1,incompressible,0.49,hold,1.05,0.5,0.489412,0.821726,1.05671
1,incompressible,0.49,hold,1.06,0.5,0.49962,0.822647,1.05789
1,incompressible,0.49,hold,1.07,0.5,0.509951,0.823579,1.05909
1,incompressible,0.49,hold,1.08,0.5,0.519581,0.824447,1.06021
1,incompressible,0.49,hold,1.09,0.5,0.527736,0.825183,1.06115
1,incompressible,0.49,hold,1.1,0.5,0.533752,0.825726,1.06185
1,incompressible,0.49,hold,1.11,0.5,0.53713,0.826031,1.06224
1,incompressible,0.49,hold,1.12,0.5,0.537577,0.826071,1.06229
1,incompressible,0.49,hold,1.13,0.5,0.53503,0.825841,1.062
1,incompressible,0.49,hold,1.14,0.5,0.529666,0.825357,1.06138
1,incompressible,0.49,hold,1.15,0.5,0.521887,0.824656,1.06047
1,incompressible,0.49,hold,1.16,0.5,0.512292,0.82379,1.05936
1,incompressible,0.49,hold,1.17,0.5,0.501629,0.822828,1.05812
1,incompressible,0.49,hold,1.18,0.5,0.490741,0.821846,1.05686
1,incompressible,0.49,hold,1.19,0.5,0.480493,0.820921,1.05567
1,incompressible,0.49,hold,1.2,0.5,0.471708,0.820129,1.05465
1,incompressible,0.49,hold,1.21,0.5,0.465101,0.819533,1.05389
1,incompressible,0.49,hold,1.22,0.5,0.461218,0.819183,1.05344
1,incompressible,0.49,hold,1.23,0.5,0.460393,0.819108,1.05334
1,incompressible,0.49,hold,1.24,0.5,0.462721,0.819318,1.05361
1,incompressible,0.49,hold,1.25,0.5,0.468043,0.819798,1.05423
1,incompressible,0.49,hold,1.26,0.5,0.475963,0.820513,1.05515
1,incompressible,0.49,hold,1.27,0.5,0.485872,0.821407,1.0563
1,incompressible,0.49,hold,1.28,0.5,0.496997,0.82241,1.05759
1,incompressible,0.49,hold,1.29,0.5,0.508462,0.823445,1.05892
1,incompressible,0.49,hold,1.3,0.5,0.519356,0.824427,1.06018
1,incompressible,0.49,hold,1.31,0.5,0.528804,0.825279,1.06128
1,incompressible,0.49,hold,1.32,0.5,0.536039,0.825932,1.06212
1,incompressible,0.49,hold,1.33,0.5,0.540466,0.826331,1.06263
1,incompressible,0.49,hold,1.34,0.5,0.541704,0.826443,1.06277
1,incompressible,0.49,hold,1.35,0.5,0.539626,0.826256,1.06253
1,incompressible,0.49,hold,1.36,0.5,0.534369,0.825782,1.06192
1,incompressible,0.49,hold,1.37,0.5,0.526323,0.825056,1.06099
1,incompressible,0.49,hold,1.38,0.5,0.516104,0.824134,1.0598
1,incompressible,0.49,hold,1.39,0.5,0.504509,0.823088,1.05846
1,incompressible,0.49,hold,1.4,0.5,0.492449,0.822,1.05706
1,incompressible,0.49,hold,1.41,0.5,0.480882,0.820957,1.05572
1,incompressible,0.49,hold,1.42,0.5,0.470736,0.820041,1.05454
1,incompressible,0.49,hold,1.43,0.5,0.462833,0.819328,1.05362
1,incompressible,0.49,hold,1.44,0.5,0.457823,0.818877,1.05304
1,incompressible,0.49,hold,1.45,0.5,0.456133,0.818724,1.05285
1,incompressible,0.49,hold,1.46,0.5,0.457926,0.818886,1.05305
1,incompressible,0.49,hold,1.47,0.5,0.463092,0.819352,1.05365
1,incompressible,0.49,hold,1.48,0.5,0.471249,0.820088,1.0546
1,incompressible,0.49,hold,1.49,0.5,0.481773,0.821037,1.05582
1,incompressible,0.49,hold,1.5,0.5,0.493846,0.822126,1.05722
1,incompressible,0.49,hold,1.51,0.5,0.506519,0.823269,1.05869
1,incompressible,0.49,hold,1.52,0.5,0.518786,0.824376,1.06011
1,incompressible,0.49,hold,1.53,0.5,0.529665,0.825357,1.06138
1,incompressible,0.49,hold,1.54,0.5,0.538277,0.826134,1.06238
1,incompressible,0.49,hold,1.55,0.5,0.543912,0.826642,1.06303
1,incompressible,0.49,hold,1.56,0.5,0.546096,0.826839,1.06328
1,incompressible,0.49,hold,1.57,0.5,0.544623,0.826706,1.06311
1,incompressible,0.49,hold,1.58,0.5,0.539576,0.826251,1.06253
1,incompressible,0.49,hold,1.59,0.5,0.531327,0.825507,1.06157
1,incompressible,0.49,hold,1.6,0.5,0.520504,0.824531,1.06031
1,incompressible,0.49,hold,1.61,0.5,0.507948,0.823398,1.05886
1,incompressible,0.49,hold,1.62,0.5,0.494645,0.822198,1.05731
1,incompressible,0.49,hold,1.63,0.5,0.481649,0.821026,1.05581
1,incompressible,0.49,hold,1.64,0.5,0.469999,0.819975,1.05445
1,incompressible,0.49,hold,1.65,0.5,0.460637,0.81913,1.05337
1,incompressible,0.49,hold,1.66,0.5,0.454331,0.818562,1.05264
1,incompressible,0.49,hold,1.67,0.5,0.451611,0.818316,1.05232
1,incompressible,0.49,hold,1.68,0.5,0.452726,0.818417,1.05245
1,incompressible,0.49,hold,1.69,0.5,0.457622,0.818858,1.05302
1,incompressible,0.49,hold,1.7,0.5,0.465943,0.819609,1.05398
1,incompressible,0.49,hold,1.71,0.5,0.477056,0.820611,1.05527
1,incompressible,0.49,hold,1.72,0.5,0.4901,0.821788,1.05679
1,incompressible,0.49,hold,1.73,0.5,0.504051,0.823047,1.0584
1,incompressible,0.49,hold,1.74,0.5,0.517805,0.824287,1.06
1,incompressible,0.49,hold,1.75,0.5,0.530262,0.825411,1.06145
1,incompressible,0.49,hold,1.76,0.5,0.540419,0.826327,1.06262
1,incompressible,0.49,hold,1.77,0.5,0.547443,0.826961,1.06344
1,incompressible,0.49,hold,1.78,0.5,0.550745,0.827259,1.06382
1,incompressible,0.49,hold,1.79,0.5,0.55003,0.827194,1.06374
1,incompressible,0.49,hold,1.8,0.5,0.545317,0.826769,1.06319
1,incompressible,0.49,hold,1.81,0.5,0.536947,0.826014,1.06222
1,incompressible,0.49,hold,1.82,0.5,0.525554,0.824986,1.0609
1,incompressible,0.49,hold,1.83,0.5,0.512019,0.823765,1.05933
1,incompressible,0.49,hold,1.84,0.5,0.497404,0.822447,1.05763
1,incompressible,0.49,hold,1.85,0.5,0.482863,0.821135,1.05595
1,incompressible,0.49,hold,1.86,0.5,0.469559,0.819935,1.0544
1,incompressible,0.49,hold,1.87,0.5,0.458562,0.818943,1.05313
1,incompressible,0.49,hold,1.88,0.5,0.450772,0.81824,1.05222
1,incompressible,0.49,hold,1.89,0.5,0.446838,0.817886,1.05177
1,incompressible,0.49,hold,1.9,0.5,0.44711,0.81791,1.0518
1,incompressible,0.49,hold,1.91,0.5,0.451603,0.818315,1.05232
1,incompressible,0.49,hold,1.92,0.5,0.459997,0.819073,1.05329
1,incompressible,0.49,hold,1.93,0.5,0.471658,0.820125,1.05465
1,incompressible,0.49,hold,1.94,0.5,0.485685,0.82139,1.05627
1,incompressible,0.49,hold,1.95,0.5,0.500981,0.82277,1.05805
1,incompressible,0.49,hold,1.96,0.5,0.516337,0.824155,1.05983
1,incompressible,0.49,hold,1.97,0.5,0.530528,0.825435,1.06148
1,incompressible,0.49,hold,1.98,0.5,0.542412,0.826507,1.06285
1,incompressible,0.49,hold,1.99,0.5,0.55102,0.827284,1.06385
1,incompressible,0.49,hold,2,0.5,0.555636,0.8277,1.06439
1,incompressible,0.49,hold,2.01,0.5,0.555856,0.82772,1.06441
1,incompressible,0.49,hold,2.02,0.5,0.551622,0.827338,1.06392
1,incompressible,0.49,hold,2.03,0.5,0.543232,0.826581,1.06295
1,incompressible,0.49,hold,2.04,0.5,0.531317,0.825506,1.06157
1,incompressible,0.49,hold,2.05,0.5,0.516797,0.824196,1.05988
1,incompressible,0.49,hold,2.06,0.5,0.500805,0.822754,1.05803
1,incompressible,0.49,hold,2.07,0.5,0.484605,0.821292,1.05615
1,incompressible,0.49,hold,2.08,0.5,0.469487,0.819929,1.0544
1,incompressible,0.49,hold,2.09,0.5,0.456666,0.818772,1.05291
1,incompressible,0.49,hold,2.1,0.5,0.447187,0.817917,1.05181
1,incompressible,0.49,hold,2.11,0.5,0.441834,0.817434,1.05119
1,incompressible,0.49,hold,2.12,0.5,0.441073,0.817366,1.0511
1,incompressible,0.49,hold,2.13,0.5,0.445006,0.81772,1.05156
1,incompressible,0.49,hold,2.14,0.5,0.453361,0.818474,1.05252
1,incompressible,0.49,hold,2.15,0.5,0.465512,0.81957,1.05393
1,incompressible,0.49,hold,2.16,0.5,0.480524,0.820924,1.05568
1,incompressible,0.49,hold,2.17,0.5,0.497225,0.822431,1.05761
1,incompressible,0.49,hold,2.18,0.5,0.514298,0.823971,1.05959
1,incompressible,0.49,hold,2.19,0.5,0.530385,0.825422,1.06146
1,incompressible,0.49,hold,2.2,0.5,0.544193,0.826668,1.06306
1,incompressible,0.49,hold,2.21,0.5,0.554601,0.827607,1.06427
1,incompressible,0.49,hold,2.22,0.5,0.560747,0.828161,1.06498
1,incompressible,0.49,hold,2.23,0.5,0.562103,0.828283,1.06514
1,incompressible,0.49,hold,2.24,0.5,0.558517,0.82796,1.06472
1,incompressible,0.49,hold,2.25,0.5,0.55023,0.827212,1.06376
1,incompressible,0.49,hold,2.26,0.5,0.537862,0.826097,1.06233
1,incompressible,0.49,hold,2.27,0.5,0.522362,0.824698,1.06053
1,incompressible,0.49,hold,2.28,0.5,0.504939,0.823127,1.05851
1,incompressible,0.49,hold,2.29,0.5,0.486964,0.821505,1.05642
1,incompressible,0.49,hold,2.3,0.5,0.469866,0.819963,1.05444
1,incompressible,0.49,hold,2.31,0.5,0.455018,0.818623,1.05272
1,incompressible,0.49,hold,2.32,0.5,0.443624,0.817596,1.0514
1,incompressible,0.49,hold,2.33,0.5,0.436624,0.816964,1.05058
1,incompressible,0.49,hold,2.34,0.5,0.434617,0.816783,1.05035
1,incompressible,0.49,hold,2.35,0.5,0.437807,0.817071,1.05072
1,incompressible,0.49,hold,2.36,0.5,0.445987,0.817809,1.05167
1,incompressible,0.49,hold,2.37,0.5,0.458549,0.818942,1.05313
1,incompressible,0.49,hold,2.38,0.5,0.474532,0.820384,1.05498
1,incompressible,0.49,hold,2.39,0.5,0.49269,0.822022,1.05709
