runIndex,accel,stage,stageStep,step,tipX,tipY,tipZ
0,800,settle,0,1,-0.629953,0.264301,-0.132151
0,800,settle,1,2,-0.629953,0.264301,-0.132151
0,800,settle,2,3,-0.629953,0.264301,-0.132151
0,800,settle,3,4,-0.629953,0.264301,-0.132151
0,800,settle,4,5,-0.629953,0.264301,-0.132151
0,800,settle,5,6,-0.629953,0.264301,-0.132151
0,800,settle,6,7,-0.629953,0.264301,-0.132151
0,800,settle,7,8,-0.629953,0.264301,-0.132151
0,800,settle,8,9,-0.629953,0.264301,-0.132151
0,800,settle,9,10,-0.629953,0.264301,-0.132151
0,800,settle,10,11,-0.629953,0.264301,-0.132151
0,800,settle,11,12,-0.629953,0.264301,-0.132151
0,800,settle,12,13,-0.629953,0.264301,-0.132151
0,800,settle,13,14,-0.629953,0.264301,-0.132151
0,800,settle,14,15,-0.629953,0.264301,-0.132151
0,800,settle,15,16,-0.629953,0.264301,-0.132151
0,800,settle,16,17,-0.629953,0.264301,-0.132151
0,800,settle,17,18,-0.629953,0.264301,-0.132151
0,800,settle,18,19,-0.629953,0.264301,-0.132151
0,800,settle,19,20,-0.629953,0.264301,-0.132151
0,800,settle,20,21,-0.629953,0.264301,-0.132151
0,800,settle,21,22,-0.629953,0.264301,-0.132151
0,800,settle,22,23,-0.629953,0.264301,-0.132151
0,800,settle,23,24,-0.629953,0.264301,-0.132151
0,800,settle,24,25,-0.629953,0.264301,-0.132151
0,800,settle,25,26,-0.629953,0.264301,-0.132151
0,800,settle,26,27,-0.629953,0.264301,-0.132151
0,800,settle,27,28,-0.629953,0.264301,-0.132151
0,800,settle,28,29,-0.629953,0.264301,-0.132151
0,800,settle,29,30,-0.629953,0.264301,-0.132151
0,800,settle,30,31,-0.629953,0.264301,-0.132151
0,800,settle,31,32,-0.629953,0.264301,-0.132151
0,800,settle,32,33,-0.629953,0.264301,-0.132151
0,800,settle,33,34,-0.629953,0.264301,-0.132151
0,800,settle,34,35,-0.629953,0.264301,-0.132151
0,800,settle,35,36,-0.629953,0.264301,-0.132151
0,800,settle,36,37,-0.629953,0.264301,-0.132151
0,800,settle,37,38,-0.629953,0.264301,-0.132151
0,800,settle,38,39,-0.629953,0.264301,-0.132151
0,800,settle,39,40,-0.629953,0.264301,-0.132151
0,800,settle,40,41,-0.629953,0.264301,-0.132151
0,800,settle,41,42,-0.629953,0.264301,-0.132151
0,800,settle,42,43,-0.629953,0.264301,-0.132151
0,800,settle,43,44,-0.629953,0.264301,-0.132151
0,800,settle,44,45,-0.629953,0.264301,-0.132151
0,800,settle,45,46,-0.629953,0.264301,-0.132151
0,800,settle,46,47,-0.629953,0.264301,-0.132151
0,800,settle,47,48,-0.629953,0.264301,-0.132151
0,800,settle,48,49,-0.629953,0.264301,-0.132151
0,800,settle,49,50,-0.629953,0.264301,-0.132151
0,800,settle,50,51,-0.629953,0.264301,-0.132151
0,800,settle,51,52,-0.629953,0.264301,-0.132151
0,800,settle,52,53,-0.629953,0.264301,-0.132151
0,800,settle,53,54,-0.629953,0.264301,-0.132151
0,800,settle,54,55,-0.629953,0.264301,-0.132151
0,800,settle,55,56,-0.629953,0.264301,-0.132151
0,800,settle,56,57,-0.629953,0.264301,-0.132151
0,800,settle,57,58,-0.629953,0.264301,-0.132151
0,800,settle,58,59,-0.629953,0.264301,-0.132151
0,800,settle,59,60,-0.629953,0.264301,-0.132151
0,800,settle,60,61,-0.629953,0.264301,-0.132151
0,800,settle,61,62,-0.629953,0.264301,-0.132151
0,800,settle,62,63,-0.629953,0.264301,-0.132151
0,800,settle,63,64,-0.629953,0.264301,-0.132151
0,800,settle,64,65,-0.629953,0.264301,-0.132151
0,800,settle,65,66,-0.629953,0.264301,-0.132151
0,800,settle,66,67,-0.629953,0.264301,-0.132151
0,800,settle,67,68,-0.629953,0.264301,-0.132151
0,800,settle,68,69,-0.629953,0.264301,-0.132151
0,800,settle,69,70,-0.629953,0.264301,-0.132151
0,800,settle,70,71,-0.629953,0.264301,-0.132151
0,800,settle,71,72,-0.629953,0.264301,-0.132151
0,800,settle,72,73,-0.629953,0.264301,-0.132151
0,800,settle,73,74,-0.629953,0.264301,-0.132151
0,800,settle,74,75,-0.629953,0.264301,-0.132151
0,800,settle,75,76,-0.629953,0.264301,-0.132151
0,800,settle,76,77,-0.629953,0.264301,-0.132151
0,800,settle,77,78,-0.629953,0.264301,-0.132151
0,800,settle,78,79,-0.629953,0.264301,-0.132151
0,800,settle,79,80,-0.629953,0.264301,-0.132151
0,800,settle,80,81,-0.629953,0.264301,-0.132151
0,800,settle,81,82,-0.629953,0.264301,-0.132151
0,800,settle,82,83,-0.629953,0.264301,-0.132151
0,800,settle,83,84,-0.629953,0.264301,-0.132151
0,800,settle,84,85,-0.629953,0.264301,-0.132151
0,800,settle,85,86,-0.629953,0.264301,-0.132151
0,800,settle,86,87,-0.629953,0.264301,-0.132151
0,800,settle,87,88,-0.629953,0.264301,-0.132151
0,800,settle,88,89,-0.629953,0.264301,-0.132151
0,800,settle,89,90,-0.629953,0.264301,-0.132151
0,800,settle,90,91,-0.629953,0.264301,-0.132151
0,800,settle,91,92,-0.629953,0.264301,-0.132151
0,800,settle,92,93,-0.629953,0.264301,-0.132151
0,800,settle,93,94,-0.629953,0.264301,-0.132151
0,800,settle,94,95,-0.629953,0.264301,-0.132151
0,800,settle,95,96,-0.629953,0.264301,-0.132151
0,800,settle,96,97,-0.629953,0.264301,-0.132151
0,800,settle,97,98,-0.629953,0.264301,-0.132151
0,800,settle,98,99,-0.629953,0.264301,-0.132151
0,800,settle,99,100,-0.629953,0.264301,-0.132151
0,800,settle,100,101,-0.629953,0.264301,-0.132151
0,800,settle,101,102,-0.629953,0.264301,-0.132151
0,800,settle,102,103,-0.629953,0.264301,-0.132151
0,800,settle,103,104,-0.629953,0.264301,-0.132151
0,800,settle,104,105,-0.629953,0.264301,-0.132151
0,800,settle,105,106,-0.629953,0.264301,-0.132151
0,800,settle,106,107,-0.629953,0.264301,-0.132151
0,800,settle,107,108,-0.629953,0.264301,-0.132151
0,800,settle,108,109,-0.629953,0.264301,-0.132151
0,800,settle,109,110,-0.629953,0.264301,-0.132151
0,800,settle,110,111,-0.629953,0.264301,-0.132151
0,800,settle,111,112,-0.629953,0.264301,-0.132151
0,800,settle,112,113,-0.629953,0.264301,-0.132151
0,800,settle,113,114,-0.629953,0.264301,-0.132151
0,800,settle,114,115,-0.629953,0.264301,-0.132151
0,800,settle,115,116,-0.629953,0.264301,-0.132151
0,800,settle,116,117,-0.629953,0.264301,-0.132151
0,800,settle,117,118,-0.629953,0.264301,-0.132151
0,800,settle,118,119,-0.629953,0.264301,-0.132151
0,800,settle,119,120,-0.629953,0.264301,-0.132151
0,800,drag,0,121,-0.864061,1.0774,0.330106
0,800,drag,1,122,-0.784444,1.34861,0.56316
0,800,drag,2,123,-0.759832,1.38733,0.594687
0,800,drag,3,124,-0.755913,1.38806,0.596406
0,800,drag,4,125,-0.755654,1.38759,0.596239
0,800,drag,5,126,-0.755671,1.38751,0.59619
0,800,drag,6,127,-0.755677,1.38751,0.596185
0,800,drag,7,128,-0.755678,1.38751,0.596185
0,800,drag,8,129,-0.755678,1.38751,0.596185
0,800,drag,9,130,-0.755678,1.38751,0.596185
0,800,drag,10,131,-0.755678,1.38751,0.596185
0,800,drag,11,132,-0.755678,1.38751,0.596185
0,800,drag,12,133,-0.755678,1.38751,0.596185
0,800,drag,13,134,-0.755678,1.38751,0.596185
0,800,drag,14,135,-0.755678,1.38751,0.596185
0,800,drag,15,136,-0.755678,1.38751,0.596185
0,800,drag,16,137,-0.755678,1.38751,0.596185
0,800,drag,17,138,-0.755678,1.38751,0.596185
0,800,drag,18,139,-0.755678,1.38751,0.596185
0,800,drag,19,140,-0.755678,1.38751,0.596185
0,800,drag,20,141,-0.755678,1.38751,0.596185
0,800,drag,21,142,-0.755678,1.38751,0.596185
0,800,drag,22,143,-0.755678,1.38751,0.596185
0,800,drag,23,144,-0.755678,1.38751,0.596185
0,800,drag,24,145,-0.755678,1.38751,0.596185
0,800,drag,25,146,-0.755678,1.38751,0.596185
0,800,drag,26,147,-0.755678,1.38751,0.596185
0,800,drag,27,148,-0.755678,1.38751,0.596185
0,800,drag,28,149,-0.755678,1.38751,0.596185
0,800,drag,29,150,-0.755678,1.38751,0.596185
0,800,drag,30,151,-0.755678,1.38751,0.596185
0,800,drag,31,152,-0.755678,1.38751,0.596185
0,800,drag,32,153,-0.755678,1.38751,0.596185
0,800,drag,33,154,-0.755678,1.38751,0.596185
0,800,drag,34,155,-0.755678,1.38751,0.596185
0,800,drag,35,156,-0.755678,1.38751,0.596185
0,800,drag,36,157,-0.755678,1.38751,0.596185
0,800,drag,37,158,-0.755678,1.38751,0.596185
0,800,drag,38,159,-0.755678,1.38751,0.596185
0,800,drag,39,160,-0.755678,1.38751,0.596185
0,800,drag,40,161,-0.755678,1.38751,0.596185
0,800,drag,41,162,-0.755678,1.38751,0.596185
0,800,drag,42,163,-0.755678,1.38751,0.596185
0,800,drag,43,164,-0.755678,1.38751,0.596185
0,800,drag,44,165,-0.755678,1.38751,0.596185
0,800,drag,45,166,-0.755678,1.38751,0.596185
0,800,drag,46,167,-0.755678,1.38751,0.596185
0,800,drag,47,168,-0.755678,1.38751,0.596185
0,800,drag,48,169,-0.755678,1.38751,0.596185
0,800,drag,49,170,-0.755678,1.38751,0.596185
0,800,drag,50,171,-0.755678,1.38751,0.596185
0,800,drag,51,172,-0.755678,1.38751,0.596185
0,800,drag,52,173,-0.755678,1.38751,0.596185
0,800,drag,53,174,-0.755678,1.38751,0.596185
0,800,drag,54,175,-0.755678,1.38751,0.596185
0,800,drag,55,176,-0.755678,1.38751,0.596185
0,800,drag,56,177,-0.755678,1.38751,0.596185
0,800,drag,57,178,-0.755678,1.38751,0.596185
0,800,drag,58,179,-0.755678,1.38751,0.596185
0,800,drag,59,180,-0.755678,1.38751,0.596185
0,800,drag,60,181,-0.755678,1.38751,0.596185
0,800,drag,61,182,-0.755678,1.38751,0.596185
0,800,drag,62,183,-0.755678,1.38751,0.596185
0,800,drag,63,184,-0.755678,1.38751,0.596185
0,800,drag,64,185,-0.755678,1.38751,0.596185
0,800,drag,65,186,-0.755678,1.38751,0.596185
0,800,drag,66,187,-0.755678,1.38751,0.596185
0,800,drag,67,188,-0.755678,1.38751,0.596185
0,800,drag,68,189,-0.755678,1.38751,0.596185
0,800,drag,69,190,-0.755678,1.38751,0.596185
0,800,drag,70,191,-0.755678,1.38751,0.596185
0,800,drag,71,192,-0.755678,1.38751,0.596185
0,800,drag,72,193,-0.755678,1.38751,0.596185
0,800,drag,73,194,-0.755678,1.38751,0.596185
0,800,drag,74,195,-0.755678,1.38751,0.596185
0,800,drag,75,196,-0.755678,1.38751,0.596185
0,800,drag,76,197,-0.755678,1.38751,0.596185
0,800,drag,77,198,-0.755678,1.38751,0.596185
0,800,drag,78,199,-0.755678,1.38751,0.596185
0,800,drag,79,200,-0.755678,1.38751,0.596185
0,800,drag,80,201,-0.755678,1.38751,0.596185
0,800,drag,81,202,-0.755678,1.38751,0.596185
0,800,drag,82,203,-0.755678,1.38751,0.596185
0,800,drag,83,204,-0.755678,1.38751,0.596185
0,800,drag,84,205,-0.755678,1.38751,0.596185
0,800,drag,85,206,-0.755678,1.38751,0.596185
0,800,drag,86,207,-0.755678,1.38751,0.596185
0,800,drag,87,208,-0.755678,1.38751,0.596185
0,800,drag,88,209,-0.755678,1.38751,0.596185
0,800,drag,89,210,-0.755678,1.38751,0.596185
0,800,drag,90,211,-0.755678,1.38751,0.596185
0,800,drag,91,212,-0.755678,1.38751,0.596185
0,800,drag,92,213,-0.755678,1.38751,0.596185
0,800,drag,93,214,-0.755678,1.38751,0.596185
0,800,drag,94,215,-0.755678,1.38751,0.596185
0,800,drag,95,216,-0.755678,1.38751,0.596185
0,800,drag,96,217,-0.755678,1.38751,0.596185
0,800,drag,97,218,-0.755678,1.38751,0.596185
0,800,drag,98,219,-0.755678,1.38751,0.596185
0,800,drag,99,220,-0.755678,1.38751,0.596185
0,800,drag,100,221,-0.755678,1.38751,0.596185
0,800,drag,101,222,-0.755678,1.38751,0.596185
0,800,drag,102,223,-0.755678,1.38751,0.596185
0,800,drag,103,224,-0.755678,1.38751,0.596185
0,800,drag,104,225,-0.755678,1.38751,0.596185
0,800,drag,105,226,-0.755678,1.38751,0.596185
0,800,drag,106,227,-0.755678,1.38751,0.596185
0,800,drag,107,228,-0.755678,1.38751,0.596185
0,800,drag,108,229,-0.755678,1.38751,0.596185
0,800,drag,109,230,-0.755678,1.38751,0.596185
0,800,drag,110,231,-0.755678,1.38751,0.596185
0,800,drag,111,232,-0.755678,1.38751,0.596185
0,800,drag,112,233,-0.755678,1.38751,0.596185
0,800,drag,113,234,-0.755678,1.38751,0.596185
0,800,drag,114,235,-0.755678,1.38751,0.596185
0,800,drag,115,236,-0.755678,1.38751,0.596185
0,800,drag,116,237,-0.755678,1.38751,0.596185
0,800,drag,117,238,-0.755678,1.38751,0.596185
0,800,drag,118,239,-0.755678,1.38751,0.596185
0,800,drag,119,240,-0.755678,1.38751,0.596185
0,800,drag,120,241,-0.755678,1.38751,0.596185
0,800,drag,121,242,-0.755678,1.38751,0.596185
0,800,drag,122,243,-0.755678,1.38751,0.596185
0,800,drag,123,244,-0.755678,1.38751,0.596185
0,800,drag,124,245,-0.755678,1.38751,0.596185
0,800,drag,125,246,-0.755678,1.38751,0.596185
0,800,drag,126,247,-0.755678,1.38751,0.596185
0,800,drag,127,248,-0.755678,1.38751,0.596185
0,800,drag,128,249,-0.755678,1.38751,0.596185
0,800,drag,129,250,-0.755678,1.38751,0.596185
0,800,drag,130,251,-0.755678,1.38751,0.596185
0,800,drag,131,252,-0.755678,1.38751,0.596185
0,800,drag,132,253,-0.755678,1.38751,0.596185
0,800,drag,133,254,-0.755678,1.38751,0.596185
0,800,drag,134,255,-0.755678,1.38751,0.596185
0,800,drag,135,256,-0.755678,1.38751,0.596185
0,800,drag,136,257,-0.755678,1.38751,0.596185
0,800,drag,137,258,-0.755678,1.38751,0.596185
0,800,drag,138,259,-0.755678,1.38751,0.596185
0,800,drag,139,260,-0.755678,1.38751,0.596185
0,800,drag,140,261,-0.755678,1.38751,0.596185
0,800,drag,141,262,-0.755678,1.38751,0.596185
0,800,drag,142,263,-0.755678,1.38751,0.596185
0,800,drag,143,264,-0.755678,1.38751,0.596185
0,800,drag,144,265,-0.755678,1.38751,0.596185
0,800,drag,145,266,-0.755678,1.38751,0.596185
0,800,drag,146,267,-0.755678,1.38751,0.596185
0,800,drag,147,268,-0.755678,1.38751,0.596185
0,800,drag,148,269,-0.755678,1.38751,0.596185
0,800,drag,149,270,-0.755678,1.38751,0.596185
0,800,drag,150,271,-0.755678,1.38751,0.596185
0,800,drag,151,272,-0.755678,1.38751,0.596185
0,800,drag,152,273,-0.755678,1.38751,0.596185
0,800,drag,153,274,-0.755678,1.38751,0.596185
0,800,drag,154,275,-0.755678,1.38751,0.596185
0,800,drag,155,276,-0.755678,1.38751,0.596185
0,800,drag,156,277,-0.755678,1.38751,0.596185
0,800,drag,157,278,-0.755678,1.38751,0.596185
0,800,drag,158,279,-0.755678,1.38751,0.596185
0,800,drag,159,280,-0.755678,1.38751,0.596185
0,800,drag,160,281,-0.755678,1.38751,0.596185
0,800,drag,161,282,-0.755678,1.38751,0.596185
0,800,drag,162,283,-0.755678,1.38751,0.596185
0,800,drag,163,284,-0.755678,1.38751,0.596185
0,800,drag,164,285,-0.755678,1.38751,0.596185
0,800,drag,165,286,-0.755678,1.38751,0.596185
0,800,drag,166,287,-0.755678,1.38751,0.596185
0,800,drag,167,288,-0.755678,1.38751,0.596185
0,800,drag,168,289,-0.755678,1.38751,0.596185
0,800,drag,169,290,-0.755678,1.38751,0.596185
0,800,drag,170,291,-0.755678,1.38751,0.596185
0,800,drag,171,292,-0.755678,1.38751,0.596185
0,800,drag,172,293,-0.755678,1.38751,0.596185
0,800,drag,173,294,-0.755678,1.38751,0.596185
0,800,drag,174,295,-0.755678,1.38751,0.596185
0,800,drag,175,296,-0.755678,1.38751,0.596185
0,800,drag,176,297,-0.755678,1.38751,0.596185
0,800,drag,177,298,-0.755678,1.38751,0.596185
0,800,drag,178,299,-0.755678,1.38751,0.596185
0,800,drag,179,300,-0.755678,1.38751,0.596185
0,800,drag,180,301,-0.755678,1.38751,0.596185
0,800,drag,181,302,-0.755678,1.38751,0.596185
0,800,drag,182,303,-0.755678,1.38751,0.596185
0,800,drag,183,304,-0.755678,1.38751,0.596185
0,800,drag,184,305,-0.755678,1.38751,0.596185
0,800,drag,185,306,-0.755678,1.38751,0.596185
0,800,drag,186,307,-0.755678,1.38751,0.596185
0,800,drag,187,308,-0.755678,1.38751,0.596185
0,800,drag,188,309,-0.755678,1.38751,0.596185
0,800,drag,189,310,-0.755678,1.38751,0.596185
0,800,drag,190,311,-0.755678,1.38751,0.596185
0,800,drag,191,312,-0.755678,1.38751,0.596185
0,800,drag,192,313,-0.755678,1.38751,0.596185
0,800,drag,193,314,-0.755678,1.38751,0.596185
0,800,drag,194,315,-0.755678,1.38751,0.596185
0,800,drag,195,316,-0.755678,1.38751,0.596185
0,800,drag,196,317,-0.755678,1.38751,0.596185
0,800,drag,197,318,-0.755678,1.38751,0.596185
0,800,drag,198,319,-0.755678,1.38751,0.596185
0,800,drag,199,320,-0.755678,1.38751,0.596185
0,800,drag,200,321,-0.755678,1.38751,0.596185
0,800,drag,201,322,-0.755678,1.38751,0.596185
0,800,drag,202,323,-0.755678,1.38751,0.596185
0,800,drag,203,324,-0.755678,1.38751,0.596185
0,800,drag,204,325,-0.755678,1.38751,0.596185
0,800,drag,205,326,-0.755678,1.38751,0.596185
0,800,drag,206,327,-0.755678,1.38751,0.596185
0,800,drag,207,328,-0.755678,1.38751,0.596185
0,800,drag,208,329,-0.755678,1.38751,0.596185
0,800,drag,209,330,-0.755678,1.38751,0.596185
0,800,drag,210,331,-0.755678,1.38751,0.596185
0,800,drag,211,332,-0.755678,1.38751,0.596185
0,800,drag,212,333,-0.755678,1.38751,0.596185
0,800,drag,213,334,-0.755678,1.38751,0.596185
0,800,drag,214,335,-0.755678,1.38751,0.596185
0,800,drag,215,336,-0.755678,1.38751,0.596185
0,800,drag,216,337,-0.755678,1.38751,0.596185
0,800,drag,217,338,-0.755678,1.38751,0.596185
0,800,drag,218,339,-0.755678,1.38751,0.596185
0,800,drag,219,340,-0.755678,1.38751,0.596185
0,800,drag,220,341,-0.755678,1.38751,0.596185
0,800,drag,221,342,-0.755678,1.38751,0.596185
0,800,drag,222,343,-0.755678,1.38751,0.596185
0,800,drag,223,344,-0.755678,1.38751,0.596185
0,800,drag,224,345,-0.755678,1.38751,0.596185
0,800,drag,225,346,-0.755678,1.38751,0.596185
0,800,drag,226,347,-0.755678,1.38751,0.596185
0,800,drag,227,348,-0.755678,1.38751,0.596185
0,800,drag,228,349,-0.755678,1.38751,0.596185
0,800,drag,229,350,-0.755678,1.38751,0.596185
0,800,drag,230,351,-0.755678,1.38751,0.596185
0,800,drag,231,352,-0.755678,1.38751,0.596185
0,800,drag,232,353,-0.755678,1.38751,0.596185
0,800,drag,233,354,-0.755678,1.38751,0.596185
0,800,drag,234,355,-0.755678,1.38751,0.596185
0,800,drag,235,356,-0.755678,1.38751,0.596185
0,800,drag,236,357,-0.755678,1.38751,0.596185
0,800,drag,237,358,-0.755678,1.38751,0.596185
0,800,drag,238,359,-0.755678,1.38751,0.596185
0,800,drag,239,360,-0.755678,1.38751,0.596185
0,800,hold,0,361,-0.755678,1.38751,0.596185
0,800,hold,1,362,-0.755678,1.38751,0.596185
0,800,hold,2,363,-0.755678,1.38751,0.596185
0,800,hold,3,364,-0.755678,1.38751,0.596185
0,800,hold,4,365,-0.755678,1.38751,0.596185
0,800,hold,5,366,-0.755678,1.38751,0.596185
0,800,hold,6,367,-0.755678,1.38751,0.596185
0,800,hold,7,368,-0.755678,1.38751,0.596185
0,800,hold,8,369,-0.755678,1.38751,0.596185
0,800,hold,9,370,-0.755678,1.38751,0.596185
0,800,hold,10,371,-0.755678,1.38751,0.596185
0,800,hold,11,372,-0.755678,1.38751,0.596185
0,800,hold,12,373,-0.755678,1.38751,0.596185
0,800,hold,13,374,-0.755678,1.38751,0.596185
0,800,hold,14,375,-0.755678,1.38751,0.596185
0,800,hold,15,376,-0.755678,1.38751,0.596185
0,800,hold,16,377,-0.755678,1.38751,0.596185
0,800,hold,17,378,-0.755678,1.38751,0.596185
0,800,hold,18,379,-0.755678,1.38751,0.596185
0,800,hold,19,380,-0.755678,1.38751,0.596185
0,800,hold,20,381,-0.755678,1.38751,0.596185
0,800,hold,21,382,-0.755678,1.38751,0.596185
0,800,hold,22,383,-0.755678,1.38751,0.596185
0,800,hold,23,384,-0.755678,1.38751,0.596185
0,800,hold,24,385,-0.755678,1.38751,0.596185
0,800,hold,25,386,-0.755678,1.38751,0.596185
0,800,hold,26,387,-0.755678,1.38751,0.596185
0,800,hold,27,388,-0.755678,1.38751,0.596185
0,800,hold,28,389,-0.755678,1.38751,0.596185
0,800,hold,29,390,-0.755678,1.38751,0.596185
0,800,hold,30,391,-0.755678,1.38751,0.596185
0,800,hold,31,392,-0.755678,1.38751,0.596185
0,800,hold,32,393,-0.755678,1.38751,0.596185
0,800,hold,33,394,-0.755678,1.38751,0.596185
0,800,hold,34,395,-0.755678,1.38751,0.596185
0,800,hold,35,396,-0.755678,1.38751,0.596185
0,800,hold,36,397,-0.755678,1.38751,0.596185
0,800,hold,37,398,-0.755678,1.38751,0.596185
0,800,hold,38,399,-0.755678,1.38751,0.596185
0,800,hold,39,400,-0.755678,1.38751,0.596185
0,800,hold,40,401,-0.755678,1.38751,0.596185
0,800,hold,41,402,-0.755678,1.38751,0.596185
0,800,hold,42,403,-0.755678,1.38751,0.596185
0,800,hold,43,404,-0.755678,1.38751,0.596185
0,800,hold,44,405,-0.755678,1.38751,0.596185
0,800,hold,45,406,-0.755678,1.38751,0.596185
0,800,hold,46,407,-0.755678,1.38751,0.596185
0,800,hold,47,408,-0.755678,1.38751,0.596185
0,800,hold,48,409,-0.755678,1.38751,0.596185
0,800,hold,49,410,-0.755678,1.38751,0.596185
0,800,hold,50,411,-0.755678,1.38751,0.596185
0,800,hold,51,412,-0.755678,1.38751,0.596185
0,800,hold,52,413,-0.755678,1.38751,0.596185
0,800,hold,53,414,-0.755678,1.38751,0.596185
0,800,hold,54,415,-0.755678,1.38751,0.596185
0,800,hold,55,416,-0.755678,1.38751,0.596185
0,800,hold,56,417,-0.755678,1.38751,0.596185
0,800,hold,57,418,-0.755678,1.38751,0.596185
0,800,hold,58,419,-0.755678,1.38751,0.596185
0,800,hold,59,420,-0.755678,1.38751,0.596185
0,800,hold,60,421,-0.755678,1.38751,0.596185
0,800,hold,61,422,-0.755678,1.38751,0.596185
0,800,hold,62,423,-0.755678,1.38751,0.596185
0,800,hold,63,424,-0.755678,1.38751,0.596185
0,800,hold,64,425,-0.755678,1.38751,0.596185
0,800,hold,65,426,-0.755678,1.38751,0.596185
0,800,hold,66,427,-0.755678,1.38751,0.596185
0,800,hold,67,428,-0.755678,1.38751,0.596185
0,800,hold,68,429,-0.755678,1.38751,0.596185
0,800,hold,69,430,-0.755678,1.38751,0.596185
0,800,hold,70,431,-0.755678,1.38751,0.596185
0,800,hold,71,432,-0.755678,1.38751,0.596185
0,800,hold,72,433,-0.755678,1.38751,0.596185
0,800,hold,73,434,-0.755678,1.38751,0.596185
0,800,hold,74,435,-0.755678,1.38751,0.596185
0,800,hold,75,436,-0.755678,1.38751,0.596185
0,800,hold,76,437,-0.755678,1.38751,0.596185
0,800,hold,77,438,-0.755678,1.38751,0.596185
0,800,hold,78,439,-0.755678,1.38751,0.596185
0,800,hold,79,440,-0.755678,1.38751,0.596185
0,800,hold,80,441,-0.755678,1.38751,0.596185
0,800,hold,81,442,-0.755678,1.38751,0.596185
0,800,hold,82,443,-0.755678,1.38751,0.596185
0,800,hold,83,444,-0.755678,1.38751,0.596185
0,800,hold,84,445,-0.755678,1.38751,0.596185
0,800,hold,85,446,-0.755678,1.38751,0.596185
0,800,hold,86,447,-0.755678,1.38751,0.596185
0,800,hold,87,448,-0.755678,1.38751,0.596185
0,800,hold,88,449,-0.755678,1.38751,0.596185
0,800,hold,89,450,-0.755678,1.38751,0.596185
0,800,hold,90,451,-0.755678,1.38751,0.596185
0,800,hold,91,452,-0.755678,1.38751,0.596185
0,800,hold,92,453,-0.755678,1.38751,0.596185
0,800,hold,93,454,-0.755678,1.38751,0.596185
0,800,hold,94,455,-0.755678,1.38751,0.596185
0,800,hold,95,456,-0.755678,1.38751,0.596185
0,800,hold,96,457,-0.755678,1.38751,0.596185
0,800,hold,97,458,-0.755678,1.38751,0.596185
0,800,hold,98,459,-0.755678,1.38751,0.596185
0,800,hold,99,460,-0.755678,1.38751,0.596185
0,800,hold,100,461,-0.755678,1.38751,0.596185
0,800,hold,101,462,-0.755678,1.38751,0.596185
0,800,hold,102,463,-0.755678,1.38751,0.596185
0,800,hold,103,464,-0.755678,1.38751,0.596185
0,800,hold,104,465,-0.755678,1.38751,0.596185
0,800,hold,105,466,-0.755678,1.38751,0.596185
0,800,hold,106,467,-0.755678,1.38751,0.596185
0,800,hold,107,468,-0.755678,1.38751,0.596185
0,800,hold,108,469,-0.755678,1.38751,0.596185
0,800,hold,109,470,-0.755678,1.38751,0.596185
0,800,hold,110,471,-0.755678,1.38751,0.596185
0,800,hold,111,472,-0.755678,1.38751,0.596185
0,800,hold,112,473,-0.755678,1.38751,0.596185
0,800,hold,113,474,-0.755678,1.38751,0.596185
0,800,hold,114,475,-0.755678,1.38751,0.596185
0,800,hold,115,476,-0.755678,1.38751,0.596185
0,800,hold,116,477,-0.755678,1.38751,0.596185
0,800,hold,117,478,-0.755678,1.38751,0.596185
0,800,hold,118,479,-0.755678,1.38751,0.596185
0,800,hold,119,480,-0.755678,1.38751,0.596185
0,800,hold,120,481,-0.755678,1.38751,0.596185
0,800,hold,121,482,-0.755678,1.38751,0.596185
0,800,hold,122,483,-0.755678,1.38751,0.596185
0,800,hold,123,484,-0.755678,1.38751,0.596185
0,800,hold,124,485,-0.755678,1.38751,0.596185
0,800,hold,125,486,-0.755678,1.38751,0.596185
0,800,hold,126,487,-0.755678,1.38751,0.596185
0,800,hold,127,488,-0.755678,1.38751,0.596185
0,800,hold,128,489,-0.755678,1.38751,0.596185
0,800,hold,129,490,-0.755678,1.38751,0.596185
0,800,hold,130,491,-0.755678,1.38751,0.596185
0,800,hold,131,492,-0.755678,1.38751,0.596185
0,800,hold,132,493,-0.755678,1.38751,0.596185
0,800,hold,133,494,-0.755678,1.38751,0.596185
0,800,hold,134,495,-0.755678,1.38751,0.596185
0,800,hold,135,496,-0.755678,1.38751,0.596185
0,800,hold,136,497,-0.755678,1.38751,0.596185
0,800,hold,137,498,-0.755678,1.38751,0.596185
0,800,hold,138,499,-0.755678,1.38751,0.596185
0,800,hold,139,500,-0.755678,1.38751,0.596185
0,800,hold,140,501,-0.755678,1.38751,0.596185
0,800,hold,141,502,-0.755678,1.38751,0.596185
0,800,hold,142,503,-0.755678,1.38751,0.596185
0,800,hold,143,504,-0.755678,1.38751,0.596185
0,800,hold,144,505,-0.755678,1.38751,0.596185
0,800,hold,145,506,-0.755678,1.38751,0.596185
0,800,hold,146,507,-0.755678,1.38751,0.596185
0,800,hold,147,508,-0.755678,1.38751,0.596185
0,800,hold,148,509,-0.755678,1.38751,0.596185
0,800,hold,149,510,-0.755678,1.38751,0.596185
0,800,hold,150,511,-0.755678,1.38751,0.596185
0,800,hold,151,512,-0.755678,1.38751,0.596185
0,800,hold,152,513,-0.755678,1.38751,0.596185
0,800,hold,153,514,-0.755678,1.38751,0.596185
0,800,hold,154,515,-0.755678,1.38751,0.596185
0,800,hold,155,516,-0.755678,1.38751,0.596185
0,800,hold,156,517,-0.755678,1.38751,0.596185
0,800,hold,157,518,-0.755678,1.38751,0.596185
0,800,hold,158,519,-0.755678,1.38751,0.596185
0,800,hold,159,520,-0.755678,1.38751,0.596185
0,800,hold,160,521,-0.755678,1.38751,0.596185
0,800,hold,161,522,-0.755678,1.38751,0.596185
0,800,hold,162,523,-0.755678,1.38751,0.596185
0,800,hold,163,524,-0.755678,1.38751,0.596185
0,800,hold,164,525,-0.755678,1.38751,0.596185
0,800,hold,165,526,-0.755678,1.38751,0.596185
0,800,hold,166,527,-0.755678,1.38751,0.596185
0,800,hold,167,528,-0.755678,1.38751,0.596185
0,800,hold,168,529,-0.755678,1.38751,0.596185
0,800,hold,169,530,-0.755678,1.38751,0.596185
0,800,hold,170,531,-0.755678,1.38751,0.596185
0,800,hold,171,532,-0.755678,1.38751,0.596185
0,800,hold,172,533,-0.755678,1.38751,0.596185
0,800,hold,173,534,-0.755678,1.38751,0.596185
0,800,hold,174,535,-0.755678,1.38751,0.596185
0,800,hold,175,536,-0.755678,1.38751,0.596185
0,800,hold,176,537,-0.755678,1.38751,0.596185
0,800,hold,177,538,-0.755678,1.38751,0.596185
0,800,hold,178,539,-0.755678,1.38751,0.596185
0,800,hold,179,540,-0.755678,1.38751,0.596185
0,800,hold,180,541,-0.755678,1.38751,0.596185
0,800,hold,181,542,-0.755678,1.38751,0.596185
0,800,hold,182,543,-0.755678,1.38751,0.596185
0,800,hold,183,544,-0.755678,1.38751,0.596185
0,800,hold,184,545,-0.755678,1.38751,0.596185
0,800,hold,185,546,-0.755678,1.38751,0.596185
0,800,hold,186,547,-0.755678,1.38751,0.596185
0,800,hold,187,548,-0.755678,1.38751,0.596185
0,800,hold,188,549,-0.755678,1.38751,0.596185
0,800,hold,189,550,-0.755678,1.38751,0.596185
0,800,hold,190,551,-0.755678,1.38751,0.596185
0,800,hold,191,552,-0.755678,1.38751,0.596185
0,800,hold,192,553,-0.755678,1.38751,0.596185
0,800,hold,193,554,-0.755678,1.38751,0.596185
0,800,hold,194,555,-0.755678,1.38751,0.596185
0,800,hold,195,556,-0.755678,1.38751,0.596185
0,800,hold,196,557,-0.755678,1.38751,0.596185
0,800,hold,197,558,-0.755678,1.38751,0.596185
0,800,hold,198,559,-0.755678,1.38751,0.596185
0,800,hold,199,560,-0.755678,1.38751,0.596185
0,800,hold,200,561,-0.755678,1.38751,0.596185
0,800,hold,201,562,-0.755678,1.38751,0.596185
0,800,hold,202,563,-0.755678,1.38751,0.596185
0,800,hold,203,564,-0.755678,1.38751,0.596185
0,800,hold,204,565,-0.755678,1.38751,0.596185
0,800,hold,205,566,-0.755678,1.38751,0.596185
0,800,hold,206,567,-0.755678,1.38751,0.596185
0,800,hold,207,568,-0.755678,1.38751,0.596185
0,800,hold,208,569,-0.755678,1.38751,0.596185
0,800,hold,209,570,-0.755678,1.38751,0.596185
0,800,hold,210,571,-0.755678,1.38751,0.596185
0,800,hold,211,572,-0.755678,1.38751,0.596185
0,800,hold,212,573,-0.755678,1.38751,0.596185
0,800,hold,213,574,-0.755678,1.38751,0.596185
0,800,hold,214,575,-0.755678,1.38751,0.596185
0,800,hold,215,576,-0.755678,1.38751,0.596185
0,800,hold,216,577,-0.755678,1.38751,0.596185
0,800,hold,217,578,-0.755678,1.38751,0.596185
0,800,hold,218,579,-0.755678,1.38751,0.596185
0,800,hold,219,580,-0.755678,1.38751,0.596185
0,800,hold,220,581,-0.755678,1.38751,0.596185
0,800,hold,221,582,-0.755678,1.38751,0.596185
0,800,hold,222,583,-0.755678,1.38751,0.596185
0,800,hold,223,584,-0.755678,1.38751,0.596185
0,800,hold,224,585,-0.755678,1.38751,0.596185
0,800,hold,225,586,-0.755678,1.38751,0.596185
0,800,hold,226,587,-0.755678,1.38751,0.596185
0,800,hold,227,588,-0.755678,1.38751,0.596185
0,800,hold,228,589,-0.755678,1.38751,0.596185
0,800,hold,229,590,-0.755678,1.38751,0.596185
0,800,hold,230,591,-0.755678,1.38751,0.596185
0,800,hold,231,592,-0.755678,1.38751,0.596185
0,800,hold,232,593,-0.755678,1.38751,0.596185
0,800,hold,233,594,-0.755678,1.38751,0.596185
0,800,hold,234,595,-0.755678,1.38751,0.596185
0,800,hold,235,596,-0.755678,1.38751,0.596185
0,800,hold,236,597,-0.755678,1.38751,0.596185
0,800,hold,237,598,-0.755678,1.38751,0.596185
0,800,hold,238,599,-0.755678,1.38751,0.596185
0,800,hold,239,600,-0.755678,1.38751,0.596185
1,1500,settle,0,1,-0.629953,0.264301,-0.132151
1,1500,settle,1,2,-0.629953,0.264301,-0.132151
1,1500,settle,2,3,-0.629953,0.264301,-0.132151
1,1500,settle,3,4,-0.629953,0.264301,-0.132151
1,1500,settle,4,5,-0.629953,0.264301,-0.132151
1,1500,settle,5,6,-0.629953,0.264301,-0.132151
1,1500,settle,6,7,-0.629953,0.264301,-0.132151
1,1500,settle,7,8,-0.629953,0.264301,-0.132151
1,1500,settle,8,9,-0.629953,0.264301,-0.132151
1,1500,settle,9,10,-0.629953,0.264301,-0.132151
1,1500,settle,10,11,-0.629953,0.264301,-0.132151
1,1500,settle,11,12,-0.629953,0.264301,-0.132151
1,1500,settle,12,13,-0.629953,0.264301,-0.132151
1,1500,settle,13,14,-0.629953,0.264301,-0.132151
1,1500,settle,14,15,-0.629953,0.264301,-0.132151
1,1500,settle,15,16,-0.629953,0.264301,-0.132151
1,1500,settle,16,17,-0.629953,0.264301,-0.132151
1,1500,settle,17,18,-0.629953,0.264301,-0.132151
1,1500,settle,18,19,-0.629953,0.264301,-0.132151
1,1500,settle,19,20,-0.629953,0.264301,-0.132151
1,1500,settle,20,21,-0.629953,0.264301,-0.132151
1,1500,settle,21,22,-0.629953,0.264301,-0.132151
1,1500,settle,22,23,-0.629953,0.264301,-0.132151
1,1500,settle,23,24,-0.629953,0.264301,-0.132151
1,1500,settle,24,25,-0.629953,0.264301,-0.132151
1,1500,settle,25,26,-0.629953,0.264301,-0.132151
1,1500,settle,26,27,-0.629953,0.264301,-0.132151
1,1500,settle,27,28,-0.629953,0.264301,-0.132151
1,1500,settle,28,29,-0.629953,0.264301,-0.132151
1,1500,settle,29,30,-0.629953,0.264301,-0.132151
1,1500,settle,30,31,-0.629953,0.264301,-0.132151
1,1500,settle,31,32,-0.629953,0.264301,-0.132151
1,1500,settle,32,33,-0.629953,0.264301,-0.132151
1,1500,settle,33,34,-0.629953,0.264301,-0.132151
1,1500,settle,34,35,-0.629953,0.264301,-0.132151
1,1500,settle,35,36,-0.629953,0.264301,-0.132151
1,1500,settle,36,37,-0.629953,0.264301,-0.132151
1,1500,settle,37,38,-0.629953,0.264301,-0.132151
1,1500,settle,38,39,-0.629953,0.264301,-0.132151
1,1500,settle,39,40,-0.629953,0.264301,-0.132151
1,1500,settle,40,41,-0.629953,0.264301,-0.132151
1,1500,settle,41,42,-0.629953,0.264301,-0.132151
1,1500,settle,42,43,-0.629953,0.264301,-0.132151
1,1500,settle,43,44,-0.629953,0.264301,-0.132151
1,1500,settle,44,45,-0.629953,0.264301,-0.132151
1,1500,settle,45,46,-0.629953,0.264301,-0.132151
1,1500,settle,46,47,-0.629953,0.264301,-0.132151
1,1500,settle,47,48,-0.629953,0.264301,-0.132151
1,1500,settle,48,49,-0.629953,0.264301,-0.132151
1,1500,settle,49,50,-0.629953,0.264301,-0.132151
1,1500,settle,50,51,-0.629953,0.264301,-0.132151
1,1500,settle,51,52,-0.629953,0.264301,-0.132151
1,1500,settle,52,53,-0.629953,0.264301,-0.132151
1,1500,settle,53,54,-0.629953,0.264301,-0.132151
1,1500,settle,54,55,-0.629953,0.264301,-0.132151
1,1500,settle,55,56,-0.629953,0.264301,-0.132151
1,1500,settle,56,57,-0.629953,0.264301,-0.132151
1,1500,settle,57,58,-0.629953,0.264301,-0.132151
1,1500,settle,58,59,-0.629953,0.264301,-0.132151
1,1500,settle,59,60,-0.629953,0.264301,-0.132151
1,1500,settle,60,61,-0.629953,0.264301,-0.132151
1,1500,settle,61,62,-0.629953,0.264301,-0.132151
1,1500,settle,62,63,-0.629953,0.264301,-0.132151
1,1500,settle,63,64,-0.629953,0.264301,-0.132151
1,1500,settle,64,65,-0.629953,0.264301,-0.132151
1,1500,settle,65,66,-0.629953,0.264301,-0.132151
1,1500,settle,66,67,-0.629953,0.264301,-0.132151
1,1500,settle,67,68,-0.629953,0.264301,-0.132151
1,1500,settle,68,69,-0.629953,0.264301,-0.132151
1,1500,settle,69,70,-0.629953,0.264301,-0.132151
1,1500,settle,70,71,-0.629953,0.264301,-0.132151
1,1500,settle,71,72,-0.629953,0.264301,-0.132151
1,1500,settle,72,73,-0.629953,0.264301,-0.132151
1,1500,settle,73,74,-0.629953,0.264301,-0.132151
1,1500,settle,74,75,-0.629953,0.264301,-0.132151
1,1500,settle,75,76,-0.629953,0.264301,-0.132151
1,1500,settle,76,77,-0.629953,0.264301,-0.132151
1,1500,settle,77,78,-0.629953,0.264301,-0.132151
1,1500,settle,78,79,-0.629953,0.264301,-0.132151
1,1500,settle,79,80,-0.629953,0.264301,-0.132151
1,1500,settle,80,81,-0.629953,0.264301,-0.132151
1,1500,settle,81,82,-0.629953,0.264301,-0.132151
1,1500,settle,82,83,-0.629953,0.264301,-0.132151
1,1500,settle,83,84,-0.629953,0.264301,-0.132151
1,1500,settle,84,85,-0.629953,0.264301,-0.132151
1,1500,settle,85,86,-0.629953,0.264301,-0.132151
1,1500,settle,86,87,-0.629953,0.264301,-0.132151
1,1500,settle,87,88,-0.629953,0.264301,-0.132151
1,1500,settle,88,89,-0.629953,0.264301,-0.132151
1,1500,settle,89,90,-0.629953,0.264301,-0.132151
1,1500,settle,90,91,-0.629953,0.264301,-0.132151
1,1500,settle,91,92,-0.629953,0.264301,-0.132151
1,1500,settle,92,93,-0.629953,0.264301,-0.132151
1,1500,settle,93,94,-0.629953,0.264301,-0.132151
1,1500,settle,94,95,-0.629953,0.264301,-0.132151
1,1500,settle,95,96,-0.629953,0.264301,-0.132151
1,1500,settle,96,97,-0.629953,0.264301,-0.132151
1,1500,settle,97,98,-0.629953,0.264301,-0.132151
1,1500,settle,98,99,-0.629953,0.264301,-0.132151
1,1500,settle,99,100,-0.629953,0.264301,-0.132151
1,1500,settle,100,101,-0.629953,0.264301,-0.132151
1,1500,settle,101,102,-0.629953,0.264301,-0.132151
1,1500,settle,102,103,-0.629953,0.264301,-0.132151
1,1500,settle,103,104,-0.629953,0.264301,-0.132151
1,1500,settle,104,105,-0.629953,0.264301,-0.132151
1,1500,settle,105,106,-0.629953,0.264301,-0.132151
1,1500,settle,106,107,-0.629953,0.264301,-0.132151
1,1500,settle,107,108,-0.629953,0.264301,-0.132151
1,1500,settle,108,109,-0.629953,0.264301,-0.132151
1,1500,settle,109,110,-0.629953,0.264301,-0.132151
1,1500,settle,110,111,-0.629953,0.264301,-0.132151
1,1500,settle,111,112,-0.629953,0.264301,-0.132151
1,1500,settle,112,113,-0.629953,0.264301,-0.132151
1,1500,settle,113,114,-0.629953,0.264301,-0.132151
1,1500,settle,114,115,-0.629953,0.264301,-0.132151
1,1500,settle,115,116,-0.629953,0.264301,-0.132151
1,1500,settle,116,117,-0.629953,0.264301,-0.132151
1,1500,settle,117,118,-0.629953,0.264301,-0.132151
1,1500,settle,118,119,-0.629953,0.264301,-0.132151
1,1500,settle,119,120,-0.629953,0.264301,-0.132151
1,1500,drag,0,121,-3.45044,3.92675,1.20021
1,1500,drag,1,122,-3.0334,5.06227,2.16815
1,1500,drag,2,123,-2.46776,5.79199,2.94814
1,1500,drag,3,124,-2.06073,5.99118,3.23556
1,1500,drag,4,125,-1.82327,6.04308,3.33779
1,1500,drag,5,126,-1.68823,6.05278,3.37414
1,1500,drag,6,127,-1.61045,6.05097,3.38714
1,1500,drag,7,128,-1.56436,6.04662,3.39175
1,1500,drag,8,129,-1.53548,6.04212,3.39335
1,1500,drag,9,130,-1.51525,6.038,3.39411
1,1500,drag,10,131,-1.49919,6.03474,3.39526
1,1500,drag,11,132,-1.48778,6.03276,3.39697
1,1500,drag,12,133,-1.48201,6.03174,3.3983
1,1500,drag,13,134,-1.47995,6.03126,3.39901
1,1500,drag,14,135,-1.47953,6.03107,3.39933
1,1500,drag,15,136,-1.47969,6.03101,3.39946
1,1500,drag,16,137,-1.47997,6.031,3.39951
1,1500,drag,17,138,-1.48022,6.03101,3.39951
1,1500,drag,18,139,-1.48039,6.03103,3.39951
1,1500,drag,19,140,-1.48051,6.03104,3.3995
1,1500,drag,20,141,-1.48057,6.03104,3.3995
1,1500,drag,21,142,-1.48061,6.03105,3.39949
1,1500,drag,22,143,-1.48063,6.03105,3.39949
1,1500,drag,23,144,-1.48064,6.03105,3.39949
1,1500,drag,24,145,-1.48065,6.03105,3.39949
1,1500,drag,25,146,-1.48065,6.03105,3.39949
1,1500,drag,26,147,-1.48065,6.03105,3.39949
1,1500,drag,27,148,-1.48065,6.03105,3.39949
1,1500,drag,28,149,-1.48065,6.03105,3.39949
1,1500,drag,29,150,-1.48065,6.03105,3.39949
1,1500,drag,30,151,-1.48065,6.03105,3.39949
1,1500,drag,31,152,-1.48065,6.03105,3.39949
1,1500,drag,32,153,-1.48065,6.03105,3.39949
1,1500,drag,33,154,-1.48065,6.03105,3.39949
1,1500,drag,34,155,-1.48065,6.03105,3.39949
1,1500,drag,35,156,-1.48065,6.03105,3.39949
1,1500,drag,36,157,-1.48065,6.03105,3.39949
1,1500,drag,37,158,-1.48065,6.03105,3.39949
1,1500,drag,38,159,-1.48065,6.03105,3.39949
1,1500,drag,39,160,-1.48065,6.03105,3.39949
1,1500,drag,40,161,-1.48065,6.03105,3.39949
1,1500,drag,41,162,-1.48065,6.03105,3.39949
1,1500,drag,42,163,-1.48065,6.03105,3.39949
1,1500,drag,43,164,-1.48065,6.03105,3.39949
1,1500,drag,44,165,-1.48065,6.03105,3.39949
1,1500,drag,45,166,-1.48065,6.03105,3.39949
1,1500,drag,46,167,-1.48065,6.03105,3.39949
1,1500,drag,47,168,-1.48065,6.03105,3.39949
1,1500,drag,48,169,-1.48065,6.03105,3.39949
1,1500,drag,49,170,-1.48065,6.03105,3.39949
1,1500,drag,50,171,-1.48065,6.03105,3.39949
1,1500,drag,51,172,-1.48065,6.03105,3.39949
1,1500,drag,52,173,-1.48065,6.03105,3.39949
1,1500,drag,53,174,-1.48065,6.03105,3.39949
1,1500,drag,54,175,-1.48065,6.03105,3.39949
1,1500,drag,55,176,-1.48065,6.03105,3.39949
1,1500,drag,56,177,-1.48065,6.03105,3.39949
1,1500,drag,57,178,-1.48065,6.03105,3.39949
1,1500,drag,58,179,-1.48065,6.03105,3.39949
1,1500,drag,59,180,-1.48065,6.03105,3.39949
1,1500,drag,60,181,-1.48065,6.03105,3.39949
1,1500,drag,61,182,-1.48065,6.03105,3.39949
1,1500,drag,62,183,-1.48065,6.03105,3.39949
1,1500,drag,63,184,-1.48065,6.03105,3.39949
1,1500,drag,64,185,-1.48065,6.03105,3.39949
1,1500,drag,65,186,-1.48065,6.03105,3.39949
1,1500,drag,66,187,-1.48065,6.03105,3.39949
1,1500,drag,67,188,-1.48065,6.03105,3.39949
1,1500,drag,68,189,-1.48065,6.03105,3.39949
1,1500,drag,69,190,-1.48065,6.03105,3.39949
1,1500,drag,70,191,-1.48065,6.03105,3.39949
1,1500,drag,71,192,-1.48065,6.03105,3.39949
1,1500,drag,72,193,-1.48065,6.03105,3.39949
1,1500,drag,73,194,-1.48065,6.03105,3.39949
1,1500,drag,74,195,-1.48065,6.03105,3.39949
1,1500,drag,75,196,-1.48065,6.03105,3.39949
1,1500,drag,76,197,-1.48065,6.03105,3.39949
1,1500,drag,77,198,-1.48065,6.03105,3.39949
1,1500,drag,78,199,-1.48065,6.03105,3.39949
1,1500,drag,79,200,-1.48065,6.03105,3.39949
1,1500,drag,80,201,-1.48065,6.03105,3.39949
1,1500,drag,81,202,-1.48065,6.03105,3.39949
1,1500,drag,82,203,-1.48065,6.03105,3.39949
1,1500,drag,83,204,-1.48065,6.03105,3.39949
1,1500,drag,84,205,-1.48065,6.03105,3.39949
1,1500,drag,85,206,-1.48065,6.03105,3.39949
1,1500,drag,86,207,-1.48065,6.03105,3.39949
1,1500,drag,87,208,-1.48065,6.03105,3.39949
1,1500,drag,88,209,-1.48065,6.03105,3.39949
1,1500,drag,89,210,-1.48065,6.03105,3.39949
1,1500,drag,90,211,-1.48065,6.03105,3.39949
1,1500,drag,91,212,-1.48065,6.03105,3.39949
1,1500,drag,92,213,-1.48065,6.03105,3.39949
1,1500,drag,93,214,-1.48065,6.03105,3.39949
1,1500,drag,94,215,-1.48065,6.03105,3.39949
1,1500,drag,95,216,-1.48065,6.03105,3.39949
1,1500,drag,96,217,-1.48065,6.03105,3.39949
1,1500,drag,97,218,-1.48065,6.03105,3.39949
1,1500,drag,98,219,-1.48065,6.03105,3.39949
1,1500,drag,99,220,-1.48065,6.03105,3.39949
1,1500,drag,100,221,-1.48065,6.03105,3.39949
1,1500,drag,101,222,-1.48065,6.03105,3.39949
1,1500,drag,102,223,-1.48065,6.03105,3.39949
1,1500,drag,103,224,-1.48065,6.03105,3.39949
1,1500,drag,104,225,-1.48065,6.03105,3.39949
1,1500,drag,105,226,-1.48065,6.03105,3.39949
1,1500,drag,106,227,-1.48065,6.03105,3.39949
1,1500,drag,107,228,-1.48065,6.03105,3.39949
1,1500,drag,108,229,-1.48065,6.03105,3.39949
1,1500,drag,109,230,-1.48065,6.03105,3.39949
1,1500,drag,110,231,-1.48065,6.03105,3.39949
1,1500,drag,111,232,-1.48065,6.03105,3.39949
1,1500,drag,112,233,-1.48065,6.03105,3.39949
1,1500,drag,113,234,-1.48065,6.03105,3.39949
1,1500,drag,114,235,-1.48065,6.03105,3.39949
1,1500,drag,115,236,-1.48065,6.03105,3.39949
1,1500,drag,116,237,-1.48065,6.03105,3.39949
1,1500,drag,117,238,-1.48065,6.03105,3.39949
1,1500,drag,118,239,-1.48065,6.03105,3.39949
1,1500,drag,119,240,-1.48065,6.03105,3.39949
1,1500,drag,120,241,-1.48065,6.03105,3.39949
1,1500,drag,121,242,-1.48065,6.03105,3.39949
1,1500,drag,122,243,-1.48065,6.03105,3.39949
1,1500,drag,123,244,-1.48065,6.03105,3.39949
1,1500,drag,124,245,-1.48065,6.03105,3.39949
1,1500,drag,125,246,-1.48065,6.03105,3.39949
1,1500,drag,126,247,-1.48065,6.03105,3.39949
1,1500,drag,127,248,-1.48065,6.03105,3.39949
1,1500,drag,128,249,-1.48065,6.03105,3.39949
1,1500,drag,129,250,-1.48065,6.03105,3.39949
1,1500,drag,130,251,-1.48065,6.03105,3.39949
1,1500,drag,131,252,-1.48065,6.03105,3.39949
1,1500,drag,132,253,-1.48065,6.03105,3.39949
1,1500,drag,133,254,-1.48065,6.03105,3.39949
1,1500,drag,134,255,-1.48065,6.03105,3.39949
1,1500,drag,135,256,-1.48065,6.03105,3.39949
1,1500,drag,136,257,-1.48065,6.03105,3.39949
1,1500,drag,137,258,-1.48065,6.03105,3.39949
1,1500,drag,138,259,-1.48065,6.03105,3.39949
1,1500,drag,139,260,-1.48065,6.03105,3.39949
1,1500,drag,140,261,-1.48065,6.03105,3.39949
1,1500,drag,141,262,-1.48065,6.03105,3.39949
1,1500,drag,142,263,-1.48065,6.03105,3.39949
1,1500,drag,143,264,-1.48065,6.03105,3.39949
1,1500,drag,144,265,-1.48065,6.03105,3.39949
1,1500,drag,145,266,-1.48065,6.03105,3.39949
1,1500,drag,146,267,-1.48065,6.03105,3.39949
1,1500,drag,147,268,-1.48065,6.03105,3.39949
1,1500,drag,148,269,-1.48065,6.03105,3.39949
1,1500,drag,149,270,-1.48065,6.03105,3.39949
1,1500,drag,150,271,-1.48065,6.03105,3.39949
1,1500,drag,151,272,-1.48065,6.03105,3.39949
1,1500,drag,152,273,-1.48065,6.03105,3.39949
1,1500,drag,153,274,-1.48065,6.03105,3.39949
1,1500,drag,154,275,-1.48065,6.03105,3.39949
1,1500,drag,155,276,-1.48065,6.03105,3.39949
1,1500,drag,156,277,-1.48065,6.03105,3.39949
1,1500,drag,157,278,-1.48065,6.03105,3.39949
1,1500,drag,158,279,-1.48065,6.03105,3.39949
1,1500,drag,159,280,-1.48065,6.03105,3.39949
1,1500,drag,160,281,-1.48065,6.03105,3.39949
1,1500,drag,161,282,-1.48065,6.03105,3.39949
1,1500,drag,162,283,-1.48065,6.03105,3.39949
1,1500,drag,163,284,-1.48065,6.03105,3.39949
1,1500,drag,164,285,-1.48065,6.03105,3.39949
1,1500,drag,165,286,-1.48065,6.03105,3.39949
1,1500,drag,166,287,-1.48065,6.03105,3.39949
1,1500,drag,167,288,-1.48065,6.03105,3.39949
1,1500,drag,168,289,-1.48065,6.03105,3.39949
1,1500,drag,169,290,-1.48065,6.03105,3.39949
1,1500,drag,170,291,-1.48065,6.03105,3.39949
1,1500,drag,171,292,-1.48065,6.03105,3.39949
1,1500,drag,172,293,-1.48065,6.03105,3.39949
1,1500,drag,173,294,-1.48065,6.03105,3.39949
1,1500,drag,174,295,-1.48065,6.03105,3.39949
1,1500,drag,175,296,-1.48065,6.03105,3.39949
1,1500,drag,176,297,-1.48065,6.03105,3.39949
1,1500,drag,177,298,-1.48065,6.03105,3.39949
1,1500,drag,178,299,-1.48065,6.03105,3.39949
1,1500,drag,179,300,-1.48065,6.03105,3.39949
1,1500,drag,180,301,-1.48065,6.03105,3.39949
1,1500,drag,181,302,-1.48065,6.03105,3.39949
1,1500,drag,182,303,-1.48065,6.03105,3.39949
1,1500,drag,183,304,-1.48065,6.03105,3.39949
1,1500,drag,184,305,-1.48065,6.03105,3.39949
1,1500,drag,185,306,-1.48065,6.03105,3.39949
1,1500,drag,186,307,-1.48065,6.03105,3.39949
1,1500,drag,187,308,-1.48065,6.03105,3.39949
1,1500,drag,188,309,-1.48065,6.03105,3.39949
1,1500,drag,189,310,-1.48065,6.03105,3.39949
1,1500,drag,190,311,-1.48065,6.03105,3.39949
1,1500,drag,191,312,-1.48065,6.03105,3.39949
1,1500,drag,192,313,-1.48065,6.03105,3.39949
1,1500,drag,193,314,-1.48065,6.03105,3.39949
1,1500,drag,194,315,-1.48065,6.03105,3.39949
1,1500,drag,195,316,-1.48065,6.03105,3.39949
1,1500,drag,196,317,-1.48065,6.03105,3.39949
1,1500,drag,197,318,-1.48065,6.03105,3.39949
1,1500,drag,198,319,-1.48065,6.03105,3.39949
1,1500,drag,199,320,-1.48065,6.03105,3.39949
1,1500,drag,200,321,-1.48065,6.03105,3.39949
1,1500,drag,201,322,-1.48065,6.03105,3.39949
1,1500,drag,202,323,-1.48065,6.03105,3.39949
1,1500,drag,203,324,-1.48065,6.03105,3.39949
1,1500,drag,204,325,-1.48065,6.03105,3.39949
1,1500,drag,205,326,-1.48065,6.03105,3.39949
1,1500,drag,206,327,-1.48065,6.03105,3.39949
1,1500,drag,207,328,-1.48065,6.03105,3.39949
1,1500,drag,208,329,-1.48065,6.03105,3.39949
1,1500,drag,209,330,-1.48065,6.03105,3.39949
1,1500,drag,210,331,-1.48065,6.03105,3.39949
1,1500,drag,211,332,-1.48065,6.03105,3.39949
1,1500,drag,212,333,-1.48065,6.03105,3.39949
1,1500,drag,213,334,-1.48065,6.03105,3.39949
1,1500,drag,214,335,-1.48065,6.03105,3.39949
1,1500,drag,215,336,-1.48065,6.03105,3.39949
1,1500,drag,216,337,-1.48065,6.03105,3.39949
1,1500,drag,217,338,-1.48065,6.03105,3.39949
1,1500,drag,218,339,-1.48065,6.03105,3.39949
1,1500,drag,219,340,-1.48065,6.03105,3.39949
1,1500,drag,220,341,-1.48065,6.03105,3.39949
1,1500,drag,221,342,-1.48065,6.03105,3.39949
1,1500,drag,222,343,-1.48065,6.03105,3.39949
1,1500,drag,223,344,-1.48065,6.03105,3.39949
1,1500,drag,224,345,-1.48065,6.03105,3.39949
1,1500,drag,225,346,-1.48065,6.03105,3.39949
1,1500,drag,226,347,-1.48065,6.03105,3.39949
1,1500,drag,227,348,-1.48065,6.03105,3.39949
1,1500,drag,228,349,-1.48065,6.03105,3.39949
1,1500,drag,229,350,-1.48065,6.03105,3.39949
1,1500,drag,230,351,-1.48065,6.03105,3.39949
1,1500,drag,231,352,-1.48065,6.03105,3.39949
1,1500,drag,232,353,-1.48065,6.03105,3.39949
1,1500,drag,233,354,-1.48065,6.03105,3.39949
1,1500,drag,234,355,-1.48065,6.03105,3.39949
1,1500,drag,235,356,-1.48065,6.03105,3.39949
1,1500,drag,236,357,-1.48065,6.03105,3.39949
1,1500,drag,237,358,-1.48065,6.03105,3.39949
1,1500,drag,238,359,-1.48065,6.03105,3.39949
1,1500,drag,239,360,-1.48065,6.03105,3.39949
1,1500,hold,0,361,-1.48065,6.03105,3.39949
1,1500,hold,1,362,-1.48065,6.03105,3.39949
1,1500,hold,2,363,-1.48065,6.03105,3.39949
1,1500,hold,3,364,-1.48065,6.03105,3.39949
1,1500,hold,4,365,-1.48065,6.03105,3.39949
1,1500,hold,5,366,-1.48065,6.03105,3.39949
1,1500,hold,6,367,-1.48065,6.03105,3.39949
1,1500,hold,7,368,-1.48065,6.03105,3.39949
1,1500,hold,8,369,-1.48065,6.03105,3.39949
1,1500,hold,9,370,-1.48065,6.03105,3.39949
1,1500,hold,10,371,-1.48065,6.03105,3.39949
1,1500,hold,11,372,-1.48065,6.03105,3.39949
1,1500,hold,12,373,-1.48065,6.03105,3.39949
1,1500,hold,13,374,-1.48065,6.03105,3.39949
1,1500,hold,14,375,-1.48065,6.03105,3.39949
1,1500,hold,15,376,-1.48065,6.03105,3.39949
1,1500,hold,16,377,-1.48065,6.03105,3.39949
1,1500,hold,17,378,-1.48065,6.03105,3.39949
1,1500,hold,18,379,-1.48065,6.03105,3.39949
1,1500,hold,19,380,-1.48065,6.03105,3.39949
1,1500,hold,20,381,-1.48065,6.03105,3.39949
1,1500,hold,21,382,-1.48065,6.03105,3.39949
1,1500,hold,22,383,-1.48065,6.03105,3.39949
1,1500,hold,23,384,-1.48065,6.03105,3.39949
1,1500,hold,24,385,-1.48065,6.03105,3.39949
1,1500,hold,25,386,-1.48065,6.03105,3.39949
1,1500,hold,26,387,-1.48065,6.03105,3.39949
1,1500,hold,27,388,-1.48065,6.03105,3.39949
1,1500,hold,28,389,-1.48065,6.03105,3.39949
1,1500,hold,29,390,-1.48065,6.03105,3.39949
1,1500,hold,30,391,-1.48065,6.03105,3.39949
1,1500,hold,31,392,-1.48065,6.03105,3.39949
1,1500,hold,32,393,-1.48065,6.03105,3.39949
1,1500,hold,33,394,-1.48065,6.03105,3.39949
1,1500,hold,34,395,-1.48065,6.03105,3.39949
1,1500,hold,35,396,-1.48065,6.03105,3.39949
1,1500,hold,36,397,-1.48065,6.03105,3.39949
1,1500,hold,37,398,-1.48065,6.03105,3.39949
1,1500,hold,38,399,-1.48065,6.03105,3.39949
1,1500,hold,39,400,-1.48065,6.03105,3.39949
1,1500,hold,40,401,-1.48065,6.03105,3.39949
1,1500,hold,41,402,-1.48065,6.03105,3.39949
1,1500,hold,42,403,-1.48065,6.03105,3.39949
1,1500,hold,43,404,-1.48065,6.03105,3.39949
1,1500,hold,44,405,-1.48065,6.03105,3.39949
1,1500,hold,45,406,-1.48065,6.03105,3.39949
1,1500,hold,46,407,-1.48065,6.03105,3.39949
1,1500,hold,47,408,-1.48065,6.03105,3.39949
1,1500,hold,48,409,-1.48065,6.03105,3.39949
1,1500,hold,49,410,-1.48065,6.03105,3.39949
1,1500,hold,50,411,-1.48065,6.03105,3.39949
1,1500,hold,51,412,-1.48065,6.03105,3.39949
1,1500,hold,52,413,-1.48065,6.03105,3.39949
1,1500,hold,53,414,-1.48065,6.03105,3.39949
1,1500,hold,54,415,-1.48065,6.03105,3.39949
1,1500,hold,55,416,-1.48065,6.03105,3.39949
1,1500,hold,56,417,-1.48065,6.03105,3.39949
1,1500,hold,57,418,-1.48065,6.03105,3.39949
1,1500,hold,58,419,-1.48065,6.03105,3.39949
1,1500,hold,59,420,-1.48065,6.03105,3.39949
1,1500,hold,60,421,-1.48065,6.03105,3.39949
1,1500,hold,61,422,-1.48065,6.03105,3.39949
1,1500,hold,62,423,-1.48065,6.03105,3.39949
1,1500,hold,63,424,-1.48065,6.03105,3.39949
1,1500,hold,64,425,-1.48065,6.03105,3.39949
1,1500,hold,65,426,-1.48065,6.03105,3.39949
1,1500,hold,66,427,-1.48065,6.03105,3.39949
1,1500,hold,67,428,-1.48065,6.03105,3.39949
1,1500,hold,68,429,-1.48065,6.03105,3.39949
1,1500,hold,69,430,-1.48065,6.03105,3.39949
1,1500,hold,70,431,-1.48065,6.03105,3.39949
1,1500,hold,71,432,-1.48065,6.03105,3.39949
1,1500,hold,72,433,-1.48065,6.03105,3.39949
1,1500,hold,73,434,-1.48065,6.03105,3.39949
1,1500,hold,74,435,-1.48065,6.03105,3.39949
1,1500,hold,75,436,-1.48065,6.03105,3.39949
1,1500,hold,76,437,-1.48065,6.03105,3.39949
1,1500,hold,77,438,-1.48065,6.03105,3.39949
1,1500,hold,78,439,-1.48065,6.03105,3.39949
1,1500,hold,79,440,-1.48065,6.03105,3.39949
1,1500,hold,80,441,-1.48065,6.03105,3.39949
1,1500,hold,81,442,-1.48065,6.03105,3.39949
1,1500,hold,82,443,-1.48065,6.03105,3.39949
1,1500,hold,83,444,-1.48065,6.03105,3.39949
1,1500,hold,84,445,-1.48065,6.03105,3.39949
1,1500,hold,85,446,-1.48065,6.03105,3.39949
1,1500,hold,86,447,-1.48065,6.03105,3.39949
1,1500,hold,87,448,-1.48065,6.03105,3.39949
1,1500,hold,88,449,-1.48065,6.03105,3.39949
1,1500,hold,89,450,-1.48065,6.03105,3.39949
1,1500,hold,90,451,-1.48065,6.03105,3.39949
1,1500,hold,91,452,-1.48065,6.03105,3.39949
1,1500,hold,92,453,-1.48065,6.03105,3.39949
1,1500,hold,93,454,-1.48065,6.03105,3.39949
1,1500,hold,94,455,-1.48065,6.03105,3.39949
1,1500,hold,95,456,-1.48065,6.03105,3.39949
1,1500,hold,96,457,-1.48065,6.03105,3.39949
1,1500,hold,97,458,-1.48065,6.03105,3.39949
1,1500,hold,98,459,-1.48065,6.03105,3.39949
1,1500,hold,99,460,-1.48065,6.03105,3.39949
1,1500,hold,100,461,-1.48065,6.03105,3.39949
1,1500,hold,101,462,-1.48065,6.03105,3.39949
1,1500,hold,102,463,-1.48065,6.03105,3.39949
1,1500,hold,103,464,-1.48065,6.03105,3.39949
1,1500,hold,104,465,-1.48065,6.03105,3.39949
1,1500,hold,105,466,-1.48065,6.03105,3.39949
1,1500,hold,106,467,-1.48065,6.03105,3.39949
1,1500,hold,107,468,-1.48065,6.03105,3.39949
1,1500,hold,108,469,-1.48065,6.03105,3.39949
1,1500,hold,109,470,-1.48065,6.03105,3.39949
1,1500,hold,110,471,-1.48065,6.03105,3.39949
1,1500,hold,111,472,-1.48065,6.03105,3.39949
1,1500,hold,112,473,-1.48065,6.03105,3.39949
1,1500,hold,113,474,-1.48065,6.03105,3.39949
1,1500,hold,114,475,-1.48065,6.03105,3.39949
1,1500,hold,115,476,-1.48065,6.03105,3.39949
1,1500,hold,116,477,-1.48065,6.03105,3.39949
1,1500,hold,117,478,-1.48065,6.03105,3.39949
1,1500,hold,118,479,-1.48065,6.03105,3.39949
1,1500,hold,119,480,-1.48065,6.03105,3.39949
1,1500,hold,120,481,-1.48065,6.03105,3.39949
1,1500,hold,121,482,-1.48065,6.03105,3.39949
1,1500,hold,122,483,-1.48065,6.03105,3.39949
1,1500,hold,123,484,-1.48065,6.03105,3.39949
1,1500,hold,124,485,-1.48065,6.03105,3.39949
1,1500,hold,125,486,-1.48065,6.03105,3.39949
1,1500,hold,126,487,-1.48065,6.03105,3.39949
1,1500,hold,127,488,-1.48065,6.03105,3.39949
1,1500,hold,128,489,-1.48065,6.03105,3.39949
1,1500,hold,129,490,-1.48065,6.03105,3.39949
1,1500,hold,130,491,-1.48065,6.03105,3.39949
1,1500,hold,131,492,-1.48065,6.03105,3.39949
1,1500,hold,132,493,-1.48065,6.03105,3.39949
1,1500,hold,133,494,-1.48065,6.03105,3.39949
1,1500,hold,134,495,-1.48065,6.03105,3.39949
1,1500,hold,135,496,-1.48065,6.03105,3.39949
1,1500,hold,136,497,-1.48065,6.03105,3.39949
1,1500,hold,137,498,-1.48065,6.03105,3.39949
1,1500,hold,138,499,-1.48065,6.03105,3.39949
1,1500,hold,139,500,-1.48065,6.03105,3.39949
1,1500,hold,140,501,-1.48065,6.03105,3.39949
1,1500,hold,141,502,-1.48065,6.03105,3.39949
1,1500,hold,142,503,-1.48065,6.03105,3.39949
1,1500,hold,143,504,-1.48065,6.03105,3.39949
1,1500,hold,144,505,-1.48065,6.03105,3.39949
1,1500,hold,145,506,-1.48065,6.03105,3.39949
1,1500,hold,146,507,-1.48065,6.03105,3.39949
1,1500,hold,147,508,-1.48065,6.03105,3.39949
1,1500,hold,148,509,-1.48065,6.03105,3.39949
1,1500,hold,149,510,-1.48065,6.03105,3.39949
1,1500,hold,150,511,-1.48065,6.03105,3.39949
1,1500,hold,151,512,-1.48065,6.03105,3.39949
1,1500,hold,152,513,-1.48065,6.03105,3.39949
1,1500,hold,153,514,-1.48065,6.03105,3.39949
1,1500,hold,154,515,-1.48065,6.03105,3.39949
1,1500,hold,155,516,-1.48065,6.03105,3.39949
1,1500,hold,156,517,-1.48065,6.03105,3.39949
1,1500,hold,157,518,-1.48065,6.03105,3.39949
1,1500,hold,158,519,-1.48065,6.03105,3.39949
1,1500,hold,159,520,-1.48065,6.03105,3.39949
1,1500,hold,160,521,-1.48065,6.03105,3.39949
1,1500,hold,161,522,-1.48065,6.03105,3.39949
1,1500,hold,162,523,-1.48065,6.03105,3.39949
1,1500,hold,163,524,-1.48065,6.03105,3.39949
1,1500,hold,164,525,-1.48065,6.03105,3.39949
1,1500,hold,165,526,-1.48065,6.03105,3.39949
1,1500,hold,166,527,-1.48065,6.03105,3.39949
1,1500,hold,167,528,-1.48065,6.03105,3.39949
1,1500,hold,168,529,-1.48065,6.03105,3.39949
1,1500,hold,169,530,-1.48065,6.03105,3.39949
1,1500,hold,170,531,-1.48065,6.03105,3.39949
1,1500,hold,171,532,-1.48065,6.03105,3.39949
1,1500,hold,172,533,-1.48065,6.03105,3.39949
1,1500,hold,173,534,-1.48065,6.03105,3.39949
1,1500,hold,174,535,-1.48065,6.03105,3.39949
1,1500,hold,175,536,-1.48065,6.03105,3.39949
1,1500,hold,176,537,-1.48065,6.03105,3.39949
1,1500,hold,177,538,-1.48065,6.03105,3.39949
1,1500,hold,178,539,-1.48065,6.03105,3.39949
1,1500,hold,179,540,-1.48065,6.03105,3.39949
1,1500,hold,180,541,-1.48065,6.03105,3.39949
1,1500,hold,181,542,-1.48065,6.03105,3.39949
1,1500,hold,182,543,-1.48065,6.03105,3.39949
1,1500,hold,183,544,-1.48065,6.03105,3.39949
1,1500,hold,184,545,-1.48065,6.03105,3.39949
1,1500,hold,185,546,-1.48065,6.03105,3.39949
1,1500,hold,186,547,-1.48065,6.03105,3.39949
1,1500,hold,187,548,-1.48065,6.03105,3.39949
1,1500,hold,188,549,-1.48065,6.03105,3.39949
1,1500,hold,189,550,-1.48065,6.03105,3.39949
1,1500,hold,190,551,-1.48065,6.03105,3.39949
1,1500,hold,191,552,-1.48065,6.03105,3.39949
1,1500,hold,192,553,-1.48065,6.03105,3.39949
1,1500,hold,193,554,-1.48065,6.03105,3.39949
1,1500,hold,194,555,-1.48065,6.03105,3.39949
1,1500,hold,195,556,-1.48065,6.03105,3.39949
1,1500,hold,196,557,-1.48065,6.03105,3.39949
1,1500,hold,197,558,-1.48065,6.03105,3.39949
1,1500,hold,198,559,-1.48065,6.03105,3.39949
1,1500,hold,199,560,-1.48065,6.03105,3.39949
1,1500,hold,200,561,-1.48065,6.03105,3.39949
1,1500,hold,201,562,-1.48065,6.03105,3.39949
1,1500,hold,202,563,-1.48065,6.03105,3.39949
1,1500,hold,203,564,-1.48065,6.03105,3.39949
1,1500,hold,204,565,-1.48065,6.03105,3.39949
1,1500,hold,205,566,-1.48065,6.03105,3.39949
1,1500,hold,206,567,-1.48065,6.03105,3.39949
1,1500,hold,207,568,-1.48065,6.03105,3.39949
1,1500,hold,208,569,-1.48065,6.03105,3.39949
1,1500,hold,209,570,-1.48065,6.03105,3.39949
1,1500,hold,210,571,-1.48065,6.03105,3.39949
1,1500,hold,211,572,-1.48065,6.03105,3.39949
1,1500,hold,212,573,-1.48065,6.03105,3.39949
1,1500,hold,213,574,-1.48065,6.03105,3.39949
1,1500,hold,214,575,-1.48065,6.03105,3.39949
1,1500,hold,215,576,-1.48065,6.03105,3.39949
1,1500,hold,216,577,-1.48065,6.03105,3.39949
1,1500,hold,217,578,-1.48065,6.03105,3.39949
1,1500,hold,218,579,-1.48065,6.03105,3.39949
1,1500,hold,219,580,-1.48065,6.03105,3.39949
1,1500,hold,220,581,-1.48065,6.03105,3.39949
1,1500,hold,221,582,-1.48065,6.03105,3.39949
1,1500,hold,222,583,-1.48065,6.03105,3.39949
1,1500,hold,223,584,-1.48065,6.03105,3.39949
1,1500,hold,224,585,-1.48065,6.03105,3.39949
1,1500,hold,225,586,-1.48065,6.03105,3.39949
1,1500,hold,226,587,-1.48065,6.03105,3.39949
1,1500,hold,227,588,-1.48065,6.03105,3.39949
1,1500,hold,228,589,-1.48065,6.03105,3.39949
1,1500,hold,229,590,-1.48065,6.03105,3.39949
1,1500,hold,230,591,-1.48065,6.03105,3.39949
1,1500,hold,231,592,-1.48065,6.03105,3.39949
1,1500,hold,232,593,-1.48065,6.03105,3.39949
1,1500,hold,233,594,-1.48065,6.03105,3.39949
1,1500,hold,234,595,-1.48065,6.03105,3.39949
1,1500,hold,235,596,-1.48065,6.03105,3.39949
1,1500,hold,236,597,-1.48065,6.03105,3.39949
1,1500,hold,237,598,-1.48065,6.03105,3.39949
1,1500,hold,238,599,-1.48065,6.03105,3.39949
1,1500,hold,239,600,-1.48065,6.03105,3.39949
2,2000,settle,0,1,-0.629953,0.264301,-0.132151
2,2000,settle,1,2,-0.629953,0.264301,-0.132151
2,2000,settle,2,3,-0.629953,0.264301,-0.132151
2,2000,settle,3,4,-0.629953,0.264301,-0.132151
2,2000,settle,4,5,-0.629953,0.264301,-0.132151
2,2000,settle,5,6,-0.629953,0.264301,-0.132151
2,2000,settle,6,7,-0.629953,0.264301,-0.132151
2,2000,settle,7,8,-0.629953,0.264301,-0.132151
2,2000,settle,8,9,-0.629953,0.264301,-0.132151
2,2000,settle,9,10,-0.629953,0.264301,-0.132151
2,2000,settle,10,11,-0.629953,0.264301,-0.132151
2,2000,settle,11,12,-0.629953,0.264301,-0.132151
2,2000,settle,12,13,-0.629953,0.264301,-0.132151
2,2000,settle,13,14,-0.629953,0.264301,-0.132151
2,2000,settle,14,15,-0.629953,0.264301,-0.132151
2,2000,settle,15,16,-0.629953,0.264301,-0.132151
2,2000,settle,16,17,-0.629953,0.264301,-0.132151
2,2000,settle,17,18,-0.629953,0.264301,-0.132151
2,2000,settle,18,19,-0.629953,0.264301,-0.132151
2,2000,settle,19,20,-0.629953,0.264301,-0.132151
2,2000,settle,20,21,-0.629953,0.264301,-0.132151
2,2000,settle,21,22,-0.629953,0.264301,-0.132151
2,2000,settle,22,23,-0.629953,0.264301,-0.132151
2,2000,settle,23,24,-0.629953,0.264301,-0.132151
2,2000,settle,24,25,-0.629953,0.264301,-0.132151
2,2000,settle,25,26,-0.629953,0.264301,-0.132151
2,2000,settle,26,27,-0.629953,0.264301,-0.132151
2,2000,settle,27,28,-0.629953,0.264301,-0.132151
2,2000,settle,28,29,-0.629953,0.264301,-0.132151
2,2000,settle,29,30,-0.629953,0.264301,-0.132151
2,2000,settle,30,31,-0.629953,0.264301,-0.132151
2,2000,settle,31,32,-0.629953,0.264301,-0.132151
2,2000,settle,32,33,-0.629953,0.264301,-0.132151
2,2000,settle,33,34,-0.629953,0.264301,-0.132151
2,2000,settle,34,35,-0.629953,0.264301,-0.132151
2,2000,settle,35,36,-0.629953,0.264301,-0.132151
2,2000,settle,36,37,-0.629953,0.264301,-0.132151
2,2000,settle,37,38,-0.629953,0.264301,-0.132151
2,2000,settle,38,39,-0.629953,0.264301,-0.132151
2,2000,settle,39,40,-0.629953,0.264301,-0.132151
2,2000,settle,40,41,-0.629953,0.264301,-0.132151
2,2000,settle,41,42,-0.629953,0.264301,-0.132151
2,2000,settle,42,43,-0.629953,0.264301,-0.132151
2,2000,settle,43,44,-0.629953,0.264301,-0.132151
2,2000,settle,44,45,-0.629953,0.264301,-0.132151
2,2000,settle,45,46,-0.629953,0.264301,-0.132151
2,2000,settle,46,47,-0.629953,0.264301,-0.132151
2,2000,settle,47,48,-0.629953,0.264301,-0.132151
2,2000,settle,48,49,-0.629953,0.264301,-0.132151
2,2000,settle,49,50,-0.629953,0.264301,-0.132151
2,2000,settle,50,51,-0.629953,0.264301,-0.132151
2,2000,settle,51,52,-0.629953,0.264301,-0.132151
2,2000,settle,52,53,-0.629953,0.264301,-0.132151
2,2000,settle,53,54,-0.629953,0.264301,-0.132151
2,2000,settle,54,55,-0.629953,0.264301,-0.132151
2,2000,settle,55,56,-0.629953,0.264301,-0.132151
2,2000,settle,56,57,-0.629953,0.264301,-0.132151
2,2000,settle,57,58,-0.629953,0.264301,-0.132151
2,2000,settle,58,59,-0.629953,0.264301,-0.132151
2,2000,settle,59,60,-0.629953,0.264301,-0.132151
2,2000,settle,60,61,-0.629953,0.264301,-0.132151
2,2000,settle,61,62,-0.629953,0.264301,-0.132151
2,2000,settle,62,63,-0.629953,0.264301,-0.132151
2,2000,settle,63,64,-0.629953,0.264301,-0.132151
2,2000,settle,64,65,-0.629953,0.264301,-0.132151
2,2000,settle,65,66,-0.629953,0.264301,-0.132151
2,2000,settle,66,67,-0.629953,0.264301,-0.132151
2,2000,settle,67,68,-0.629953,0.264301,-0.132151
2,2000,settle,68,69,-0.629953,0.264301,-0.132151
2,2000,settle,69,70,-0.629953,0.264301,-0.132151
2,2000,settle,70,71,-0.629953,0.264301,-0.132151
2,2000,settle,71,72,-0.629953,0.264301,-0.132151
2,2000,settle,72,73,-0.629953,0.264301,-0.132151
2,2000,settle,73,74,-0.629953,0.264301,-0.132151
2,2000,settle,74,75,-0.629953,0.264301,-0.132151
2,2000,settle,75,76,-0.629953,0.264301,-0.132151
2,2000,settle,76,77,-0.629953,0.264301,-0.132151
2,2000,settle,77,78,-0.629953,0.264301,-0.132151
2,2000,settle,78,79,-0.629953,0.264301,-0.132151
2,2000,settle,79,80,-0.629953,0.264301,-0.132151
2,2000,settle,80,81,-0.629953,0.264301,-0.132151
2,2000,settle,81,82,-0.629953,0.264301,-0.132151
2,2000,settle,82,83,-0.629953,0.264301,-0.132151
2,2000,settle,83,84,-0.629953,0.264301,-0.132151
2,2000,settle,84,85,-0.629953,0.264301,-0.132151
2,2000,settle,85,86,-0.629953,0.264301,-0.132151
2,2000,settle,86,87,-0.629953,0.264301,-0.132151
2,2000,settle,87,88,-0.629953,0.264301,-0.132151
2,2000,settle,88,89,-0.629953,0.264301,-0.132151
2,2000,settle,89,90,-0.629953,0.264301,-0.132151
2,2000,settle,90,91,-0.629953,0.264301,-0.132151
2,2000,settle,91,92,-0.629953,0.264301,-0.132151
2,2000,settle,92,93,-0.629953,0.264301,-0.132151
2,2000,settle,93,94,-0.629953,0.264301,-0.132151
2,2000,settle,94,95,-0.629953,0.264301,-0.132151
2,2000,settle,95,96,-0.629953,0.264301,-0.132151
2,2000,settle,96,97,-0.629953,0.264301,-0.132151
2,2000,settle,97,98,-0.629953,0.264301,-0.132151
2,2000,settle,98,99,-0.629953,0.264301,-0.132151
2,2000,settle,99,100,-0.629953,0.264301,-0.132151
2,2000,settle,100,101,-0.629953,0.264301,-0.132151
2,2000,settle,101,102,-0.629953,0.264301,-0.132151
2,2000,settle,102,103,-0.629953,0.264301,-0.132151
2,2000,settle,103,104,-0.629953,0.264301,-0.132151
2,2000,settle,104,105,-0.629953,0.264301,-0.132151
2,2000,settle,105,106,-0.629953,0.264301,-0.132151
2,2000,settle,106,107,-0.629953,0.264301,-0.132151
2,2000,settle,107,108,-0.629953,0.264301,-0.132151
2,2000,settle,108,109,-0.629953,0.264301,-0.132151
2,2000,settle,109,110,-0.629953,0.264301,-0.132151
2,2000,settle,110,111,-0.629953,0.264301,-0.132151
2,2000,settle,111,112,-0.629953,0.264301,-0.132151
2,2000,settle,112,113,-0.629953,0.264301,-0.132151
2,2000,settle,113,114,-0.629953,0.264301,-0.132151
2,2000,settle,114,115,-0.629953,0.264301,-0.132151
2,2000,settle,115,116,-0.629953,0.264301,-0.132151
2,2000,settle,116,117,-0.629953,0.264301,-0.132151
2,2000,settle,117,118,-0.629953,0.264301,-0.132151
2,2000,settle,118,119,-0.629953,0.264301,-0.132151
2,2000,settle,119,120,-0.629953,0.264301,-0.132151
2,2000,drag,0,121,-5.38967,5.29348,0.954644
2,2000,drag,1,122,-5.28706,6.66759,2.08373
2,2000,drag,2,123,-4.93236,7.24624,2.70239
2,2000,drag,3,124,-4.49855,8.03094,3.57253
2,2000,drag,4,125,-3.89894,8.59096,4.38679
2,2000,drag,5,126,-3.44296,8.71693,4.72024
2,2000,drag,6,127,-3.13453,8.77612,4.87723
2,2000,drag,7,128,-2.9246,8.80566,4.95269
2,2000,drag,8,129,-2.77904,8.82156,4.99027
2,2000,drag,9,130,-2.6763,8.83088,5.00991
2,2000,drag,10,131,-2.60269,8.83621,5.02028
2,2000,drag,11,132,-2.54936,8.8397,5.02634
2,2000,drag,12,133,-2.51055,8.84199,5.02996
2,2000,drag,13,134,-2.48227,8.84347,5.03215
2,2000,drag,14,135,-2.46154,8.8445,5.03358
2,2000,drag,15,136,-2.44635,8.8452,5.03453
2,2000,drag,16,137,-2.43522,8.8457,5.03518
2,2000,drag,17,138,-2.42705,8.84605,5.03563
2,2000,drag,18,139,-2.42106,8.84629,5.03595
2,2000,drag,19,140,-2.41666,8.84647,5.03618
2,2000,drag,20,141,-2.41345,8.8466,5.03634
2,2000,drag,21,142,-2.41108,8.8467,5.03646
2,2000,drag,22,143,-2.40935,8.84676,5.03654
2,2000,drag,23,144,-2.40808,8.84681,5.03661
2,2000,drag,24,145,-2.40715,8.84685,5.03665
2,2000,drag,25,146,-2.40648,8.84688,5.03669
2,2000,drag,26,147,-2.40597,8.8469,5.03671
2,2000,drag,27,148,-2.40561,8.84691,5.03673
2,2000,drag,28,149,-2.40534,8.84692,5.03674
2,2000,drag,29,150,-2.40515,8.84693,5.03675
2,2000,drag,30,151,-2.405,8.84693,5.03676
2,2000,drag,31,152,-2.4049,8.84694,5.03676
2,2000,drag,32,153,-2.40483,8.84694,5.03677
2,2000,drag,33,154,-2.40477,8.84694,5.03677
2,2000,drag,34,155,-2.40472,8.84694,5.03677
2,2000,drag,35,156,-2.4047,8.84694,5.03677
2,2000,drag,36,157,-2.40467,8.84694,5.03677
2,2000,drag,37,158,-2.40466,8.84694,5.03678
2,2000,drag,38,159,-2.40464,8.84695,5.03678
2,2000,drag,39,160,-2.40464,8.84695,5.03678
2,2000,drag,40,161,-2.40463,8.84695,5.03678
2,2000,drag,41,162,-2.40463,8.84694,5.03678
2,2000,drag,42,163,-2.40462,8.84695,5.03678
2,2000,drag,43,164,-2.40462,8.84695,5.03678
2,2000,drag,44,165,-2.40462,8.84695,5.03678
2,2000,drag,45,166,-2.40462,8.84695,5.03678
2,2000,drag,46,167,-2.40462,8.84695,5.03678
2,2000,drag,47,168,-2.40462,8.84695,5.03678
2,2000,drag,48,169,-2.40461,8.84695,5.03678
2,2000,drag,49,170,-2.40461,8.84695,5.03678
2,2000,drag,50,171,-2.40461,8.84695,5.03678
2,2000,drag,51,172,-2.40461,8.84695,5.03678
2,2000,drag,52,173,-2.40461,8.84695,5.03678
2,2000,drag,53,174,-2.40461,8.84695,5.03678
2,2000,drag,54,175,-2.40461,8.84695,5.03678
2,2000,drag,55,176,-2.40461,8.84695,5.03678
2,2000,drag,56,177,-2.40461,8.84695,5.03678
2,2000,drag,57,178,-2.40461,8.84695,5.03678
2,2000,drag,58,179,-2.40461,8.84695,5.03678
2,2000,drag,59,180,-2.40461,8.84695,5.03678
2,2000,drag,60,181,-2.40461,8.84695,5.03678
2,2000,drag,61,182,-2.40461,8.84695,5.03678
2,2000,drag,62,183,-2.40461,8.84695,5.03678
2,2000,drag,63,184,-2.40461,8.84695,5.03678
2,2000,drag,64,185,-2.40461,8.84695,5.03678
2,2000,drag,65,186,-2.40461,8.84695,5.03678
2,2000,drag,66,187,-2.40461,8.84695,5.03678
2,2000,drag,67,188,-2.40461,8.84695,5.03678
2,2000,drag,68,189,-2.40461,8.84695,5.03678
2,2000,drag,69,190,-2.40461,8.84695,5.03678
2,2000,drag,70,191,-2.40461,8.84695,5.03678
2,2000,drag,71,192,-2.40461,8.84695,5.03678
2,2000,drag,72,193,-2.40461,8.84695,5.03678
2,2000,drag,73,194,-2.40461,8.84695,5.03678
2,2000,drag,74,195,-2.40461,8.84695,5.03678
2,2000,drag,75,196,-2.40461,8.84695,5.03678
2,2000,drag,76,197,-2.40461,8.84695,5.03678
2,2000,drag,77,198,-2.40461,8.84695,5.03678
2,2000,drag,78,199,-2.40461,8.84695,5.03678
2,2000,drag,79,200,-2.40461,8.84695,5.03678
2,2000,drag,80,201,-2.40461,8.84695,5.03678
2,2000,drag,81,202,-2.40461,8.84695,5.03678
2,2000,drag,82,203,-2.40461,8.84695,5.03678
2,2000,drag,83,204,-2.40461,8.84695,5.03678
2,2000,drag,84,205,-2.40461,8.84695,5.03678
2,2000,drag,85,206,-2.40461,8.84695,5.03678
2,2000,drag,86,207,-2.40461,8.84695,5.03678
2,2000,drag,87,208,-2.40461,8.84695,5.03678
2,2000,drag,88,209,-2.40461,8.84695,5.03678
2,2000,drag,89,210,-2.40461,8.84695,5.03678
2,2000,drag,90,211,-2.40461,8.84695,5.03678
2,2000,drag,91,212,-2.40461,8.84695,5.03678
2,2000,drag,92,213,-2.40461,8.84695,5.03678
2,2000,drag,93,214,-2.40461,8.84695,5.03678
2,2000,drag,94,215,-2.40461,8.84695,5.03678
2,2000,drag,95,216,-2.40461,8.84695,5.03678
2,2000,drag,96,217,-2.40461,8.84695,5.03678
2,2000,drag,97,218,-2.40461,8.84695,5.03678
2,2000,drag,98,219,-2.40461,8.84695,5.03678
2,2000,drag,99,220,-2.40461,8.84695,5.03678
2,2000,drag,100,221,-2.40461,8.84695,5.03678
2,2000,drag,101,222,-2.40461,8.84695,5.03678
2,2000,drag,102,223,-2.40461,8.84695,5.03678
2,2000,drag,103,224,-2.40461,8.84695,5.03678
2,2000,drag,104,225,-2.40461,8.84695,5.03678
2,2000,drag,105,226,-2.40461,8.84695,5.03678
2,2000,drag,106,227,-2.40461,8.84695,5.03678
2,2000,drag,107,228,-2.40461,8.84695,5.03678
2,2000,drag,108,229,-2.40461,8.84695,5.03678
2,2000,drag,109,230,-2.40461,8.84695,5.03678
2,2000,drag,110,231,-2.40461,8.84695,5.03678
2,2000,drag,111,232,-2.40461,8.84695,5.03678
2,2000,drag,112,233,-2.40461,8.84695,5.03678
2,2000,drag,113,234,-2.40461,8.84695,5.03678
2,2000,drag,114,235,-2.40461,8.84695,5.03678
2,2000,drag,115,236,-2.40461,8.84695,5.03678
2,2000,drag,116,237,-2.40461,8.84695,5.03678
2,2000,drag,117,238,-2.40461,8.84695,5.03678
2,2000,drag,118,239,-2.40461,8.84695,5.03678
2,2000,drag,119,240,-2.40461,8.84695,5.03678
2,2000,drag,120,241,-2.40461,8.84695,5.03678
2,2000,drag,121,242,-2.40461,8.84695,5.03678
2,2000,drag,122,243,-2.40461,8.84695,5.03678
2,2000,drag,123,244,-2.40461,8.84695,5.03678
2,2000,drag,124,245,-2.40461,8.84695,5.03678
2,2000,drag,125,246,-2.40461,8.84695,5.03678
2,2000,drag,126,247,-2.40461,8.84695,5.03678
2,2000,drag,127,248,-2.40461,8.84695,5.03678
2,2000,drag,128,249,-2.40461,8.84695,5.03678
2,2000,drag,129,250,-2.40461,8.84695,5.03678
2,2000,drag,130,251,-2.40461,8.84695,5.03678
2,2000,drag,131,252,-2.40462,8.84695,5.03678
2,2000,drag,132,253,-2.40461,8.84695,5.03678
2,2000,drag,133,254,-2.40461,8.84695,5.03678
2,2000,drag,134,255,-2.40461,8.84695,5.03678
2,2000,drag,135,256,-2.40461,8.84695,5.03678
2,2000,drag,136,257,-2.40461,8.84695,5.03678
2,2000,drag,137,258,-2.40461,8.84695,5.03678
2,2000,drag,138,259,-2.40461,8.84695,5.03678
2,2000,drag,139,260,-2.40461,8.84695,5.03678
2,2000,drag,140,261,-2.40461,8.84695,5.03678
2,2000,drag,141,262,-2.40461,8.84695,5.03678
2,2000,drag,142,263,-2.40461,8.84695,5.03678
2,2000,drag,143,264,-2.40461,8.84695,5.03678
2,2000,drag,144,265,-2.40461,8.84695,5.03678
2,2000,drag,145,266,-2.40461,8.84695,5.03678
2,2000,drag,146,267,-2.40461,8.84695,5.03678
2,2000,drag,147,268,-2.40461,8.84695,5.03678
2,2000,drag,148,269,-2.40461,8.84695,5.03678
2,2000,drag,149,270,-2.40461,8.84695,5.03678
2,2000,drag,150,271,-2.40461,8.84695,5.03678
2,2000,drag,151,272,-2.40461,8.84695,5.03678
2,2000,drag,152,273,-2.40461,8.84695,5.03678
2,2000,drag,153,274,-2.40461,8.84695,5.03678
2,2000,drag,154,275,-2.40461,8.84695,5.03678
2,2000,drag,155,276,-2.40461,8.84695,5.03678
2,2000,drag,156,277,-2.40461,8.84695,5.03678
2,2000,drag,157,278,-2.40461,8.84695,5.03678
2,2000,drag,158,279,-2.40461,8.84695,5.03678
2,2000,drag,159,280,-2.40461,8.84695,5.03678
2,2000,drag,160,281,-2.40461,8.84695,5.03678
2,2000,drag,161,282,-2.40461,8.84695,5.03678
2,2000,drag,162,283,-2.40461,8.84695,5.03678
2,2000,drag,163,284,-2.40461,8.84695,5.03678
2,2000,drag,164,285,-2.40461,8.84695,5.03678
2,2000,drag,165,286,-2.40461,8.84695,5.03678
2,2000,drag,166,287,-2.40461,8.84695,5.03678
2,2000,drag,167,288,-2.40461,8.84695,5.03678
2,2000,drag,168,289,-2.40461,8.84695,5.03678
2,2000,drag,169,290,-2.40461,8.84695,5.03678
2,2000,drag,170,291,-2.40461,8.84695,5.03678
2,2000,drag,171,292,-2.40461,8.84695,5.03678
2,2000,drag,172,293,-2.40461,8.84695,5.03678
2,2000,drag,173,294,-2.40461,8.84695,5.03678
2,2000,drag,174,295,-2.40461,8.84695,5.03678
2,2000,drag,175,296,-2.40461,8.84695,5.03678
2,2000,drag,176,297,-2.40461,8.84695,5.03678
2,2000,drag,177,298,-2.40461,8.84695,5.03678
2,2000,drag,178,299,-2.40461,8.84695,5.03678
2,2000,drag,179,300,-2.40461,8.84695,5.03678
2,2000,drag,180,301,-2.40461,8.84695,5.03678
2,2000,drag,181,302,-2.40461,8.84695,5.03678
2,2000,drag,182,303,-2.40461,8.84695,5.03678
2,2000,drag,183,304,-2.40461,8.84695,5.03678
2,2000,drag,184,305,-2.40461,8.84695,5.03678
2,2000,drag,185,306,-2.40461,8.84695,5.03678
2,2000,drag,186,307,-2.40461,8.84695,5.03678
2,2000,drag,187,308,-2.40461,8.84695,5.03678
2,2000,drag,188,309,-2.40461,8.84695,5.03678
2,2000,drag,189,310,-2.40461,8.84695,5.03678
2,2000,drag,190,311,-2.40461,8.84695,5.03678
2,2000,drag,191,312,-2.40461,8.84695,5.03678
2,2000,drag,192,313,-2.40461,8.84695,5.03678
2,2000,drag,193,314,-2.40461,8.84695,5.03678
2,2000,drag,194,315,-2.40461,8.84695,5.03678
2,2000,drag,195,316,-2.40461,8.84695,5.03678
2,2000,drag,196,317,-2.40461,8.84695,5.03678
2,2000,drag,197,318,-2.40461,8.84695,5.03678
2,2000,drag,198,319,-2.40461,8.84695,5.03678
2,2000,drag,199,320,-2.40461,8.84695,5.03678
2,2000,drag,200,321,-2.40461,8.84695,5.03678
2,2000,drag,201,322,-2.40461,8.84695,5.03678
2,2000,drag,202,323,-2.40461,8.84695,5.03678
2,2000,drag,203,324,-2.40461,8.84695,5.03678
2,2000,drag,204,325,-2.40461,8.84695,5.03678
2,2000,drag,205,326,-2.40461,8.84695,5.03678
2,2000,drag,206,327,-2.40461,8.84695,5.03678
2,2000,drag,207,328,-2.40461,8.84695,5.03678
2,2000,drag,208,329,-2.40461,8.84695,5.03678
2,2000,drag,209,330,-2.40461,8.84695,5.03678
2,2000,drag,210,331,-2.40461,8.84695,5.03678
2,2000,drag,211,332,-2.40461,8.84695,5.03678
2,2000,drag,212,333,-2.40461,8.84695,5.03678
2,2000,drag,213,334,-2.40461,8.84695,5.03678
2,2000,drag,214,335,-2.40461,8.84695,5.03678
2,2000,drag,215,336,-2.40461,8.84695,5.03678
2,2000,drag,216,337,-2.40462,8.84695,5.03678
2,2000,drag,217,338,-2.40461,8.84695,5.03678
2,2000,drag,218,339,-2.40461,8.84695,5.03678
2,2000,drag,219,340,-2.40461,8.84695,5.03678
2,2000,drag,220,341,-2.40461,8.84695,5.03678
2,2000,drag,221,342,-2.40461,8.84695,5.03678
2,2000,drag,222,343,-2.40461,8.84695,5.03678
2,2000,drag,223,344,-2.40461,8.84695,5.03678
2,2000,drag,224,345,-2.40461,8.84695,5.03678
2,2000,drag,225,346,-2.40461,8.84695,5.03678
2,2000,drag,226,347,-2.40461,8.84695,5.03678
2,2000,drag,227,348,-2.40461,8.84695,5.03678
2,2000,drag,228,349,-2.40461,8.84695,5.03678
2,2000,drag,229,350,-2.40461,8.84695,5.03678
2,2000,drag,230,351,-2.40461,8.84695,5.03678
2,2000,drag,231,352,-2.40461,8.84695,5.03678
2,2000,drag,232,353,-2.40461,8.84695,5.03678
2,2000,drag,233,354,-2.40461,8.84695,5.03678
2,2000,drag,234,355,-2.40461,8.84695,5.03678
2,2000,drag,235,356,-2.40461,8.84695,5.03678
2,2000,drag,236,357,-2.40461,8.84695,5.03678
2,2000,drag,237,358,-2.40461,8.84695,5.03678
2,2000,drag,238,359,-2.40461,8.84695,5.03678
2,2000,drag,239,360,-2.40461,8.84695,5.03678
2,2000,hold,0,361,-2.40461,8.84695,5.03678
2,2000,hold,1,362,-2.40461,8.84695,5.03678
2,2000,hold,2,363,-2.40461,8.84695,5.03678
2,2000,hold,3,364,-2.40461,8.84695,5.03678
2,2000,hold,4,365,-2.40461,8.84695,5.03678
2,2000,hold,5,366,-2.40461,8.84695,5.03678
2,2000,hold,6,367,-2.40461,8.84695,5.03678
2,2000,hold,7,368,-2.40461,8.84695,5.03678
2,2000,hold,8,369,-2.40461,8.84695,5.03678
2,2000,hold,9,370,-2.40461,8.84695,5.03678
2,2000,hold,10,371,-2.40461,8.84695,5.03678
2,2000,hold,11,372,-2.40461,8.84695,5.03678
2,2000,hold,12,373,-2.40461,8.84695,5.03678
2,2000,hold,13,374,-2.40461,8.84695,5.03678
2,2000,hold,14,375,-2.40461,8.84695,5.03678
2,2000,hold,15,376,-2.40461,8.84695,5.03678
2,2000,hold,16,377,-2.40461,8.84695,5.03678
2,2000,hold,17,378,-2.40461,8.84695,5.03678
2,2000,hold,18,379,-2.40461,8.84695,5.03678
2,2000,hold,19,380,-2.40461,8.84695,5.03678
2,2000,hold,20,381,-2.40461,8.84695,5.03678
2,2000,hold,21,382,-2.40461,8.84695,5.03678
2,2000,hold,22,383,-2.40461,8.84695,5.03678
2,2000,hold,23,384,-2.40461,8.84695,5.03678
2,2000,hold,24,385,-2.40461,8.84695,5.03678
2,2000,hold,25,386,-2.40461,8.84695,5.03678
2,2000,hold,26,387,-2.40461,8.84695,5.03678
2,2000,hold,27,388,-2.40461,8.84695,5.03678
2,2000,hold,28,389,-2.40461,8.84695,5.03678
2,2000,hold,29,390,-2.40461,8.84695,5.03678
2,2000,hold,30,391,-2.40461,8.84695,5.03678
2,2000,hold,31,392,-2.40461,8.84695,5.03678
2,2000,hold,32,393,-2.40461,8.84695,5.03678
2,2000,hold,33,394,-2.40461,8.84695,5.03678
2,2000,hold,34,395,-2.40461,8.84695,5.03678
2,2000,hold,35,396,-2.40461,8.84695,5.03678
2,2000,hold,36,397,-2.40461,8.84695,5.03678
2,2000,hold,37,398,-2.40461,8.84695,5.03678
2,2000,hold,38,399,-2.40461,8.84695,5.03678
2,2000,hold,39,400,-2.40461,8.84695,5.03678
2,2000,hold,40,401,-2.40461,8.84695,5.03678
2,2000,hold,41,402,-2.40462,8.84695,5.03678
2,2000,hold,42,403,-2.40461,8.84695,5.03678
2,2000,hold,43,404,-2.40461,8.84695,5.03678
2,2000,hold,44,405,-2.40461,8.84695,5.03678
2,2000,hold,45,406,-2.40461,8.84695,5.03678
2,2000,hold,46,407,-2.40461,8.84695,5.03678
2,2000,hold,47,408,-2.40462,8.84695,5.03678
2,2000,hold,48,409,-2.40461,8.84695,5.03678
2,2000,hold,49,410,-2.40461,8.84695,5.03678
2,2000,hold,50,411,-2.40461,8.84695,5.03678
2,2000,hold,51,412,-2.40461,8.84695,5.03678
2,2000,hold,52,413,-2.40461,8.84695,5.03678
2,2000,hold,53,414,-2.40461,8.84695,5.03678
2,2000,hold,54,415,-2.40461,8.84695,5.03678
2,2000,hold,55,416,-2.40461,8.84695,5.03678
2,2000,hold,56,417,-2.40461,8.84695,5.03678
2,2000,hold,57,418,-2.40461,8.84695,5.03678
2,2000,hold,58,419,-2.40461,8.84695,5.03678
2,2000,hold,59,420,-2.40461,8.84695,5.03678
2,2000,hold,60,421,-2.40461,8.84695,5.03678
2,2000,hold,61,422,-2.40461,8.84695,5.03678
2,2000,hold,62,423,-2.40461,8.84695,5.03678
2,2000,hold,63,424,-2.40461,8.84695,5.03678
2,2000,hold,64,425,-2.40461,8.84695,5.03678
2,2000,hold,65,426,-2.40461,8.84695,5.03678
2,2000,hold,66,427,-2.40461,8.84695,5.03678
2,2000,hold,67,428,-2.40461,8.84695,5.03678
2,2000,hold,68,429,-2.40461,8.84695,5.03678
2,2000,hold,69,430,-2.40461,8.84695,5.03678
2,2000,hold,70,431,-2.40461,8.84695,5.03678
2,2000,hold,71,432,-2.40461,8.84695,5.03678
2,2000,hold,72,433,-2.40461,8.84695,5.03678
2,2000,hold,73,434,-2.40461,8.84695,5.03678
2,2000,hold,74,435,-2.40461,8.84695,5.03678
2,2000,hold,75,436,-2.40461,8.84695,5.03678
2,2000,hold,76,437,-2.40461,8.84695,5.03678
2,2000,hold,77,438,-2.40461,8.84695,5.03678
2,2000,hold,78,439,-2.40461,8.84695,5.03678
2,2000,hold,79,440,-2.40461,8.84695,5.03678
2,2000,hold,80,441,-2.40461,8.84695,5.03678
2,2000,hold,81,442,-2.40461,8.84695,5.03678
2,2000,hold,82,443,-2.40461,8.84695,5.03678
2,2000,hold,83,444,-2.40461,8.84695,5.03678
2,2000,hold,84,445,-2.40461,8.84695,5.03678
2,2000,hold,85,446,-2.40461,8.84695,5.03678
2,2000,hold,86,447,-2.40462,8.84695,5.03678
2,2000,hold,87,448,-2.40461,8.84695,5.03678
2,2000,hold,88,449,-2.40461,8.84695,5.03678
2,2000,hold,89,450,-2.40461,8.84695,5.03678
2,2000,hold,90,451,-2.40461,8.84695,5.03678
2,2000,hold,91,452,-2.40461,8.84695,5.03678
2,2000,hold,92,453,-2.40461,8.84695,5.03678
2,2000,hold,93,454,-2.40461,8.84695,5.03678
2,2000,hold,94,455,-2.40461,8.84695,5.03678
2,2000,hold,95,456,-2.40461,8.84695,5.03678
2,2000,hold,96,457,-2.40461,8.84695,5.03678
2,2000,hold,97,458,-2.40461,8.84695,5.03678
2,2000,hold,98,459,-2.40461,8.84695,5.03678
2,2000,hold,99,460,-2.40461,8.84695,5.03678
2,2000,hold,100,461,-2.40461,8.84695,5.03678
2,2000,hold,101,462,-2.40461,8.84695,5.03678
2,2000,hold,102,463,-2.40461,8.84695,5.03678
2,2000,hold,103,464,-2.40461,8.84695,5.03678
2,2000,hold,104,465,-2.40461,8.84695,5.03678
2,2000,hold,105,466,-2.40461,8.84695,5.03678
2,2000,hold,106,467,-2.40461,8.84695,5.03678
2,2000,hold,107,468,-2.40461,8.84695,5.03678
2,2000,hold,108,469,-2.40461,8.84695,5.03678
2,2000,hold,109,470,-2.40461,8.84695,5.03678
2,2000,hold,110,471,-2.40461,8.84695,5.03678
2,2000,hold,111,472,-2.40461,8.84695,5.03678
2,2000,hold,112,473,-2.40461,8.84695,5.03678
2,2000,hold,113,474,-2.40461,8.84695,5.03678
2,2000,hold,114,475,-2.40461,8.84695,5.03678
2,2000,hold,115,476,-2.40462,8.84695,5.03678
2,2000,hold,116,477,-2.40461,8.84695,5.03678
2,2000,hold,117,478,-2.40461,8.84695,5.03678
2,2000,hold,118,479,-2.40461,8.84695,5.03678
2,2000,hold,119,480,-2.40461,8.84695,5.03678
2,2000,hold,120,481,-2.40461,8.84695,5.03678
2,2000,hold,121,482,-2.40461,8.84695,5.03678
2,2000,hold,122,483,-2.40461,8.84695,5.03678
2,2000,hold,123,484,-2.40461,8.84695,5.03678
2,2000,hold,124,485,-2.40461,8.84695,5.03678
2,2000,hold,125,486,-2.40461,8.84695,5.03678
2,2000,hold,126,487,-2.40461,8.84695,5.03678
2,2000,hold,127,488,-2.40461,8.84695,5.03678
2,2000,hold,128,489,-2.40461,8.84695,5.03678
2,2000,hold,129,490,-2.40461,8.84695,5.03678
2,2000,hold,130,491,-2.40461,8.84695,5.03678
2,2000,hold,131,492,-2.40461,8.84695,5.03678
2,2000,hold,132,493,-2.40461,8.84695,5.03678
2,2000,hold,133,494,-2.40461,8.84695,5.03678
2,2000,hold,134,495,-2.40461,8.84695,5.03678
2,2000,hold,135,496,-2.40461,8.84695,5.03678
2,2000,hold,136,497,-2.40461,8.84695,5.03678
2,2000,hold,137,498,-2.40461,8.84695,5.03678
2,2000,hold,138,499,-2.40461,8.84695,5.03678
2,2000,hold,139,500,-2.40461,8.84695,5.03678
2,2000,hold,140,501,-2.40461,8.84695,5.03678
2,2000,hold,141,502,-2.40461,8.84695,5.03678
2,2000,hold,142,503,-2.40462,8.84695,5.03678
2,2000,hold,143,504,-2.40462,8.84695,5.03678
2,2000,hold,144,505,-2.40461,8.84695,5.03678
2,2000,hold,145,506,-2.40461,8.84695,5.03678
2,2000,hold,146,507,-2.40461,8.84695,5.03678
2,2000,hold,147,508,-2.40461,8.84695,5.03678
2,2000,hold,148,509,-2.40461,8.84695,5.03678
2,2000,hold,149,510,-2.40461,8.84695,5.03678
2,2000,hold,150,511,-2.40461,8.84695,5.03678
2,2000,hold,151,512,-2.40461,8.84695,5.03678
2,2000,hold,152,513,-2.40461,8.84695,5.03678
2,2000,hold,153,514,-2.40461,8.84695,5.03678
2,2000,hold,154,515,-2.40461,8.84695,5.03678
2,2000,hold,155,516,-2.40461,8.84695,5.03678
2,2000,hold,156,517,-2.40461,8.84695,5.03678
2,2000,hold,157,518,-2.40461,8.84695,5.03678
2,2000,hold,158,519,-2.40461,8.84695,5.03678
2,2000,hold,159,520,-2.40461,8.84695,5.03678
2,2000,hold,160,521,-2.40461,8.84695,5.03678
2,2000,hold,161,522,-2.40461,8.84695,5.03678
2,2000,hold,162,523,-2.40461,8.84695,5.03678
2,2000,hold,163,524,-2.40461,8.84695,5.03678
2,2000,hold,164,525,-2.40461,8.84695,5.03678
2,2000,hold,165,526,-2.40461,8.84695,5.03678
2,2000,hold,166,527,-2.40461,8.84695,5.03678
2,2000,hold,167,528,-2.40461,8.84695,5.03678
2,2000,hold,168,529,-2.40461,8.84695,5.03678
2,2000,hold,169,530,-2.40461,8.84695,5.03678
2,2000,hold,170,531,-2.40461,8.84695,5.03678
2,2000,hold,171,532,-2.40461,8.84695,5.03678
2,2000,hold,172,533,-2.40461,8.84695,5.03678
2,2000,hold,173,534,-2.40461,8.84695,5.03678
2,2000,hold,174,535,-2.40461,8.84695,5.03678
2,2000,hold,175,536,-2.40461,8.84695,5.03678
2,2000,hold,176,537,-2.40461,8.84695,5.03678
2,2000,hold,177,538,-2.40462,8.84695,5.03678
2,2000,hold,178,539,-2.40461,8.84695,5.03678
2,2000,hold,179,540,-2.40461,8.84695,5.03678
2,2000,hold,180,541,-2.40461,8.84695,5.03678
2,2000,hold,181,542,-2.40461,8.84695,5.03678
2,2000,hold,182,543,-2.40461,8.84695,5.03678
2,2000,hold,183,544,-2.40461,8.84695,5.03678
2,2000,hold,184,545,-2.40461,8.84695,5.03678
2,2000,hold,185,546,-2.40461,8.84695,5.03678
2,2000,hold,186,547,-2.40461,8.84695,5.03678
2,2000,hold,187,548,-2.40461,8.84695,5.03678
2,2000,hold,188,549,-2.40461,8.84695,5.03678
2,2000,hold,189,550,-2.40461,8.84695,5.03678
2,2000,hold,190,551,-2.40461,8.84695,5.03678
2,2000,hold,191,552,-2.40461,8.84695,5.03678
2,2000,hold,192,553,-2.40461,8.84695,5.03678
2,2000,hold,193,554,-2.40461,8.84695,5.03678
2,2000,hold,194,555,-2.40461,8.84695,5.03678
2,2000,hold,195,556,-2.40461,8.84695,5.03678
2,2000,hold,196,557,-2.40461,8.84695,5.03678
2,2000,hold,197,558,-2.40461,8.84695,5.03678
2,2000,hold,198,559,-2.40461,8.84695,5.03678
2,2000,hold,199,560,-2.40461,8.84695,5.03678
2,2000,hold,200,561,-2.40461,8.84695,5.03678
2,2000,hold,201,562,-2.40461,8.84695,5.03678
2,2000,hold,202,563,-2.40461,8.84695,5.03678
2,2000,hold,203,564,-2.40461,8.84695,5.03678
2,2000,hold,204,565,-2.40461,8.84695,5.03678
2,2000,hold,205,566,-2.40461,8.84695,5.03678
2,2000,hold,206,567,-2.40461,8.84695,5.03678
2,2000,hold,207,568,-2.40461,8.84695,5.03678
2,2000,hold,208,569,-2.40461,8.84695,5.03678
2,2000,hold,209,570,-2.40461,8.84695,5.03678
2,2000,hold,210,571,-2.40461,8.84695,5.03678
2,2000,hold,211,572,-2.40461,8.84695,5.03678
2,2000,hold,212,573,-2.40461,8.84695,5.03678
2,2000,hold,213,574,-2.40461,8.84695,5.03678
2,2000,hold,214,575,-2.40461,8.84695,5.03678
2,2000,hold,215,576,-2.40461,8.84695,5.03678
2,2000,hold,216,577,-2.40461,8.84695,5.03678
2,2000,hold,217,578,-2.40461,8.84695,5.03678
2,2000,hold,218,579,-2.40461,8.84695,5.03678
2,2000,hold,219,580,-2.40461,8.84695,5.03678
2,2000,hold,220,581,-2.40461,8.84695,5.03678
2,2000,hold,221,582,-2.40461,8.84695,5.03678
2,2000,hold,222,583,-2.40461,8.84695,5.03678
2,2000,hold,223,584,-2.40461,8.84695,5.03678
2,2000,hold,224,585,-2.40461,8.84695,5.03678
2,2000,hold,225,586,-2.40461,8.84695,5.03678
2,2000,hold,226,587,-2.40461,8.84695,5.03678
2,2000,hold,227,588,-2.40461,8.84695,5.03678
2,2000,hold,228,589,-2.40461,8.84695,5.03678
2,2000,hold,229,590,-2.40461,8.84695,5.03678
2,2000,hold,230,591,-2.40461,8.84695,5.03678
2,2000,hold,231,592,-2.40461,8.84695,5.03678
2,2000,hold,232,593,-2.40461,8.84695,5.03678
2,2000,hold,233,594,-2.40461,8.84695,5.03678
2,2000,hold,234,595,-2.40461,8.84695,5.03678
2,2000,hold,235,596,-2.40461,8.84695,5.03678
2,2000,hold,236,597,-2.40461,8.84695,5.03678
2,2000,hold,237,598,-2.40461,8.84695,5.03678
2,2000,hold,238,599,-2.40461,8.84695,5.03678
2,2000,hold,239,600,-2.40461,8.84695,5.03678
