run_index,run_name,poisson,stage,sim_time,imposed_displacement,actual_displacement,volume,volume_ratio,vertex_index,pull_set_size,anchor_set_size,actual_displacement_mean,actual_displacement_rms,actual_displacement_min,actual_displacement_max
0,incompressible,0.49,drag,0,0,1.16229e-06,0.777629,1,1328,183,324,-1.31912e-07,4.68126e-07,-1.81794e-06,1.72853e-06
0,incompressible,0.49,drag,0,0,1.2219e-06,0.777629,1,1328,183,324,-1.43312e-07,8.18741e-07,-3.09944e-06,2.11596e-06
0,incompressible,0.49,drag,0.01,0.00371815,9.52184e-05,0.777631,1,1328,183,324,7.8969e-05,8.11557e-05,3.11434e-05,9.96888e-05
0,incompressible,0.49,drag,0.02,0.0074363,0.000333339,0.777634,1.00001,1328,183,324,0.000277321,0.000286583,9.93311e-05,0.000357389
0,incompressible,0.49,drag,0.03,0.0111545,0.000735253,0.777638,1.00001,1328,183,324,0.000612381,0.000635349,0.000204891,0.000808418
0,incompressible,0.49,drag,0.04,0.0148726,0.00129747,0.777642,1.00002,1328,183,324,0.00108754,0.00113162,0.00034672,0.00146821
0,incompressible,0.49,drag,0.05,0.0185908,0.00200692,0.777647,1.00002,1328,183,324,0.00169643,0.00176884,0.000519603,0.00232229
0,incompressible,0.49,drag,0.06,0.0223089,0.00284368,0.777651,1.00003,1328,183,324,0.00242866,0.0025361,0.000719607,0.00336552
0,incompressible,0.49,drag,0.07,0.0260271,0.00378972,0.777656,1.00003,1328,183,324,0.00327155,0.00341988,0.000944287,0.00457293
0,incompressible,0.49,drag,0.08,0.0297452,0.00482619,0.77766,1.00004,1328,183,324,0.00421242,0.00440654,0.00119114,0.00592738
0,incompressible,0.49,drag,0.09,0.0334634,0.00593823,0.777664,1.00005,1328,183,324,0.00523928,0.00548326,0.00145742,0.00741231
0,incompressible,0.49,drag,0.1,0.0371815,0.00711438,0.777668,1.00005,1328,183,324,0.00634166,0.00663868,0.00174224,0.00900853
0,incompressible,0.49,drag,0.11,0.0408997,0.0083425,0.777672,1.00005,1328,183,324,0.00751009,0.00786269,0.00204509,0.010695
0,incompressible,0.49,drag,0.12,0.0446178,0.00961742,0.777675,1.00006,1328,183,324,0.00873729,0.00914746,0.00236547,0.0124668
0,incompressible,0.49,drag,0.13,0.048336,0.010934,0.777678,1.00006,1328,183,324,0.0100167,0.010486,0.00270098,0.0143134
0,incompressible,0.49,drag,0.14,0.0520541,0.0122859,0.77768,1.00007,1328,183,324,0.0113428,0.0118724,0.0030511,0.0162301
0,incompressible,0.49,drag,0.15,0.0557723,0.0136726,0.777682,1.00007,1328,183,324,0.0127112,0.013302,0.00341684,0.0182029
0,incompressible,0.49,drag,0.16,0.0594904,0.0150898,0.777683,1.00007,1328,183,324,0.014118,0.0147706,0.00379667,0.0202253
0,incompressible,0.49,drag,0.17,0.0632086,0.0165358,0.777684,1.00007,1328,183,324,0.0155602,0.0162751,0.00419059,0.0222921
0,incompressible,0.49,drag,0.18,0.0669267,0.0180086,0.777685,1.00007,1328,183,324,0.0170346,0.0178122,0.00459826,0.0243974
0,incompressible,0.49,drag,0.19,0.0706449,0.0195056,0.777684,1.00007,1328,183,324,0.0185388,0.0193791,0.00501835,0.0265381
0,incompressible,0.49,drag,0.2,0.074363,0.0210265,0.777683,1.00007,1328,183,324,0.0200705,0.0209734,0.00545138,0.0287112
0,incompressible,0.49,drag,0.21,0.0780812,0.0225688,0.777682,1.00007,1328,183,324,0.0216275,0.022593,0.00589597,0.0309127
0,incompressible,0.49,drag,0.22,0.0817993,0.0241305,0.77768,1.00007,1328,183,324,0.0232081,0.0242362,0.00635183,0.0331407
0,incompressible,0.49,drag,0.23,0.0855175,0.0257114,0.777677,1.00006,1328,183,324,0.0248109,0.0259012,0.0068194,0.0353926
0,incompressible,0.49,drag,0.24,0.0892356,0.0273109,0.777674,1.00006,1328,183,324,0.0264339,0.027586,0.00729868,0.037665
0,incompressible,0.49,drag,0.25,0.0929538,0.028928,0.77767,1.00005,1328,183,324,0.028076,0.0292896,0.00778803,0.0399584
0,incompressible,0.49,drag,0.26,0.0966719,0.0305602,0.777665,1.00005,1328,183,324,0.0297362,0.031011,0.00828841,0.0422714
0,incompressible,0.49,drag,0.27,0.10039,0.0322077,0.77766,1.00004,1328,183,324,0.0314133,0.0327487,0.00879982,0.0446009
0,incompressible,0.49,drag,0.28,0.104108,0.0338696,0.777654,1.00003,1328,183,324,0.0331061,0.0345018,0.00932127,0.0469439
0,incompressible,0.49,drag,0.29,0.107826,0.0355457,0.777647,1.00002,1328,183,324,0.034814,0.0362694,0.00985226,0.0493025
0,incompressible,0.49,drag,0.3,0.111545,0.0372352,0.77764,1.00001,1328,183,324,0.0365359,0.0380504,0.0103919,0.0516725
0,incompressible,0.49,drag,0.31,0.115263,0.0389365,0.777632,1,1328,183,324,0.0382712,0.0398443,0.0109404,0.0540548
0,incompressible,0.49,drag,0.32,0.118981,0.0406496,0.777623,0.999992,1328,183,324,0.0400186,0.04165,0.0114987,0.0564484
0,incompressible,0.49,drag,0.33,0.122699,0.042374,0.777613,0.999979,1328,183,324,0.0417782,0.0434671,0.0120662,0.0588522
0,incompressible,0.49,drag,0.34,0.126417,0.0441086,0.777603,0.999966,1328,183,324,0.0435492,0.0452952,0.0126414,0.0612654
0,incompressible,0.49,drag,0.35,0.130135,0.0458544,0.777592,0.999952,1328,183,324,0.0453307,0.0471333,0.0132243,0.0636876
0,incompressible,0.49,drag,0.36,0.133853,0.0476091,0.77758,0.999937,1328,183,324,0.0471224,0.0489811,0.0138159,0.0661177
0,incompressible,0.49,drag,0.37,0.137572,0.0493735,0.777567,0.99992,1328,183,324,0.048924,0.0508381,0.0144153,0.0685558
0,incompressible,0.49,drag,0.38,0.14129,0.0511468,0.777554,0.999903,1328,183,324,0.0507349,0.0527039,0.0150236,0.0710014
0,incompressible,0.49,drag,0.39,0.145008,0.052929,0.77754,0.999885,1328,183,324,0.0525545,0.054578,0.0156403,0.0734532
0,incompressible,0.49,drag,0.4,0.148726,0.0547195,0.777525,0.999866,1328,183,324,0.0543828,0.0564601,0.0162643,0.0759122
0,incompressible,0.49,drag,0.41,0.152444,0.0565185,0.777509,0.999846,1328,183,324,0.0562192,0.0583499,0.0168965,0.0783768
0,incompressible,0.49,drag,0.42,0.156162,0.0583239,0.777493,0.999824,1328,183,324,0.0580634,0.0602469,0.0175348,0.080846
0,incompressible,0.49,drag,0.43,0.15988,0.0601368,0.777476,0.999802,1328,183,324,0.0599151,0.062151,0.0181805,0.0833214
0,incompressible,0.49,drag,0.44,0.163599,0.0619573,0.777458,0.999779,1328,183,324,0.0617738,0.0640616,0.0188331,0.085802
0,incompressible,0.49,drag,0.45,0.167317,0.0637848,0.777439,0.999755,1328,183,324,0.0636396,0.0659787,0.0194937,0.0882877
0,incompressible,0.49,drag,0.46,0.171035,0.0656189,0.777419,0.99973,1328,183,324,0.0655121,0.0679021,0.0201606,0.0907771
0,incompressible,0.49,drag,0.47,0.174753,0.0674596,0.777399,0.999703,1328,183,324,0.0673912,0.0698316,0.0208343,0.0932707
0,incompressible,0.49,drag,0.48,0.178471,0.069306,0.777378,0.999676,1328,183,324,0.0692765,0.0717669,0.021515,0.0957696
0,incompressible,0.49,drag,0.49,0.182189,0.0711588,0.777356,0.999648,1328,183,324,0.0711677,0.0737076,0.0222028,0.0982719
0,incompressible,0.49,drag,0.5,0.185908,0.0730174,0.777333,0.999619,1328,183,324,0.0730647,0.0756537,0.0228967,0.100778
0,incompressible,0.49,drag,0.51,0.189626,0.0748815,0.777309,0.999588,1328,183,324,0.0749672,0.077605,0.0235971,0.103287
0,incompressible,0.49,drag,0.52,0.193344,0.0767523,0.777285,0.999557,1328,183,324,0.0768753,0.0795612,0.0243034,0.1058
0,incompressible,0.49,drag,0.53,0.197062,0.0786271,0.777259,0.999524,1328,183,324,0.0787887,0.0815225,0.0250171,0.108315
0,incompressible,0.49,drag,0.54,0.20078,0.0805077,0.777233,0.999491,1328,183,324,0.0807071,0.0834883,0.0257367,0.110835
0,incompressible,0.49,drag,0.55,0.204498,0.0823933,0.777207,0.999456,1328,183,324,0.0826305,0.0854587,0.0264613,0.113359
0,incompressible,0.49,drag,0.56,0.208216,0.0842833,0.777179,0.999421,1328,183,324,0.0845587,0.0874335,0.0271929,0.115885
0,incompressible,0.49,drag,0.57,0.211935,0.0861785,0.777151,0.999384,1328,183,324,0.0864915,0.0894126,0.0279305,0.118414
0,incompressible,0.49,drag,0.58,0.215653,0.0880783,0.777121,0.999347,1328,183,324,0.0884289,0.0913958,0.0286736,0.120944
0,incompressible,0.49,drag,0.59,0.219371,0.0899829,0.777091,0.999308,1328,183,324,0.0903704,0.0933827,0.0294233,0.123476
0,incompressible,0.49,drag,0.6,0.223089,0.0918925,0.77706,0.999268,1328,183,324,0.0923164,0.0953739,0.0301787,0.126012
0,incompressible,0.49,drag,0.61,0.226807,0.0938061,0.777029,0.999228,1328,183,324,0.0942667,0.0973689,0.03094,0.128551
0,incompressible,0.49,drag,0.62,0.230525,0.0957235,0.776996,0.999186,1328,183,324,0.0962211,0.0993676,0.0317072,0.131092
0,incompressible,0.49,drag,0.63,0.234243,0.0976457,0.776963,0.999143,1328,183,324,0.0981794,0.10137,0.0324796,0.133634
0,incompressible,0.49,drag,0.64,0.237962,0.0995712,0.776929,0.999099,1328,183,324,0.100141,0.103376,0.0332574,0.136178
0,incompressible,0.49,drag,0.65,0.24168,0.101499,0.776894,0.999054,1328,183,324,0.102107,0.105385,0.0340403,0.138725
0,incompressible,0.49,drag,0.66,0.245398,0.103433,0.776858,0.999008,1328,183,324,0.104077,0.107397,0.0348283,0.141273
0,incompressible,0.49,drag,0.67,0.249116,0.10537,0.776822,0.998962,1328,183,324,0.10605,0.109413,0.0356221,0.143823
0,incompressible,0.49,drag,0.68,0.252834,0.107312,0.776784,0.998914,1328,183,324,0.108026,0.111432,0.0364207,0.146375
0,incompressible,0.49,drag,0.69,0.256552,0.109257,0.776746,0.998865,1328,183,324,0.110006,0.113454,0.037225,0.148929
0,incompressible,0.49,drag,0.7,0.260271,0.111205,0.776708,0.998815,1328,183,324,0.11199,0.115479,0.038035,0.151485
0,incompressible,0.49,drag,0.71,0.263989,0.113156,0.776668,0.998764,1328,183,324,0.113977,0.117508,0.0388507,0.154044
0,incompressible,0.49,drag,0.72,0.267707,0.115111,0.776627,0.998711,1328,183,324,0.115967,0.119539,0.0396709,0.156604
0,incompressible,0.49,drag,0.73,0.271425,0.11707,0.776586,0.998658,1328,183,324,0.117961,0.121574,0.0404961,0.159166
0,incompressible,0.49,drag,0.74,0.275143,0.11903,0.776544,0.998604,1328,183,324,0.119957,0.123611,0.0413251,0.16173
0,incompressible,0.49,drag,0.75,0.278861,0.120996,0.776501,0.998549,1328,183,324,0.121957,0.125651,0.0421594,0.164297
0,incompressible,0.49,drag,0.76,0.282579,0.122964,0.776457,0.998493,1328,183,324,0.12396,0.127694,0.0429993,0.166866
0,incompressible,0.49,drag,0.77,0.286298,0.124935,0.776413,0.998436,1328,183,324,0.125965,0.12974,0.0438438,0.169435
0,incompressible,0.49,drag,0.78,0.290016,0.126909,0.776368,0.998377,1328,183,324,0.127974,0.131788,0.0446939,0.172005
0,incompressible,0.49,drag,0.79,0.293734,0.128886,0.776322,0.998318,1328,183,324,0.129985,0.133838,0.045548,0.174577
0,incompressible,0.49,drag,0.8,0.297452,0.130867,0.776275,0.998258,1328,183,324,0.131999,0.135891,0.0464065,0.177149
0,incompressible,0.49,drag,0.81,0.30117,0.132849,0.776227,0.998197,1328,183,324,0.134016,0.137946,0.04727,0.179722
0,incompressible,0.49,drag,0.82,0.304888,0.134837,0.776179,0.998134,1328,183,324,0.136035,0.140004,0.048138,0.182298
0,incompressible,0.49,drag,0.83,0.308606,0.136825,0.776129,0.998071,1328,183,324,0.138057,0.142065,0.0490097,0.184876
0,incompressible,0.49,drag,0.84,0.312325,0.138818,0.776079,0.998007,1328,183,324,0.140082,0.144128,0.0498871,0.187454
0,incompressible,0.49,drag,0.85,0.316043,0.140812,0.776029,0.997941,1328,183,324,0.142109,0.146193,0.050768,0.190034
0,incompressible,0.49,drag,0.86,0.319761,0.14281,0.775977,0.997875,1328,183,324,0.144139,0.148261,0.0516539,0.192615
0,incompressible,0.49,drag,0.87,0.323479,0.14481,0.775925,0.997808,1328,183,324,0.146172,0.15033,0.0525445,0.195197
0,incompressible,0.49,drag,0.88,0.327197,0.146813,0.775872,0.99774,1328,183,324,0.148207,0.152403,0.0534402,0.197781
0,incompressible,0.49,drag,0.89,0.330915,0.148819,0.775818,0.99767,1328,183,324,0.150244,0.154477,0.054339,0.200367
0,incompressible,0.49,drag,0.9,0.334634,0.150827,0.775763,0.9976,1328,183,324,0.152284,0.156553,0.0552422,0.202954
0,incompressible,0.49,drag,0.91,0.338352,0.152838,0.775708,0.997529,1328,183,324,0.154326,0.158632,0.0561489,0.205542
0,incompressible,0.49,drag,0.92,0.34207,0.154851,0.775651,0.997456,1328,183,324,0.15637,0.160712,0.0570607,0.208131
0,incompressible,0.49,drag,0.93,0.345788,0.156865,0.775594,0.997383,1328,183,324,0.158416,0.162795,0.0579773,0.210722
0,incompressible,0.49,drag,0.94,0.349506,0.158883,0.775537,0.997309,1328,183,324,0.160465,0.16488,0.0588984,0.213314
0,incompressible,0.49,drag,0.95,0.353224,0.160904,0.775478,0.997234,1328,183,324,0.162516,0.166966,0.0598237,0.215904
0,incompressible,0.49,drag,0.96,0.356942,0.162927,0.775419,0.997157,1328,183,324,0.164569,0.169055,0.0607529,0.218497
0,incompressible,0.49,drag,0.97,0.360661,0.164952,0.775359,0.99708,1328,183,324,0.166624,0.171146,0.0616859,0.221093
0,incompressible,0.49,drag,0.98,0.364379,0.16698,0.775298,0.997002,1328,183,324,0.168682,0.173239,0.0626219,0.22369
0,incompressible,0.49,drag,0.99,0.368097,0.169009,0.775236,0.996923,1328,183,324,0.170742,0.175334,0.063561,0.226289
0,incompressible,0.49,drag,1,0.371815,0.171041,0.775174,0.996843,1328,183,324,0.172804,0.17743,0.0645041,0.228887
0,incompressible,0.49,drag,1.01,0.375533,0.173076,0.775111,0.996762,1328,183,324,0.174867,0.179529,0.065451,0.231487
0,incompressible,0.49,drag,1.02,0.379251,0.175112,0.775047,0.99668,1328,183,324,0.176933,0.181629,0.0664023,0.234087
0,incompressible,0.49,drag,1.03,0.382969,0.17715,0.774983,0.996597,1328,183,324,0.179001,0.183731,0.0673576,0.23669
0,incompressible,0.49,drag,1.04,0.386688,0.17919,0.774918,0.996513,1328,183,324,0.181071,0.185835,0.0683162,0.239291
0,incompressible,0.49,drag,1.05,0.390406,0.181233,0.774852,0.996428,1328,183,324,0.183143,0.187941,0.0692803,0.241895
0,incompressible,0.49,drag,1.06,0.394124,0.183278,0.774785,0.996342,1328,183,324,0.185217,0.190048,0.0702466,0.2445
0,incompressible,0.49,drag,1.07,0.397842,0.185325,0.774717,0.996255,1328,183,324,0.187292,0.192158,0.0712173,0.247105
0,incompressible,0.49,drag,1.08,0.40156,0.187374,0.774649,0.996167,1328,183,324,0.18937,0.194269,0.0721928,0.249712
0,incompressible,0.49,drag,1.09,0.405278,0.189424,0.77458,0.996079,1328,183,324,0.191449,0.196381,0.0731716,0.252319
0,incompressible,0.49,drag,1.1,0.408997,0.191477,0.77451,0.995989,1328,183,324,0.19353,0.198495,0.0741524,0.254928
0,incompressible,0.49,drag,1.11,0.412715,0.193534,0.77444,0.995898,1328,183,324,0.195613,0.200611,0.0751376,0.257538
0,incompressible,0.49,drag,1.12,0.416433,0.195592,0.774369,0.995807,1328,183,324,0.197698,0.202729,0.0761264,0.260148
0,incompressible,0.49,drag,1.13,0.420151,0.197651,0.774297,0.995714,1328,183,324,0.199785,0.204848,0.0771183,0.262759
0,incompressible,0.49,drag,1.14,0.423869,0.19971,0.774224,0.995621,1328,183,324,0.201873,0.20697,0.0781136,0.265372
0,incompressible,0.49,drag,1.15,0.427587,0.201772,0.774151,0.995527,1328,183,324,0.203963,0.209092,0.0791126,0.267986
0,incompressible,0.49,drag,1.16,0.431305,0.203837,0.774077,0.995431,1328,183,324,0.206056,0.211217,0.0801153,0.270601
0,incompressible,0.49,drag,1.17,0.435024,0.205904,0.774002,0.995335,1328,183,324,0.208149,0.213343,0.0811211,0.273216
0,incompressible,0.49,drag,1.18,0.438742,0.207973,0.773926,0.995238,1328,183,324,0.210245,0.21547,0.0821302,0.275832
0,incompressible,0.49,drag,1.19,0.44246,0.210044,0.77385,0.99514,1328,183,324,0.212342,0.217599,0.0831428,0.278451
0,incompressible,0.49,drag,1.2,0.446178,0.212117,0.773773,0.995041,1328,183,324,0.214441,0.21973,0.0841591,0.28107
0,incompressible,0.49,drag,1.21,0.449896,0.214192,0.773696,0.994941,1328,183,324,0.216541,0.221862,0.0851783,0.283691
0,incompressible,0.49,drag,1.22,0.453614,0.216268,0.773617,0.994841,1328,183,324,0.218644,0.223995,0.0862016,0.286312
0,incompressible,0.49,drag,1.23,0.457332,0.218345,0.773538,0.994739,1328,183,324,0.220747,0.226131,0.0872277,0.288931
0,incompressible,0.49,drag,1.24,0.461051,0.220424,0.773458,0.994636,1328,183,324,0.222852,0.228267,0.0882583,0.291552
0,incompressible,0.49,drag,1.25,0.464769,0.222506,0.773378,0.994533,1328,183,324,0.224959,0.230405,0.0892912,0.294175
0,incompressible,0.49,drag,1.26,0.468487,0.22459,0.773297,0.994429,1328,183,324,0.227068,0.232545,0.0903269,0.296799
0,incompressible,0.49,drag,1.27,0.472205,0.226675,0.773215,0.994323,1328,183,324,0.229178,0.234686,0.0913658,0.299425
0,incompressible,0.49,drag,1.28,0.475923,0.228761,0.773133,0.994217,1328,183,324,0.23129,0.236828,0.0924086,0.302051
0,incompressible,0.49,drag,1.29,0.479641,0.23085,0.773049,0.99411,1328,183,324,0.233404,0.238972,0.0934545,0.304677
0,incompressible,0.49,drag,1.3,0.48336,0.232941,0.772965,0.994002,1328,183,324,0.235518,0.241117,0.0945024,0.307303
0,incompressible,0.49,drag,1.31,0.487078,0.235033,0.772881,0.993894,1328,183,324,0.237635,0.243264,0.095553,0.309931
0,incompressible,0.49,drag,1.32,0.490796,0.237125,0.772796,0.993784,1328,183,324,0.239753,0.245412,0.0966068,0.31256
0,incompressible,0.49,drag,1.33,0.494514,0.23922,0.77271,0.993674,1328,183,324,0.241872,0.247561,0.0976644,0.315189
0,incompressible,0.49,drag,1.34,0.498232,0.241317,0.772623,0.993562,1328,183,324,0.243993,0.249712,0.0987251,0.317819
0,incompressible,0.49,drag,1.35,0.50195,0.243415,0.772536,0.99345,1328,183,324,0.246115,0.251864,0.0997885,0.32045
0,incompressible,0.49,drag,1.36,0.505668,0.245514,0.772448,0.993337,1328,183,324,0.248239,0.254018,0.100856,0.323082
0,incompressible,0.49,drag,1.37,0.509387,0.247616,0.772359,0.993223,1328,183,324,0.250364,0.256173,0.101925,0.325716
0,incompressible,0.49,drag,1.38,0.513105,0.24972,0.77227,0.993108,1328,183,324,0.252491,0.258329,0.102997,0.328349
0,incompressible,0.49,drag,1.39,0.516823,0.251825,0.77218,0.992992,1328,183,324,0.254619,0.260487,0.104073,0.330985
0,incompressible,0.49,drag,1.4,0.520541,0.253931,0.772089,0.992875,1328,183,324,0.256749,0.262646,0.105151,0.333621
0,incompressible,0.49,drag,1.41,0.524259,0.256038,0.771998,0.992758,1328,183,324,0.25888,0.264806,0.106232,0.336258
0,incompressible,0.49,drag,1.42,0.527977,0.258149,0.771906,0.99264,1328,183,324,0.261013,0.266968,0.107316,0.338894
0,incompressible,0.49,drag,1.43,0.531696,0.260259,0.771813,0.992521,1328,183,324,0.263146,0.26913,0.108403,0.341531
0,incompressible,0.49,drag,1.44,0.535414,0.262371,0.77172,0.992401,1328,183,324,0.265281,0.271294,0.109495,0.344168
0,incompressible,0.49,drag,1.45,0.539132,0.264486,0.771626,0.99228,1328,183,324,0.267418,0.273459,0.110588,0.346806
0,incompressible,0.49,drag,1.46,0.54285,0.266601,0.771531,0.992158,1328,183,324,0.269555,0.275626,0.111684,0.349447
0,incompressible,0.49,drag,1.47,0.546568,0.268719,0.771436,0.992036,1328,183,324,0.271695,0.277794,0.112782,0.35209
0,incompressible,0.49,drag,1.48,0.550286,0.270836,0.77134,0.991912,1328,183,324,0.273836,0.279963,0.113883,0.354732
0,incompressible,0.49,drag,1.49,0.554004,0.272955,0.771244,0.991788,1328,183,324,0.275977,0.282133,0.114987,0.357374
0,incompressible,0.49,drag,1.5,0.557723,0.275076,0.771146,0.991663,1328,183,324,0.278121,0.284305,0.116093,0.360019
0,incompressible,0.49,drag,1.51,0.561441,0.277199,0.771049,0.991538,1328,183,324,0.280265,0.286478,0.117203,0.362663
0,incompressible,0.49,drag,1.52,0.565159,0.279324,0.77095,0.991411,1328,183,324,0.282411,0.288652,0.118315,0.365309
0,incompressible,0.49,drag,1.53,0.568877,0.28145,0.770851,0.991284,1328,183,324,0.284558,0.290827,0.119429,0.367953
0,incompressible,0.49,drag,1.54,0.572595,0.283578,0.770751,0.991155,1328,183,324,0.286707,0.293003,0.120546,0.370599
0,incompressible,0.49,drag,1.55,0.576313,0.285707,0.770651,0.991026,1328,183,324,0.288856,0.29518,0.121666,0.373245
0,incompressible,0.49,drag,1.56,0.580031,0.287838,0.77055,0.990896,1328,183,324,0.291007,0.297359,0.122788,0.375893
0,incompressible,0.49,drag,1.57,0.58375,0.28997,0.770448,0.990766,1328,183,324,0.293159,0.299538,0.123913,0.378542
0,incompressible,0.49,drag,1.58,0.587468,0.292102,0.770346,0.990634,1328,183,324,0.295313,0.30172,0.125041,0.38119
0,incompressible,0.49,drag,1.59,0.591186,0.294237,0.770243,0.990502,1328,183,324,0.297468,0.303902,0.126172,0.383839
0,incompressible,0.49,drag,1.6,0.594904,0.296372,0.77014,0.990369,1328,183,324,0.299624,0.306085,0.127306,0.386489
0,incompressible,0.49,drag,1.61,0.598622,0.298508,0.770036,0.990235,1328,183,324,0.301781,0.30827,0.128441,0.389139
0,incompressible,0.49,drag,1.62,0.60234,0.300647,0.769931,0.9901,1328,183,324,0.303939,0.310455,0.129579,0.391792
0,incompressible,0.49,drag,1.63,0.606059,0.302786,0.769826,0.989965,1328,183,324,0.306099,0.312642,0.130719,0.394446
0,incompressible,0.49,drag,1.64,0.609777,0.304927,0.76972,0.989829,1328,183,324,0.30826,0.31483,0.131862,0.3971
0,incompressible,0.49,drag,1.65,0.613495,0.307069,0.769613,0.989692,1328,183,324,0.310421,0.317019,0.133008,0.399754
0,incompressible,0.49,drag,1.66,0.617213,0.309211,0.769506,0.989554,1328,183,324,0.312584,0.319208,0.134156,0.402408
0,incompressible,0.49,drag,1.67,0.620931,0.311356,0.769398,0.989415,1328,183,324,0.314749,0.3214,0.135307,0.405063
0,incompressible,0.49,drag,1.68,0.624649,0.313503,0.76929,0.989276,1328,183,324,0.316915,0.323592,0.13646,0.40772
0,incompressible,0.49,drag,1.69,0.628367,0.315652,0.769181,0.989136,1328,183,324,0.319082,0.325786,0.137615,0.410378
0,incompressible,0.49,drag,1.7,0.632086,0.317801,0.769072,0.988995,1328,183,324,0.32125,0.32798,0.138772,0.413036
0,incompressible,0.49,drag,1.71,0.635804,0.31995,0.768961,0.988853,1328,183,324,0.323419,0.330176,0.139932,0.415694
0,incompressible,0.49,drag,1.72,0.639522,0.322101,0.768851,0.988711,1328,183,324,0.325589,0.332373,0.141095,0.418354
0,incompressible,0.49,drag,1.73,0.64324,0.324254,0.768739,0.988568,1328,183,324,0.327761,0.33457,0.142258,0.421013
0,incompressible,0.49,drag,1.74,0.646958,0.326407,0.768627,0.988424,1328,183,324,0.329933,0.336769,0.143425,0.423672
0,incompressible,0.49,drag,1.75,0.650676,0.328563,0.768515,0.988279,1328,183,324,0.332107,0.338968,0.144594,0.426331
0,incompressible,0.49,drag,1.76,0.654395,0.33072,0.768402,0.988134,1328,183,324,0.334281,0.341169,0.145768,0.428994
0,incompressible,0.49,drag,1.77,0.658113,0.332878,0.768288,0.987988,1328,183,324,0.336457,0.343371,0.146942,0.431657
0,incompressible,0.49,drag,1.78,0.661831,0.335038,0.768174,0.987841,1328,183,324,0.338634,0.345574,0.148119,0.43432
0,incompressible,0.49,drag,1.79,0.665549,0.337198,0.768059,0.987693,1328,183,324,0.340812,0.347778,0.149298,0.436982
0,incompressible,0.49,drag,1.8,0.669267,0.339359,0.767944,0.987545,1328,183,324,0.342992,0.349983,0.150479,0.439645
0,incompressible,0.49,drag,1.81,0.672985,0.341522,0.767828,0.987396,1328,183,324,0.345172,0.352189,0.151662,0.442311
0,incompressible,0.49,drag,1.82,0.676703,0.343685,0.767711,0.987246,1328,183,324,0.347354,0.354396,0.152848,0.444978
0,incompressible,0.49,drag,1.83,0.680422,0.34585,0.767594,0.987095,1328,183,324,0.349536,0.356604,0.154036,0.447645
0,incompressible,0.49,drag,1.84,0.68414,0.348016,0.767477,0.986944,1328,183,324,0.35172,0.358814,0.155226,0.450311
0,incompressible,0.49,drag,1.85,0.687858,0.350184,0.767358,0.986792,1328,183,324,0.353905,0.361024,0.15642,0.452979
0,incompressible,0.49,drag,1.86,0.691576,0.352351,0.76724,0.986639,1328,183,324,0.356091,0.363235,0.157616,0.455646
0,incompressible,0.49,drag,1.87,0.695294,0.354521,0.76712,0.986486,1328,183,324,0.358278,0.365447,0.158814,0.458315
0,incompressible,0.49,drag,1.88,0.699012,0.356694,0.767,0.986331,1328,183,324,0.360465,0.36766,0.160013,0.460982
0,incompressible,0.49,drag,1.89,0.70273,0.358867,0.76688,0.986176,1328,183,324,0.362655,0.369874,0.161214,0.463653
0,incompressible,0.49,drag,1.9,0.706449,0.361041,0.766759,0.986021,1328,183,324,0.364844,0.372089,0.162417,0.466324
0,incompressible,0.49,drag,1.91,0.710167,0.363216,0.766637,0.985865,1328,183,324,0.367035,0.374305,0.163622,0.468995
0,incompressible,0.49,drag,1.92,0.713885,0.365392,0.766515,0.985707,1328,183,324,0.369228,0.376522,0.16483,0.471667
0,incompressible,0.49,drag,1.93,0.717603,0.367569,0.766392,0.98555,1328,183,324,0.371421,0.37874,0.166039,0.474339
0,incompressible,0.49,drag,1.94,0.721321,0.369746,0.766269,0.985391,1328,183,324,0.373615,0.380959,0.167252,0.477014
0,incompressible,0.49,drag,1.95,0.725039,0.371927,0.766145,0.985232,1328,183,324,0.37581,0.383179,0.168467,0.479688
0,incompressible,0.49,drag,1.96,0.728758,0.374106,0.766021,0.985072,1328,183,324,0.378006,0.3854,0.169683,0.482363
0,incompressible,0.49,drag,1.97,0.732476,0.376287,0.765897,0.984912,1328,183,324,0.380203,0.387622,0.170901,0.485038
0,incompressible,0.49,drag,1.98,0.736194,0.378469,0.765771,0.984751,1328,183,324,0.382402,0.389844,0.17212,0.487712
0,incompressible,0.49,drag,1.99,0.739912,0.380651,0.765645,0.984589,1328,183,324,0.3846,0.392068,0.173342,0.490386
0,incompressible,0.49,drag,2,0.74363,0.382835,0.765519,0.984426,1328,183,324,0.3868,0.394292,0.174566,0.493064
0,incompressible,0.49,drag,2.01,0.747348,0.385021,0.765392,0.984263,1328,183,324,0.389002,0.396518,0.175793,0.495743
0,incompressible,0.49,drag,2.02,0.751066,0.38721,0.765264,0.984099,1328,183,324,0.391204,0.398744,0.177021,0.498422
0,incompressible,0.49,drag,2.03,0.754785,0.389398,0.765136,0.983935,1328,183,324,0.393407,0.400972,0.178251,0.501099
0,incompressible,0.49,drag,2.04,0.758503,0.391587,0.765008,0.983769,1328,183,324,0.395611,0.4032,0.179485,0.503777
0,incompressible,0.49,drag,2.05,0.762221,0.393778,0.764879,0.983603,1328,183,324,0.397816,0.405429,0.180721,0.506458
0,incompressible,0.49,drag,2.06,0.765939,0.395969,0.764749,0.983437,1328,183,324,0.400022,0.407659,0.181958,0.50914
0,incompressible,0.49,drag,2.07,0.769657,0.39816,0.764619,0.983269,1328,183,324,0.402229,0.40989,0.183197,0.51182
0,incompressible,0.49,drag,2.08,0.773375,0.400353,0.764489,0.983101,1328,183,324,0.404437,0.412122,0.184438,0.5145
0,incompressible,0.49,drag,2.09,0.777093,0.402548,0.764357,0.982933,1328,183,324,0.406646,0.414355,0.18568,0.517183
0,incompressible,0.49,drag,2.1,0.780812,0.404743,0.764226,0.982764,1328,183,324,0.408856,0.416589,0.186925,0.519864
0,incompressible,0.49,drag,2.11,0.78453,0.406941,0.764094,0.982594,1328,183,324,0.411067,0.418824,0.188172,0.522547
0,incompressible,0.49,drag,2.12,0.788248,0.409138,0.763961,0.982423,1328,183,324,0.413279,0.421059,0.18942,0.52523
0,incompressible,0.49,drag,2.13,0.791966,0.411336,0.763828,0.982252,1328,183,324,0.415491,0.423295,0.19067,0.527914
0,incompressible,0.49,drag,2.14,0.795684,0.413537,0.763694,0.98208,1328,183,324,0.417705,0.425532,0.191922,0.530598
0,incompressible,0.49,drag,2.15,0.799402,0.415737,0.76356,0.981907,1328,183,324,0.419919,0.42777,0.193177,0.533282
0,incompressible,0.49,drag,2.16,0.80312,0.417938,0.763425,0.981734,1328,183,324,0.422135,0.430009,0.194433,0.535967
0,incompressible,0.49,drag,2.17,0.806839,0.420143,0.76329,0.981561,1328,183,324,0.424351,0.432249,0.19569,0.538654
0,incompressible,0.49,drag,2.18,0.810557,0.422347,0.763155,0.981386,1328,183,324,0.426568,0.434489,0.196949,0.54134
0,incompressible,0.49,drag,2.19,0.814275,0.424552,0.763019,0.981211,1328,183,324,0.428787,0.436731,0.19821,0.544028
0,incompressible,0.49,drag,2.2,0.817993,0.426758,0.762882,0.981035,1328,183,324,0.431006,0.438973,0.199474,0.546718
0,incompressible,0.49,drag,2.21,0.821711,0.428964,0.762745,0.980859,1328,183,324,0.433226,0.441216,0.20074,0.549408
0,incompressible,0.49,drag,2.22,0.825429,0.431172,0.762607,0.980682,1328,183,324,0.435447,0.44346,0.202007,0.552096
0,incompressible,0.49,drag,2.23,0.829148,0.433381,0.762469,0.980505,1328,183,324,0.437669,0.445706,0.203276,0.554785
0,incompressible,0.49,drag,2.24,0.832866,0.435593,0.762331,0.980327,1328,183,324,0.439891,0.447951,0.204547,0.557476
0,incompressible,0.49,drag,2.25,0.836584,0.437803,0.762192,0.980148,1328,183,324,0.442115,0.450198,0.20582,0.560166
0,incompressible,0.49,drag,2.26,0.840302,0.440014,0.762052,0.979968,1328,183,324,0.44434,0.452445,0.207094,0.562857
0,incompressible,0.49,drag,2.27,0.84402,0.442227,0.761912,0.979788,1328,183,324,0.446565,0.454694,0.208371,0.565548
0,incompressible,0.49,drag,2.28,0.847738,0.444442,0.761772,0.979608,1328,183,324,0.448791,0.456942,0.209649,0.56824
0,incompressible,0.49,drag,2.29,0.851456,0.446656,0.761631,0.979427,1328,183,324,0.451018,0.459192,0.210929,0.570933
0,incompressible,0.49,drag,2.3,0.855175,0.44887,0.761489,0.979245,1328,183,324,0.453246,0.461443,0.21221,0.573628
0,incompressible,0.49,drag,2.31,0.858893,0.451085,0.761348,0.979062,1328,183,324,0.455475,0.463694,0.213494,0.576322
0,incompressible,0.49,drag,2.32,0.862611,0.453304,0.761205,0.978879,1328,183,324,0.457705,0.465947,0.214779,0.57902
0,incompressible,0.49,drag,2.33,0.866329,0.455524,0.761063,0.978696,1328,183,324,0.459936,0.468201,0.216066,0.581718
0,incompressible,0.49,drag,2.34,0.870047,0.457744,0.760919,0.978512,1328,183,324,0.462167,0.470455,0.217354,0.584414
0,incompressible,0.49,drag,2.35,0.873765,0.459963,0.760776,0.978327,1328,183,324,0.4644,0.47271,0.218643,0.58711
0,incompressible,0.49,drag,2.36,0.877483,0.462185,0.760631,0.978141,1328,183,324,0.466633,0.474965,0.219935,0.589805
0,incompressible,0.49,drag,2.37,0.881202,0.464407,0.760487,0.977955,1328,183,324,0.468866,0.477221,0.221229,0.5925
0,incompressible,0.49,drag,2.38,0.88492,0.466631,0.760342,0.977769,1328,183,324,0.471101,0.479478,0.222524,0.595198
0,incompressible,0.49,hold,2.39,0.888638,0.468856,0.760196,0.977582,1328,183,324,0.473336,0.481736,0.223821,0.597896
0,incompressible,0.49,hold,2.4,0.888638,0.470985,0.760055,0.977401,1328,183,324,0.475494,0.483914,0.225088,0.600497
0,incompressible,0.49,hold,2.41,0.888638,0.472972,0.759924,0.977231,1328,183,324,0.477533,0.48597,0.226318,0.602939
0,incompressible,0.49,hold,2.42,0.888638,0.474796,0.759803,0.977076,1328,183,324,0.479437,0.487886,0.227513,0.605191
0,incompressible,0.49,hold,2.43,0.888638,0.476461,0.759694,0.976936,1328,183,324,0.481203,0.489659,0.228676,0.607239
0,incompressible,0.49,hold,2.44,0.888638,0.477984,0.759595,0.976808,1328,183,324,0.482838,0.491294,0.22981,0.60909
0,incompressible,0.49,hold,2.45,0.888638,0.479384,0.759505,0.976693,1328,183,324,0.484353,0.492805,0.230919,0.610759
0,incompressible,0.49,hold,2.46,0.888638,0.48068,0.759423,0.976587,1328,183,324,0.485761,0.494204,0.232005,0.612264
0,incompressible,0.49,hold,2.47,0.888638,0.481893,0.759348,0.976491,1328,183,324,0.487078,0.495508,0.23307,0.613629
0,incompressible,0.49,hold,2.48,0.888638,0.483038,0.759278,0.976401,1328,183,324,0.488313,0.496727,0.234118,0.614872
0,incompressible,0.49,hold,2.49,0.888638,0.484129,0.759213,0.976318,1328,183,324,0.489479,0.497874,0.23515,0.616011
0,incompressible,0.49,hold,2.5,0.888638,0.485175,0.759152,0.976239,1328,183,324,0.490584,0.498958,0.236168,0.61706
0,incompressible,0.49,hold,2.51,0.888638,0.486182,0.759095,0.976166,1328,183,324,0.491636,0.499988,0.237173,0.618038
0,incompressible,0.49,hold,2.52,0.888638,0.487154,0.759041,0.976096,1328,183,324,0.492641,0.500969,0.238164,0.618954
0,incompressible,0.49,hold,2.53,0.888638,0.488097,0.758989,0.97603,1328,183,324,0.493605,0.501908,0.239144,0.619812
0,incompressible,0.49,hold,2.54,0.888638,0.489011,0.75894,0.975967,1328,183,324,0.494531,0.502809,0.240113,0.620623
0,incompressible,0.49,hold,2.55,0.888638,0.489899,0.758893,0.975906,1328,183,324,0.495423,0.503674,0.241071,0.62139
0,incompressible,0.49,hold,2.56,0.888638,0.490766,0.758849,0.975849,1328,183,324,0.496285,0.504509,0.242018,0.622118
0,incompressible,0.49,hold,2.57,0.888638,0.491608,0.758806,0.975794,1328,183,324,0.497117,0.505315,0.242954,0.622813
0,incompressible,0.49,hold,2.58,0.888638,0.492428,0.758765,0.975741,1328,183,324,0.497923,0.506094,0.243881,0.623477
0,incompressible,0.49,hold,2.59,0.888638,0.493229,0.758726,0.975691,1328,183,324,0.498706,0.506848,0.244799,0.624114
0,incompressible,0.49,hold,2.6,0.888638,0.494012,0.758689,0.975643,1328,183,324,0.499465,0.507581,0.245707,0.624727
0,incompressible,0.49,hold,2.61,0.888638,0.494777,0.758653,0.975597,1328,183,324,0.500204,0.508292,0.246608,0.625318
0,incompressible,0.49,hold,2.62,0.888638,0.495526,0.758618,0.975552,1328,183,324,0.500924,0.508984,0.247499,0.625886
0,incompressible,0.49,hold,2.63,0.888638,0.496259,0.758585,0.97551,1328,183,324,0.501624,0.509657,0.248382,0.626434
0,incompressible,0.49,hold,2.64,0.888638,0.496977,0.758553,0.975469,1328,183,324,0.502308,0.510313,0.249257,0.626962
0,incompressible,0.49,hold,2.65,0.888638,0.49768,0.758523,0.97543,1328,183,324,0.502975,0.510953,0.250122,0.627476
0,incompressible,0.49,hold,2.66,0.888638,0.498368,0.758493,0.975392,1328,183,324,0.503628,0.511578,0.25098,0.627973
0,incompressible,0.49,hold,2.67,0.888638,0.499046,0.758465,0.975356,1328,183,324,0.504266,0.512189,0.25183,0.628456
0,incompressible,0.49,hold,2.68,0.888638,0.49971,0.758438,0.975321,1328,183,324,0.50489,0.512787,0.252671,0.628925
0,incompressible,0.49,hold,2.69,0.888638,0.50036,0.758412,0.975287,1328,183,324,0.505502,0.513372,0.253505,0.629384
0,incompressible,0.49,hold,2.7,0.888638,0.501002,0.758387,0.975255,1328,183,324,0.506101,0.513944,0.254332,0.629829
0,incompressible,0.49,hold,2.71,0.888638,0.501632,0.758363,0.975224,1328,183,324,0.506689,0.514506,0.255152,0.630265
0,incompressible,0.49,hold,2.72,0.888638,0.502253,0.758339,0.975194,1328,183,324,0.507265,0.515056,0.255965,0.630691
0,incompressible,0.49,hold,2.73,0.888638,0.502863,0.758317,0.975165,1328,183,324,0.507831,0.515596,0.256771,0.631106
0,incompressible,0.49,hold,2.74,0.888638,0.503462,0.758295,0.975137,1328,183,324,0.508387,0.516126,0.25757,0.63151
0,incompressible,0.49,hold,2.75,0.888638,0.504053,0.758274,0.97511,1328,183,324,0.508933,0.516647,0.258363,0.631906
0,incompressible,0.49,hold,2.76,0.888638,0.504635,0.758254,0.975084,1328,183,324,0.509471,0.517159,0.259148,0.632292
0,incompressible,0.49,hold,2.77,0.888638,0.505208,0.758234,0.975059,1328,183,324,0.509999,0.517662,0.259927,0.632671
0,incompressible,0.49,hold,2.78,0.888638,0.505774,0.758216,0.975035,1328,183,324,0.510518,0.518157,0.260699,0.633044
0,incompressible,0.49,hold,2.79,0.888638,0.506331,0.758198,0.975012,1328,183,324,0.51103,0.518644,0.261465,0.633409
0,incompressible,0.49,hold,2.8,0.888638,0.506877,0.75818,0.974989,1328,183,324,0.511533,0.519123,0.262224,0.633768
0,incompressible,0.49,hold,2.81,0.888638,0.507419,0.758163,0.974967,1328,183,324,0.51203,0.519595,0.262977,0.63412
0,incompressible,0.49,hold,2.82,0.888638,0.507952,0.758147,0.974946,1328,183,324,0.512519,0.52006,0.263724,0.634465
0,incompressible,0.49,hold,2.83,0.888638,0.50848,0.758131,0.974926,1328,183,324,0.513001,0.520519,0.264464,0.634806
0,incompressible,0.49,hold,2.84,0.888638,0.509001,0.758116,0.974906,1328,183,324,0.513476,0.52097,0.265198,0.63514
0,incompressible,0.49,hold,2.85,0.888638,0.509515,0.758101,0.974887,1328,183,324,0.513944,0.521416,0.265927,0.635468
0,incompressible,0.49,hold,2.86,0.888638,0.510021,0.758087,0.974869,1328,183,324,0.514407,0.521855,0.266651,0.635792
0,incompressible,0.49,hold,2.87,0.888638,0.510522,0.758073,0.974851,1328,183,324,0.514863,0.522289,0.267369,0.636112
0,incompressible,0.49,hold,2.88,0.888638,0.511018,0.758059,0.974834,1328,183,324,0.515314,0.522717,0.268082,0.636427
0,incompressible,0.49,hold,2.89,0.888638,0.511508,0.758046,0.974817,1328,183,324,0.515759,0.52314,0.268789,0.636737
0,incompressible,0.49,hold,2.9,0.888638,0.511992,0.758034,0.974801,1328,183,324,0.516199,0.523557,0.269491,0.637041
0,incompressible,0.49,hold,2.91,0.888638,0.512469,0.758022,0.974786,1328,183,324,0.516632,0.523969,0.270187,0.637341
0,incompressible,0.49,hold,2.92,0.888638,0.512942,0.75801,0.97477,1328,183,324,0.517061,0.524376,0.270877,0.637636
0,incompressible,0.49,hold,2.93,0.888638,0.513408,0.757999,0.974756,1328,183,324,0.517485,0.524778,0.271561,0.63793
0,incompressible,0.49,hold,2.94,0.888638,0.51387,0.757988,0.974742,1328,183,324,0.517903,0.525175,0.272243,0.638219
0,incompressible,0.49,hold,2.95,0.888638,0.514326,0.757977,0.974728,1328,183,324,0.518317,0.525568,0.27292,0.638504
0,incompressible,0.49,hold,2.96,0.888638,0.514778,0.757967,0.974715,1328,183,324,0.518726,0.525956,0.273592,0.638784
0,incompressible,0.49,hold,2.97,0.888638,0.515226,0.757957,0.974702,1328,183,324,0.519131,0.526341,0.274258,0.639062
0,incompressible,0.49,hold,2.98,0.888638,0.515668,0.757947,0.97469,1328,183,324,0.519531,0.52672,0.274919,0.639337
0,incompressible,0.49,hold,2.99,0.888638,0.516106,0.757938,0.974677,1328,183,324,0.519927,0.527096,0.275575,0.639606
0,incompressible,0.49,hold,3,0.888638,0.51654,0.757929,0.974666,1328,183,324,0.520319,0.527468,0.276226,0.639874
0,incompressible,0.49,hold,3.01,0.888638,0.516969,0.75792,0.974655,1328,183,324,0.520707,0.527835,0.276873,0.640138
0,incompressible,0.49,hold,3.02,0.888638,0.517396,0.757911,0.974644,1328,183,324,0.521091,0.528199,0.277515,0.640398
0,incompressible,0.49,hold,3.03,0.888638,0.517818,0.757903,0.974633,1328,183,324,0.521471,0.52856,0.278154,0.640656
0,incompressible,0.49,hold,3.04,0.888638,0.518235,0.757895,0.974623,1328,183,324,0.521847,0.528917,0.278788,0.640912
0,incompressible,0.49,hold,3.05,0.888638,0.518647,0.757888,0.974613,1328,183,324,0.52222,0.52927,0.279417,0.641164
0,incompressible,0.49,hold,3.06,0.888638,0.519057,0.75788,0.974603,1328,183,324,0.522589,0.52962,0.280043,0.641414
0,incompressible,0.49,hold,3.07,0.888638,0.519464,0.757873,0.974594,1328,183,324,0.522954,0.529967,0.280665,0.641662
0,incompressible,0.49,hold,3.08,0.888638,0.519866,0.757866,0.974585,1328,183,324,0.523316,0.53031,0.281281,0.641907
0,incompressible,0.49,hold,3.09,0.888638,0.520265,0.757859,0.974576,1328,183,324,0.523675,0.53065,0.281894,0.642151
0,incompressible,0.49,hold,3.1,0.888638,0.52066,0.757852,0.974567,1328,183,324,0.524031,0.530987,0.282502,0.642389
0,incompressible,0.49,hold,3.11,0.888638,0.521051,0.757846,0.974559,1328,183,324,0.524382,0.531321,0.283106,0.642626
0,incompressible,0.49,hold,3.12,0.888638,0.52144,0.75784,0.974551,1328,183,324,0.524732,0.531652,0.283706,0.64286
0,incompressible,0.49,hold,3.13,0.888638,0.521825,0.757834,0.974543,1328,183,324,0.525078,0.53198,0.284301,0.643094
0,incompressible,0.49,hold,3.14,0.888638,0.522208,0.757828,0.974536,1328,183,324,0.525421,0.532305,0.284894,0.643324
0,incompressible,0.49,hold,3.15,0.888638,0.522586,0.757822,0.974529,1328,183,324,0.525761,0.532627,0.285482,0.643553
0,incompressible,0.49,hold,3.16,0.888638,0.522962,0.757817,0.974522,1328,183,324,0.526098,0.532947,0.286067,0.643779
0,incompressible,0.49,hold,3.17,0.888638,0.523334,0.757811,0.974515,1328,183,324,0.526432,0.533263,0.28665,0.644002
0,incompressible,0.49,hold,3.18,0.888638,0.523703,0.757806,0.974508,1328,183,324,0.526763,0.533577,0.287227,0.644225
0,incompressible,0.49,hold,3.19,0.888638,0.52407,0.757801,0.974502,1328,183,324,0.527092,0.533889,0.2878,0.644444
0,incompressible,0.49,hold,3.2,0.888638,0.524434,0.757797,0.974496,1328,183,324,0.527417,0.534198,0.28837,0.644661
0,incompressible,0.49,hold,3.21,0.888638,0.524795,0.757792,0.97449,1328,183,324,0.52774,0.534504,0.288938,0.644876
0,incompressible,0.49,hold,3.22,0.888638,0.525152,0.757787,0.974484,1328,183,324,0.528061,0.534808,0.289501,0.64509
0,incompressible,0.49,hold,3.23,0.888638,0.525506,0.757783,0.974478,1328,183,324,0.528378,0.535109,0.29006,0.645302
0,incompressible,0.49,hold,3.24,0.888638,0.525859,0.757779,0.974473,1328,183,324,0.528694,0.535408,0.290616,0.64551
0,incompressible,0.49,hold,3.25,0.888638,0.526207,0.757774,0.974467,1328,183,324,0.529007,0.535705,0.291169,0.645717
0,incompressible,0.49,hold,3.26,0.888638,0.526552,0.757771,0.974462,1328,183,324,0.529317,0.535999,0.291717,0.645924
0,incompressible,0.49,hold,3.27,0.888638,0.526895,0.757767,0.974457,1328,183,324,0.529625,0.536291,0.292262,0.646129
0,incompressible,0.49,hold,3.28,0.888638,0.527236,0.757763,0.974453,1328,183,324,0.529931,0.536581,0.292804,0.646332
0,incompressible,0.49,hold,3.29,0.888638,0.527577,0.757759,0.974448,1328,183,324,0.530235,0.536869,0.293342,0.646534
0,incompressible,0.49,hold,3.3,0.888638,0.527915,0.757756,0.974444,1328,183,324,0.530536,0.537155,0.293879,0.646733
0,incompressible,0.49,hold,3.31,0.888638,0.528249,0.757753,0.974439,1328,183,324,0.530835,0.537438,0.294411,0.646934
0,incompressible,0.49,hold,3.32,0.888638,0.528581,0.757749,0.974435,1328,183,324,0.531132,0.53772,0.29494,0.64713
0,incompressible,0.49,hold,3.33,0.888638,0.528911,0.757746,0.974431,1328,183,324,0.531427,0.537999,0.295467,0.647326
0,incompressible,0.49,hold,3.34,0.888638,0.529237,0.757743,0.974427,1328,183,324,0.53172,0.538277,0.29599,0.64752
0,incompressible,0.49,hold,3.35,0.888638,0.529562,0.75774,0.974423,1328,183,324,0.53201,0.538552,0.29651,0.647713
0,incompressible,0.49,hold,3.36,0.888638,0.529884,0.757737,0.974419,1328,183,324,0.532299,0.538826,0.297027,0.647905
0,incompressible,0.49,hold,3.37,0.888638,0.530204,0.757734,0.974416,1328,183,324,0.532585,0.539098,0.297542,0.648094
0,incompressible,0.49,hold,3.38,0.888638,0.530524,0.757732,0.974412,1328,183,324,0.53287,0.539368,0.298054,0.648283
0,incompressible,0.49,hold,3.39,0.888638,0.530841,0.757729,0.974409,1328,183,324,0.533152,0.539636,0.298563,0.648469
0,incompressible,0.49,hold,3.4,0.888638,0.531153,0.757726,0.974406,1328,183,324,0.533433,0.539902,0.299069,0.648655
0,incompressible,0.49,hold,3.41,0.888638,0.531464,0.757724,0.974403,1328,183,324,0.533712,0.540167,0.29957,0.64884
0,incompressible,0.49,hold,3.42,0.888638,0.531774,0.757722,0.9744,1328,183,324,0.533989,0.540429,0.30007,0.649023
0,incompressible,0.49,hold,3.43,0.888638,0.53208,0.757719,0.974397,1328,183,324,0.534264,0.54069,0.300567,0.649205
0,incompressible,0.49,hold,3.44,0.888638,0.532386,0.757717,0.974394,1328,183,324,0.534537,0.540949,0.30106,0.649386
0,incompressible,0.49,hold,3.45,0.888638,0.53269,0.757715,0.974391,1328,183,324,0.534808,0.541206,0.301552,0.649566
0,incompressible,0.49,hold,3.46,0.888638,0.532992,0.757713,0.974388,1328,183,324,0.535078,0.541462,0.30204,0.649746
0,incompressible,0.49,hold,3.47,0.888638,0.533292,0.757711,0.974386,1328,183,324,0.535346,0.541717,0.302526,0.649923
0,incompressible,0.49,hold,3.48,0.888638,0.533591,0.757709,0.974383,1328,183,324,0.535612,0.541969,0.30301,0.650098
0,incompressible,0.49,hold,3.49,0.888638,0.533888,0.757707,0.974381,1328,183,324,0.535876,0.54222,0.30349,0.650271
0,incompressible,0.49,hold,3.5,0.888638,0.534182,0.757705,0.974378,1328,183,324,0.536139,0.542469,0.303967,0.650445
0,incompressible,0.49,hold,3.51,0.888638,0.534473,0.757704,0.974376,1328,183,324,0.5364,0.542717,0.304442,0.650615
0,incompressible,0.49,hold,3.52,0.888638,0.534762,0.757702,0.974374,1328,183,324,0.536659,0.542963,0.304915,0.650784
0,incompressible,0.49,hold,3.53,0.888638,0.535051,0.7577,0.974372,1328,183,324,0.536916,0.543207,0.305386,0.650952
0,incompressible,0.49,hold,3.54,0.888638,0.535336,0.757699,0.97437,1328,183,324,0.537173,0.54345,0.305852,0.651119
0,incompressible,0.49,hold,3.55,0.888638,0.535622,0.757697,0.974368,1328,183,324,0.537427,0.543692,0.306317,0.651287
0,incompressible,0.49,hold,3.56,0.888638,0.535906,0.757696,0.974366,1328,183,324,0.53768,0.543932,0.306781,0.651454
0,incompressible,0.49,hold,3.57,0.888638,0.536186,0.757694,0.974364,1328,183,324,0.537932,0.54417,0.307241,0.651621
0,incompressible,0.49,hold,3.58,0.888638,0.536465,0.757693,0.974363,1328,183,324,0.538182,0.544408,0.307699,0.651788
0,incompressible,0.49,hold,3.59,0.888638,0.536744,0.757692,0.974361,1328,183,324,0.53843,0.544644,0.308154,0.651952
0,incompressible,0.49,hold,3.6,0.888638,0.53702,0.75769,0.974359,1328,183,324,0.538678,0.544879,0.308607,0.652116
0,incompressible,0.49,hold,3.61,0.888638,0.537296,0.757689,0.974358,1328,183,324,0.538923,0.545112,0.309057,0.652278
0,incompressible,0.49,hold,3.62,0.888638,0.53757,0.757688,0.974356,1328,183,324,0.539167,0.545343,0.309505,0.652437
0,incompressible,0.49,hold,3.63,0.888638,0.537843,0.757687,0.974355,1328,183,324,0.53941,0.545574,0.309952,0.652597
0,incompressible,0.49,hold,3.64,0.888638,0.538112,0.757686,0.974353,1328,183,324,0.539651,0.545803,0.310394,0.652755
0,incompressible,0.49,hold,3.65,0.888638,0.53838,0.757685,0.974352,1328,183,324,0.53989,0.54603,0.310835,0.652911
0,incompressible,0.49,hold,3.66,0.888638,0.538646,0.757684,0.974351,1328,183,324,0.540129,0.546257,0.311274,0.653067
0,incompressible,0.49,hold,3.67,0.888638,0.538911,0.757683,0.974349,1328,183,324,0.540366,0.546482,0.31171,0.653222
0,incompressible,0.49,hold,3.68,0.888638,0.539175,0.757682,0.974348,1328,183,324,0.540602,0.546706,0.312145,0.653377
0,incompressible,0.49,hold,3.69,0.888638,0.539438,0.757681,0.974347,1328,183,324,0.540836,0.546929,0.312577,0.65353
0,incompressible,0.49,hold,3.7,0.888638,0.539699,0.75768,0.974346,1328,183,324,0.541069,0.54715,0.313005,0.653682
0,incompressible,0.49,hold,3.71,0.888638,0.539959,0.757679,0.974344,1328,183,324,0.541301,0.54737,0.313433,0.653836
0,incompressible,0.49,hold,3.72,0.888638,0.540217,0.757678,0.974343,1328,183,324,0.541532,0.547589,0.313859,0.653989
0,incompressible,0.49,hold,3.73,0.888638,0.540473,0.757677,0.974342,1328,183,324,0.541761,0.547807,0.314283,0.654139
0,incompressible,0.49,hold,3.74,0.888638,0.540729,0.757676,0.974341,1328,183,324,0.541989,0.548024,0.314706,0.654291
0,incompressible,0.49,hold,3.75,0.888638,0.540983,0.757676,0.97434,1328,183,324,0.542216,0.548239,0.315125,0.65444
0,incompressible,0.49,hold,3.76,0.888638,0.541236,0.757675,0.974339,1328,183,324,0.542441,0.548453,0.315541,0.654587
0,incompressible,0.49,hold,3.77,0.888638,0.541487,0.757674,0.974338,1328,183,324,0.542665,0.548666,0.315956,0.654733
0,incompressible,0.49,hold,3.78,0.888638,0.541736,0.757673,0.974337,1328,183,324,0.542888,0.548878,0.316369,0.654878
0,incompressible,0.49,hold,3.79,0.888638,0.541982,0.757673,0.974337,1328,183,324,0.54311,0.549089,0.316781,0.655022
0,incompressible,0.49,hold,3.8,0.888638,0.542228,0.757672,0.974336,1328,183,324,0.54333,0.549298,0.31719,0.655165
0,incompressible,0.49,hold,3.81,0.888638,0.542476,0.757671,0.974335,1328,183,324,0.54355,0.549507,0.317597,0.655307
0,incompressible,0.49,hold,3.82,0.888638,0.54272,0.757671,0.974334,1328,183,324,0.543768,0.549714,0.318002,0.655449
0,incompressible,0.49,hold,3.83,0.888638,0.542964,0.75767,0.974333,1328,183,324,0.543985,0.549921,0.318404,0.655592
0,incompressible,0.49,hold,3.84,0.888638,0.543206,0.757669,0.974332,1328,183,324,0.544202,0.550127,0.318805,0.655736
0,incompressible,0.49,hold,3.85,0.888638,0.543446,0.757669,0.974332,1328,183,324,0.544417,0.550331,0.319203,0.655878
0,incompressible,0.49,hold,3.86,0.888638,0.543685,0.757668,0.974331,1328,183,324,0.544631,0.550534,0.319601,0.656019
0,incompressible,0.49,hold,3.87,0.888638,0.543924,0.757668,0.97433,1328,183,324,0.544843,0.550737,0.319996,0.656159
0,incompressible,0.49,hold,3.88,0.888638,0.544161,0.757667,0.97433,1328,183,324,0.545055,0.550938,0.32039,0.656298
0,incompressible,0.49,hold,3.89,0.888638,0.544396,0.757667,0.974329,1328,183,324,0.545265,0.551138,0.320781,0.656435
0,incompressible,0.49,hold,3.9,0.888638,0.544629,0.757666,0.974328,1328,183,324,0.545474,0.551337,0.321171,0.656571
0,incompressible,0.49,hold,3.91,0.888638,0.544863,0.757666,0.974328,1328,183,324,0.545683,0.551535,0.321558,0.656707
0,incompressible,0.49,hold,3.92,0.888638,0.545094,0.757665,0.974327,1328,183,324,0.54589,0.551732,0.321943,0.656843
0,incompressible,0.49,hold,3.93,0.888638,0.545324,0.757665,0.974327,1328,183,324,0.546096,0.551928,0.322327,0.656975
0,incompressible,0.49,hold,3.94,0.888638,0.545554,0.757664,0.974326,1328,183,324,0.546301,0.552123,0.322709,0.657109
0,incompressible,0.49,hold,3.95,0.888638,0.545782,0.757664,0.974325,1328,183,324,0.546505,0.552317,0.32309,0.657242
0,incompressible,0.49,hold,3.96,0.888638,0.546009,0.757663,0.974325,1328,183,324,0.546708,0.55251,0.323468,0.657376
0,incompressible,0.49,hold,3.97,0.888638,0.546237,0.757663,0.974324,1328,183,324,0.546911,0.552702,0.323845,0.657507
0,incompressible,0.49,hold,3.98,0.888638,0.546462,0.757663,0.974324,1328,183,324,0.547111,0.552894,0.32422,0.657637
0,incompressible,0.49,hold,3.99,0.888638,0.546686,0.757662,0.974323,1328,183,324,0.547312,0.553084,0.324594,0.657768
0,incompressible,0.49,hold,4,0.888638,0.546907,0.757662,0.974322,1328,183,324,0.547511,0.553274,0.324966,0.6579
0,incompressible,0.49,hold,4.01,0.888638,0.547129,0.757661,0.974322,1328,183,324,0.547709,0.553462,0.325337,0.658028
0,incompressible,0.49,hold,4.02,0.888638,0.54735,0.757661,0.974321,1328,183,324,0.547906,0.55365,0.325703,0.658157
0,incompressible,0.49,hold,4.03,0.888638,0.547568,0.75766,0.974321,1328,183,324,0.548103,0.553837,0.326069,0.658286
0,incompressible,0.49,hold,4.04,0.888638,0.547786,0.75766,0.97432,1328,183,324,0.548298,0.554023,0.326433,0.658414
0,incompressible,0.49,hold,4.05,0.888638,0.548003,0.75766,0.97432,1328,183,324,0.548492,0.554208,0.326796,0.658542
0,incompressible,0.49,hold,4.06,0.888638,0.548221,0.757659,0.974319,1328,183,324,0.548685,0.554392,0.327158,0.658668
0,incompressible,0.49,hold,4.07,0.888638,0.548437,0.757659,0.974319,1328,183,324,0.548878,0.554575,0.327517,0.658795
0,incompressible,0.49,hold,4.08,0.888638,0.54865,0.757658,0.974318,1328,183,324,0.54907,0.554758,0.327875,0.65892
0,incompressible,0.49,hold,4.09,0.888638,0.548863,0.757658,0.974318,1328,183,324,0.549261,0.554939,0.328232,0.659043
0,incompressible,0.49,hold,4.1,0.888638,0.549073,0.757658,0.974317,1328,183,324,0.54945,0.55512,0.328587,0.659165
0,incompressible,0.49,hold,4.11,0.888638,0.549283,0.757657,0.974317,1328,183,324,0.54964,0.5553,0.328939,0.659289
0,incompressible,0.49,hold,4.12,0.888638,0.549493,0.757657,0.974316,1328,183,324,0.549828,0.555479,0.32929,0.659413
0,incompressible,0.49,hold,4.13,0.888638,0.549702,0.757656,0.974316,1328,183,324,0.550015,0.555657,0.32964,0.659537
0,incompressible,0.49,hold,4.14,0.888638,0.549913,0.757656,0.974315,1328,183,324,0.550201,0.555834,0.329988,0.659658
0,incompressible,0.49,hold,4.15,0.888638,0.550122,0.757656,0.974315,1328,183,324,0.550387,0.556011,0.330335,0.65978
0,incompressible,0.49,hold,4.16,0.888638,0.55033,0.757655,0.974314,1328,183,324,0.550572,0.556187,0.330681,0.659902
0,incompressible,0.49,hold,4.17,0.888638,0.550534,0.757655,0.974314,1328,183,324,0.550755,0.556362,0.331024,0.660021
0,incompressible,0.49,hold,4.18,0.888638,0.550737,0.757655,0.974313,1328,183,324,0.550938,0.556536,0.331366,0.66014
0,incompressible,0.49,hold,4.19,0.888638,0.550939,0.757654,0.974313,1328,183,324,0.55112,0.556709,0.331707,0.660259
0,incompressible,0.49,hold,4.2,0.888638,0.551142,0.757654,0.974313,1328,183,324,0.551301,0.556882,0.332046,0.660378
0,incompressible,0.49,hold,4.21,0.888638,0.551343,0.757654,0.974312,1328,183,324,0.551482,0.557054,0.332383,0.660497
0,incompressible,0.49,hold,4.22,0.888638,0.551544,0.757653,0.974311,1328,183,324,0.551661,0.557225,0.332719,0.660613
0,incompressible,0.49,hold,4.23,0.888638,0.551743,0.757653,0.974311,1328,183,324,0.55184,0.557395,0.333054,0.66073
0,incompressible,0.49,hold,4.24,0.888638,0.551941,0.757652,0.974311,1328,183,324,0.552018,0.557565,0.333386,0.660845
0,incompressible,0.49,hold,4.25,0.888638,0.552139,0.757652,0.97431,1328,183,324,0.552195,0.557734,0.333718,0.660961
0,incompressible,0.49,hold,4.26,0.888638,0.552335,0.757652,0.97431,1328,183,324,0.552371,0.557901,0.334048,0.661076
0,incompressible,0.49,hold,4.27,0.888638,0.552531,0.757651,0.974309,1328,183,324,0.552546,0.558068,0.334377,0.661191
0,incompressible,0.49,hold,4.28,0.888638,0.552726,0.757651,0.974309,1328,183,324,0.552721,0.558235,0.334704,0.661307
0,incompressible,0.49,hold,4.29,0.888638,0.552919,0.757651,0.974308,1328,183,324,0.552895,0.558401,0.33503,0.661418
0,incompressible,0.49,hold,4.3,0.888638,0.553113,0.75765,0.974308,1328,183,324,0.553068,0.558565,0.335355,0.66153
0,incompressible,0.49,hold,4.31,0.888638,0.553305,0.75765,0.974307,1328,183,324,0.55324,0.55873,0.335677,0.661642
0,incompressible,0.49,hold,4.32,0.888638,0.553495,0.75765,0.974307,1328,183,324,0.553412,0.558894,0.335998,0.661754
0,incompressible,0.49,hold,4.33,0.888638,0.553685,0.757649,0.974306,1328,183,324,0.553583,0.559056,0.33632,0.661865
0,incompressible,0.49,hold,4.34,0.888638,0.553874,0.757649,0.974306,1328,183,324,0.553753,0.559219,0.336638,0.661978
0,incompressible,0.49,hold,4.35,0.888638,0.554064,0.757648,0.974305,1328,183,324,0.553923,0.559381,0.336956,0.66209
0,incompressible,0.49,hold,4.36,0.888638,0.554252,0.757648,0.974304,1328,183,324,0.554092,0.559541,0.337273,0.662198
0,incompressible,0.49,hold,4.37,0.888638,0.554441,0.757647,0.974304,1328,183,324,0.554259,0.559701,0.337587,0.662307
0,incompressible,0.49,hold,4.38,0.888638,0.554626,0.757647,0.974303,1328,183,324,0.554427,0.559861,0.3379,0.662418
0,incompressible,0.49,hold,4.39,0.888638,0.554811,0.757646,0.974303,1328,183,324,0.554593,0.56002,0.338212,0.662527
0,incompressible,0.49,hold,4.4,0.888638,0.554996,0.757646,0.974302,1328,183,324,0.554759,0.560178,0.338522,0.662634
0,incompressible,0.49,hold,4.41,0.888638,0.55518,0.757645,0.974301,1328,183,324,0.554924,0.560335,0.338831,0.662743
0,incompressible,0.49,hold,4.42,0.888638,0.555364,0.757645,0.974301,1328,183,324,0.555089,0.560493,0.339139,0.662852
0,incompressible,0.49,hold,4.43,0.888638,0.555548,0.757644,0.9743,1328,183,324,0.555253,0.560649,0.339446,0.66296
0,incompressible,0.49,hold,4.44,0.888638,0.55573,0.757644,0.9743,1328,183,324,0.555415,0.560804,0.339751,0.663065
0,incompressible,0.49,hold,4.45,0.888638,0.555909,0.757643,0.974299,1328,183,324,0.555578,0.560959,0.340054,0.663171
0,incompressible,0.49,hold,4.46,0.888638,0.556087,0.757643,0.974298,1328,183,324,0.555739,0.561113,0.340356,0.663276
0,incompressible,0.49,hold,4.47,0.888638,0.556266,0.757642,0.974298,1328,183,324,0.5559,0.561266,0.340657,0.663379
0,incompressible,0.49,hold,4.48,0.888638,0.556446,0.757642,0.974297,1328,183,324,0.55606,0.561419,0.340958,0.663484
0,incompressible,0.49,hold,4.49,0.888638,0.556625,0.757641,0.974296,1328,183,324,0.55622,0.561571,0.341257,0.663588
0,incompressible,0.49,hold,4.5,0.888638,0.556802,0.757641,0.974295,1328,183,324,0.556379,0.561723,0.341555,0.663691
0,incompressible,0.49,hold,4.51,0.888638,0.556978,0.75764,0.974295,1328,183,324,0.556537,0.561873,0.341853,0.663794
0,incompressible,0.49,hold,4.52,0.888638,0.557152,0.75764,0.974294,1328,183,324,0.556694,0.562024,0.342148,0.663895
0,incompressible,0.49,hold,4.53,0.888638,0.557327,0.757639,0.974293,1328,183,324,0.556851,0.562173,0.342441,0.663998
0,incompressible,0.49,hold,4.54,0.888638,0.5575,0.757638,0.974293,1328,183,324,0.557008,0.562322,0.342733,0.664101
0,incompressible,0.49,hold,4.55,0.888638,0.557674,0.757638,0.974292,1328,183,324,0.557163,0.562471,0.343024,0.664202
0,incompressible,0.49,hold,4.56,0.888638,0.557847,0.757637,0.974291,1328,183,324,0.557318,0.562619,0.343314,0.664303
0,incompressible,0.49,hold,4.57,0.888638,0.558018,0.757637,0.97429,1328,183,324,0.557472,0.562766,0.343603,0.664403
0,incompressible,0.49,hold,4.58,0.888638,0.55819,0.757636,0.974289,1328,183,324,0.557626,0.562913,0.343892,0.664504
0,incompressible,0.49,hold,4.59,0.888638,0.55836,0.757635,0.974289,1328,183,324,0.557779,0.563059,0.344179,0.664606
0,incompressible,0.49,hold,4.6,0.888638,0.55853,0.757635,0.974288,1328,183,324,0.557932,0.563205,0.344464,0.664706
0,incompressible,0.49,hold,4.61,0.888638,0.558697,0.757634,0.974287,1328,183,324,0.558084,0.56335,0.344748,0.664806
0,incompressible,0.49,hold,4.62,0.888638,0.558865,0.757633,0.974286,1328,183,324,0.558235,0.563494,0.345029,0.664905
0,incompressible,0.49,hold,4.63,0.888638,0.559033,0.757633,0.974285,1328,183,324,0.558385,0.563637,0.34531,0.665004
0,incompressible,0.49,hold,4.64,0.888638,0.5592,0.757632,0.974284,1328,183,324,0.558535,0.563781,0.34559,0.665103
0,incompressible,0.49,hold,4.65,0.888638,0.559367,0.757631,0.974283,1328,183,324,0.558685,0.563923,0.345871,0.665202
0,incompressible,0.49,hold,4.66,0.888638,0.559532,0.757631,0.974282,1328,183,324,0.558833,0.564065,0.346151,0.665298
0,incompressible,0.49,hold,4.67,0.888638,0.559696,0.75763,0.974282,1328,183,324,0.558981,0.564206,0.346428,0.665392
0,incompressible,0.49,hold,4.68,0.888638,0.55986,0.757629,0.974281,1328,183,324,0.559128,0.564347,0.346704,0.665487
0,incompressible,0.49,hold,4.69,0.888638,0.560021,0.757629,0.97428,1328,183,324,0.559275,0.564487,0.346979,0.665582
0,incompressible,0.49,hold,4.7,0.888638,0.560184,0.757628,0.974279,1328,183,324,0.559421,0.564627,0.347253,0.665677
0,incompressible,0.49,hold,4.71,0.888638,0.560347,0.757627,0.974278,1328,183,324,0.559567,0.564766,0.347526,0.665771
0,incompressible,0.49,hold,4.72,0.888638,0.560508,0.757626,0.974277,1328,183,324,0.559712,0.564905,0.347796,0.665866
0,incompressible,0.49,hold,4.73,0.888638,0.560671,0.757626,0.974276,1328,183,324,0.559857,0.565043,0.348065,0.66596
0,incompressible,0.49,hold,4.74,0.888638,0.560829,0.757625,0.974275,1328,183,324,0.56,0.56518,0.348335,0.666055
0,incompressible,0.49,hold,4.75,0.888638,0.560987,0.757624,0.974274,1328,183,324,0.560144,0.565317,0.348603,0.666149
0,incompressible,0.49,hold,4.76,0.888638,0.561144,0.757623,0.974273,1328,183,324,0.560287,0.565454,0.34887,0.666242
0,incompressible,0.49,hold,4.77,0.888638,0.561301,0.757622,0.974272,1328,183,324,0.560429,0.56559,0.349135,0.666335
0,incompressible,0.49,hold,4.78,0.888638,0.561458,0.757622,0.974271,1328,183,324,0.560571,0.565725,0.3494,0.666426
