run_index,run_name,poisson,stage,sim_time,imposed_displacement,actual_displacement,volume,volume_ratio
0,baseline,0.28,drag,0,0,0,0.777629,1
0,baseline,0.28,drag,0.01,0.00209205,0,0.777629,1
0,baseline,0.28,drag,0.02,0.0041841,0.00130135,0.777746,1.00015
0,baseline,0.28,drag,0.03,0.00627615,0.00503929,0.778072,1.00057
0,baseline,0.28,drag,0.04,0.0083682,0.00954166,0.77834,1.00091
0,baseline,0.28,drag,0.05,0.0104603,0.0119832,0.777994,1.00047
0,baseline,0.28,drag,0.06,0.0125523,0.0116626,0.777396,0.9997
0,baseline,0.28,drag,0.07,0.0146444,0.0111398,0.776855,0.999005
0,baseline,0.28,drag,0.08,0.0167364,0.013564,0.776581,0.998652
0,baseline,0.28,drag,0.09,0.0188285,0.0111238,0.775334,0.997048
0,baseline,0.28,drag,0.1,0.0209205,0.0171812,0.77378,0.995051
0,baseline,0.28,drag,0.11,0.0230126,0.0210987,0.771897,0.992628
0,baseline,0.28,drag,0.12,0.0251046,0.0207715,0.769707,0.989813
0,baseline,0.28,drag,0.13,0.0271967,0.0184914,0.766976,0.986301
0,baseline,0.28,drag,0.14,0.0292887,0.0217243,0.764334,0.982903
0,baseline,0.28,drag,0.15,0.0313808,0.032167,0.762802,0.980933
0,baseline,0.28,drag,0.16,0.0334728,0.0336182,0.759615,0.976835
0,baseline,0.28,drag,0.17,0.0355649,0.0272897,0.754629,0.970423
0,baseline,0.28,drag,0.18,0.0376569,0.0303773,0.74824,0.962206
0,baseline,0.28,drag,0.19,0.039749,0.0320481,0.742085,0.954292
0,baseline,0.28,drag,0.2,0.041841,0.0351767,0.737458,0.948342
0,baseline,0.28,drag,0.21,0.0439331,0.046029,0.733405,0.94313
0,baseline,0.28,drag,0.22,0.0460251,0.0513141,0.730289,0.939122
0,baseline,0.28,drag,0.23,0.0481172,0.0459863,0.727704,0.935798
0,baseline,0.28,drag,0.24,0.0502092,0.0376334,0.724364,0.931503
0,baseline,0.28,drag,0.25,0.0523013,0.0382595,0.722503,0.929111
0,baseline,0.28,drag,0.26,0.0543933,0.0568287,0.721694,0.92807
0,baseline,0.28,drag,0.27,0.0564854,0.0685459,0.721093,0.927296
0,baseline,0.28,drag,0.28,0.0585774,0.0539174,0.721301,0.927565
0,baseline,0.28,drag,0.29,0.0606695,0.0363661,0.722419,0.929001
0,baseline,0.28,drag,0.3,0.0627615,0.0452007,0.722655,0.929306
0,baseline,0.28,drag,0.31,0.0648536,0.0701022,0.724645,0.931865
0,baseline,0.28,drag,0.32,0.0669456,0.0842566,0.724383,0.931528
0,baseline,0.28,drag,0.33,0.0690377,0.0639258,0.725416,0.932856
0,baseline,0.28,drag,0.34,0.0711297,0.0431986,0.727941,0.936103
0,baseline,0.28,drag,0.35,0.0732218,0.0514581,0.728892,0.937326
0,baseline,0.28,drag,0.36,0.0753138,0.0792939,0.730869,0.939868
0,baseline,0.28,drag,0.37,0.0774059,0.0850288,0.732564,0.942048
0,baseline,0.28,drag,0.38,0.0794979,0.0778135,0.733158,0.942812
0,baseline,0.28,drag,0.39,0.08159,0.0669781,0.733965,0.94385
0,baseline,0.28,drag,0.4,0.083682,0.0542021,0.734827,0.944958
0,baseline,0.28,drag,0.41,0.0857741,0.0721363,0.734075,0.943991
0,baseline,0.28,drag,0.42,0.0878661,0.106756,0.732688,0.942207
0,baseline,0.28,drag,0.43,0.0899582,0.0952917,0.7307,0.939651
0,baseline,0.28,drag,0.44,0.0920502,0.0699855,0.729433,0.938022
0,baseline,0.28,drag,0.45,0.0941423,0.0647284,0.727378,0.935379
0,baseline,0.28,drag,0.46,0.0962343,0.0833338,0.725659,0.933169
0,baseline,0.28,drag,0.47,0.0983264,0.11365,0.726932,0.934806
0,baseline,0.28,drag,0.48,0.100418,0.113079,0.727887,0.936033
0,baseline,0.28,drag,0.49,0.10251,0.0904222,0.727943,0.936105
0,baseline,0.28,drag,0.5,0.104603,0.0684825,0.72874,0.937131
0,baseline,0.28,drag,0.51,0.106695,0.0850248,0.728406,0.936702
0,baseline,0.28,drag,0.52,0.108787,0.120655,0.727417,0.93543
0,baseline,0.28,drag,0.53,0.110879,0.124095,0.728246,0.936495
0,baseline,0.28,drag,0.54,0.112971,0.102108,0.72934,0.937902
0,baseline,0.28,drag,0.55,0.115063,0.0905545,0.729935,0.938667
0,baseline,0.28,drag,0.56,0.117155,0.09475,0.728396,0.936688
0,baseline,0.28,drag,0.57,0.119247,0.116996,0.726967,0.93485
0,baseline,0.28,drag,0.58,0.121339,0.122944,0.727645,0.935723
0,baseline,0.28,drag,0.59,0.123431,0.13568,0.730251,0.939074
0,baseline,0.28,drag,0.6,0.125523,0.104078,0.732711,0.942237
0,baseline,0.28,drag,0.61,0.127615,0.0940887,0.735353,0.945634
0,baseline,0.28,drag,0.62,0.129707,0.114168,0.736438,0.94703
0,baseline,0.28,drag,0.63,0.131799,0.138424,0.737247,0.948071
0,baseline,0.28,drag,0.64,0.133891,0.15307,0.736426,0.947015
0,baseline,0.28,drag,0.65,0.135983,0.127384,0.734987,0.945163
0,baseline,0.28,drag,0.66,0.138075,0.101069,0.735355,0.945637
0,baseline,0.28,drag,0.67,0.140167,0.112219,0.734921,0.945078
0,baseline,0.28,drag,0.68,0.142259,0.147542,0.734049,0.943958
0,baseline,0.28,drag,0.69,0.144351,0.166405,0.735513,0.94584
0,baseline,0.28,drag,0.7,0.146444,0.129338,0.735104,0.945315
0,baseline,0.28,drag,0.71,0.148536,0.115826,0.735192,0.945427
0,baseline,0.28,drag,0.72,0.150628,0.126005,0.736641,0.947291
0,baseline,0.28,drag,0.73,0.15272,0.155213,0.736346,0.946912
0,baseline,0.28,drag,0.74,0.154812,0.175197,0.735809,0.946221
0,baseline,0.28,drag,0.75,0.156904,0.155443,0.735395,0.945688
0,baseline,0.28,drag,0.76,0.158996,0.13221,0.735207,0.945447
0,baseline,0.28,drag,0.77,0.161088,0.127172,0.734322,0.944309
0,baseline,0.28,drag,0.78,0.16318,0.159971,0.734389,0.944395
0,baseline,0.28,drag,0.79,0.165272,0.187598,0.735334,0.94561
0,baseline,0.28,drag,0.8,0.167364,0.156449,0.736885,0.947604
0,baseline,0.28,drag,0.81,0.169456,0.138283,0.738138,0.949216
0,baseline,0.28,drag,0.82,0.171548,0.149092,0.738054,0.949107
0,baseline,0.28,drag,0.83,0.17364,0.177655,0.738405,0.94956
0,baseline,0.28,drag,0.84,0.175732,0.16902,0.739564,0.951049
0,baseline,0.28,drag,0.85,0.177824,0.142679,0.740337,0.952044
0,baseline,0.28,drag,0.86,0.179916,0.151498,0.741882,0.954031
0,baseline,0.28,drag,0.87,0.182008,0.18643,0.741658,0.953743
0,baseline,0.28,drag,0.88,0.1841,0.204616,0.741396,0.953406
0,baseline,0.28,drag,0.89,0.186192,0.158528,0.74197,0.954143
0,baseline,0.28,drag,0.9,0.188285,0.136009,0.743442,0.956037
0,baseline,0.28,drag,0.91,0.190377,0.176784,0.744739,0.957704
0,baseline,0.28,drag,0.92,0.192469,0.222476,0.742763,0.955164
0,baseline,0.28,drag,0.93,0.194561,0.220068,0.742057,0.954256
0,baseline,0.28,drag,0.94,0.196653,0.170161,0.742143,0.954366
0,baseline,0.28,drag,0.95,0.198745,0.134342,0.742524,0.954856
0,baseline,0.28,drag,0.96,0.200837,0.176565,0.742914,0.955358
0,baseline,0.28,drag,0.97,0.202929,0.244741,0.743296,0.955849
0,baseline,0.28,drag,0.98,0.205021,0.242526,0.743152,0.955664
0,baseline,0.28,drag,0.99,0.207113,0.174521,0.74238,0.954671
0,baseline,0.28,drag,1,0.209205,0.131895,0.742666,0.955039
0,baseline,0.28,drag,1.01,0.211297,0.178991,0.742469,0.954785
0,baseline,0.28,drag,1.02,0.213389,0.262032,0.74311,0.95561
0,baseline,0.28,drag,1.03,0.215481,0.246711,0.743476,0.95608
0,baseline,0.28,drag,1.04,0.217573,0.173947,0.743733,0.956411
0,baseline,0.28,drag,1.05,0.219665,0.14366,0.745181,0.958273
0,baseline,0.28,drag,1.06,0.221757,0.195831,0.746596,0.960093
0,baseline,0.28,drag,1.07,0.223849,0.262715,0.748624,0.9627
0,baseline,0.28,drag,1.08,0.225941,0.240881,0.749001,0.963185
0,baseline,0.28,drag,1.09,0.228033,0.18473,0.748088,0.962011
0,baseline,0.28,drag,1.1,0.230126,0.171521,0.749115,0.963332
0,baseline,0.28,drag,1.11,0.232218,0.214276,0.750184,0.964706
0,baseline,0.28,drag,1.12,0.23431,0.254938,0.749254,0.963511
0,baseline,0.28,drag,1.13,0.236402,0.250774,0.746603,0.960102
0,baseline,0.28,drag,1.14,0.238494,0.204512,0.745526,0.958716
0,baseline,0.28,drag,1.15,0.240586,0.189481,0.74678,0.96033
0,baseline,0.28,drag,1.16,0.242678,0.217374,0.748097,0.962022
0,baseline,0.28,drag,1.17,0.24477,0.255099,0.748949,0.963119
0,baseline,0.28,drag,1.18,0.246862,0.259878,0.749343,0.963625
0,baseline,0.28,drag,1.19,0.248954,0.224649,0.747753,0.961581
0,baseline,0.28,drag,1.2,0.251046,0.203237,0.747009,0.960623
0,baseline,0.28,drag,1.21,0.253138,0.224977,0.748049,0.961961
0,baseline,0.28,drag,1.22,0.25523,0.257199,0.750602,0.965244
0,baseline,0.28,drag,1.23,0.257322,0.268846,0.752696,0.967937
0,baseline,0.28,drag,1.24,0.259414,0.247238,0.753171,0.968548
0,baseline,0.28,drag,1.25,0.261506,0.221984,0.753338,0.968763
0,baseline,0.28,drag,1.26,0.263598,0.224152,0.753369,0.968803
0,baseline,0.28,drag,1.27,0.26569,0.253633,0.755568,0.97163
0,baseline,0.28,drag,1.28,0.267782,0.273982,0.75627,0.972534
0,baseline,0.28,drag,1.29,0.269874,0.261881,0.756272,0.972535
0,baseline,0.28,drag,1.3,0.271967,0.240552,0.754775,0.97061
0,baseline,0.28,drag,1.31,0.274059,0.228756,0.755518,0.971566
0,baseline,0.28,drag,1.32,0.276151,0.252607,0.756891,0.973332
0,baseline,0.28,drag,1.33,0.278243,0.281838,0.757238,0.973778
0,baseline,0.28,drag,1.34,0.280335,0.280571,0.756429,0.972737
0,baseline,0.28,drag,1.35,0.282427,0.249153,0.755409,0.971425
0,baseline,0.28,drag,1.36,0.284519,0.231233,0.756626,0.97299
0,baseline,0.28,drag,1.37,0.286611,0.261864,0.757908,0.97464
0,baseline,0.28,drag,1.38,0.288703,0.296329,0.758292,0.975134
0,baseline,0.28,drag,1.39,0.290795,0.283024,0.756859,0.97329
0,baseline,0.28,drag,1.4,0.292887,0.255096,0.755857,0.972002
0,baseline,0.28,drag,1.41,0.294979,0.24758,0.757544,0.974172
0,baseline,0.28,drag,1.42,0.297071,0.273293,0.758718,0.975681
0,baseline,0.28,drag,1.43,0.299163,0.308205,0.759552,0.976753
0,baseline,0.28,drag,1.44,0.301255,0.290492,0.758163,0.974967
0,baseline,0.28,drag,1.45,0.303347,0.263191,0.758562,0.97548
0,baseline,0.28,drag,1.46,0.305439,0.25415,0.761017,0.978637
0,baseline,0.28,drag,1.47,0.307531,0.286276,0.761692,0.979506
0,baseline,0.28,drag,1.48,0.309623,0.318174,0.760989,0.978602
0,baseline,0.28,drag,1.49,0.311715,0.299944,0.759157,0.976245
0,baseline,0.28,drag,1.5,0.313808,0.273347,0.758005,0.974764
0,baseline,0.28,drag,1.51,0.3159,0.269217,0.76077,0.978319
0,baseline,0.28,drag,1.52,0.317992,0.295618,0.761461,0.979209
0,baseline,0.28,drag,1.53,0.320084,0.316979,0.76127,0.978963
0,baseline,0.28,drag,1.54,0.322176,0.302479,0.761419,0.979154
0,baseline,0.28,drag,1.55,0.324268,0.28835,0.760873,0.978452
0,baseline,0.28,drag,1.56,0.32636,0.274521,0.759834,0.977116
0,baseline,0.28,drag,1.57,0.328452,0.301796,0.760816,0.978379
0,baseline,0.28,drag,1.58,0.330544,0.327166,0.761235,0.978918
0,baseline,0.28,drag,1.59,0.332636,0.308656,0.760763,0.978311
0,baseline,0.28,drag,1.6,0.334728,0.2945,0.761268,0.97896
0,baseline,0.28,drag,1.61,0.33682,0.288849,0.762807,0.980939
0,baseline,0.28,drag,1.62,0.338912,0.307881,0.764226,0.982764
0,baseline,0.28,drag,1.63,0.341004,0.330733,0.764485,0.983097
0,baseline,0.28,drag,1.64,0.343096,0.310737,0.763892,0.982334
0,baseline,0.28,drag,1.65,0.345188,0.286501,0.765017,0.983781
0,baseline,0.28,drag,1.66,0.34728,0.299346,0.766497,0.985685
0,baseline,0.28,drag,1.67,0.349372,0.316985,0.766721,0.985973
0,baseline,0.28,drag,1.68,0.351464,0.330084,0.76569,0.984646
0,baseline,0.28,drag,1.69,0.353556,0.308332,0.764758,0.983449
0,baseline,0.28,drag,1.7,0.355649,0.306445,0.7654,0.984273
0,baseline,0.28,drag,1.71,0.357741,0.306542,0.764957,0.983704
0,baseline,0.28,drag,1.72,0.359833,0.331376,0.764062,0.982553
0,baseline,0.28,drag,1.73,0.361925,0.328444,0.764376,0.982956
0,baseline,0.28,drag,1.74,0.364017,0.325856,0.765857,0.984862
0,baseline,0.28,drag,1.75,0.366109,0.31136,0.76753,0.987013
0,baseline,0.28,drag,1.76,0.368201,0.318551,0.76838,0.988106
0,baseline,0.28,drag,1.77,0.370293,0.336071,0.768373,0.988096
0,baseline,0.28,drag,1.78,0.372385,0.336147,0.767951,0.987554
0,baseline,0.28,drag,1.79,0.374477,0.328696,0.767809,0.987372
0,baseline,0.28,drag,1.8,0.376569,0.320823,0.76802,0.987644
0,baseline,0.28,drag,1.81,0.378661,0.326484,0.768001,0.987618
0,baseline,0.28,drag,1.82,0.380753,0.342825,0.767985,0.987598
0,baseline,0.28,drag,1.83,0.382845,0.33291,0.767827,0.987395
0,baseline,0.28,drag,1.84,0.384937,0.328146,0.767765,0.987316
0,baseline,0.28,drag,1.85,0.387029,0.329493,0.768763,0.988598
0,baseline,0.28,drag,1.86,0.389121,0.341062,0.767995,0.987611
0,baseline,0.28,drag,1.87,0.391213,0.34447,0.766811,0.986088
0,baseline,0.28,drag,1.88,0.393305,0.333428,0.767229,0.986626
0,baseline,0.28,drag,1.89,0.395397,0.334117,0.768402,0.988134
0,baseline,0.28,drag,1.9,0.39749,0.339729,0.770985,0.991455
0,baseline,0.28,drag,1.91,0.399582,0.347391,0.770511,0.990846
0,baseline,0.28,drag,1.92,0.401674,0.34052,0.76939,0.989405
0,baseline,0.28,drag,1.93,0.403766,0.343261,0.768707,0.988527
0,baseline,0.28,drag,1.94,0.405858,0.346271,0.769228,0.989196
0,baseline,0.28,drag,1.95,0.40795,0.34318,0.767962,0.987569
0,baseline,0.28,drag,1.96,0.410042,0.347013,0.768037,0.987665
0,baseline,0.28,drag,1.97,0.412134,0.345501,0.767755,0.987302
0,baseline,0.28,drag,1.98,0.414226,0.350547,0.768009,0.987629
0,baseline,0.28,drag,1.99,0.416318,0.342269,0.769382,0.989394
0,baseline,0.28,drag,2,0.41841,0.342083,0.769492,0.989536
0,baseline,0.28,drag,2.01,0.420502,0.350635,0.767761,0.98731
0,baseline,0.28,drag,2.02,0.422594,0.356193,0.769294,0.989282
0,baseline,0.28,drag,2.03,0.424686,0.346738,0.771707,0.992384
0,baseline,0.28,drag,2.04,0.426778,0.342161,0.772846,0.993849
0,baseline,0.28,drag,2.05,0.42887,0.357077,0.772386,0.993257
0,baseline,0.28,drag,2.06,0.430962,0.356734,0.772237,0.993066
0,baseline,0.28,drag,2.07,0.433054,0.350652,0.77301,0.99406
0,baseline,0.28,drag,2.08,0.435146,0.351462,0.771454,0.992059
0,baseline,0.28,drag,2.09,0.437238,0.355081,0.771829,0.992541
0,baseline,0.28,drag,2.1,0.439331,0.355807,0.771279,0.991834
0,baseline,0.28,drag,2.11,0.441423,0.354723,0.771108,0.991614
0,baseline,0.28,drag,2.12,0.443515,0.359118,0.771244,0.991789
0,baseline,0.28,drag,2.13,0.445607,0.356044,0.772066,0.992846
0,baseline,0.28,drag,2.14,0.447699,0.355695,0.771761,0.992454
0,baseline,0.28,drag,2.15,0.449791,0.359895,0.7715,0.992118
0,baseline,0.28,drag,2.16,0.451883,0.361151,0.771071,0.991566
0,baseline,0.28,drag,2.17,0.453975,0.357309,0.771409,0.992001
0,baseline,0.28,drag,2.18,0.456067,0.356997,0.770981,0.99145
0,baseline,0.28,drag,2.19,0.458159,0.363861,0.77032,0.990601
0,baseline,0.28,drag,2.2,0.460251,0.36479,0.769982,0.990166
0,baseline,0.28,drag,2.21,0.462343,0.358947,0.770138,0.990367
0,baseline,0.28,drag,2.22,0.464435,0.361331,0.771597,0.992242
0,baseline,0.28,drag,2.23,0.466527,0.364569,0.772666,0.993618
0,baseline,0.28,drag,2.24,0.468619,0.365915,0.771622,0.992275
0,baseline,0.28,drag,2.25,0.470711,0.363749,0.771953,0.992701
0,baseline,0.28,drag,2.26,0.472803,0.364939,0.772874,0.993885
0,baseline,0.28,drag,2.27,0.474895,0.367166,0.773631,0.994859
0,baseline,0.28,drag,2.28,0.476987,0.367725,0.773933,0.995247
0,baseline,0.28,drag,2.29,0.479079,0.367306,0.772935,0.993964
0,baseline,0.28,drag,2.3,0.481172,0.368784,0.773092,0.994166
0,baseline,0.28,drag,2.31,0.483264,0.36658,0.772593,0.993524
0,baseline,0.28,drag,2.32,0.485356,0.367502,0.771353,0.991929
0,baseline,0.28,drag,2.33,0.487448,0.371772,0.771468,0.992077
0,baseline,0.28,drag,2.34,0.48954,0.369896,0.772951,0.993985
0,baseline,0.28,drag,2.35,0.491632,0.369422,0.773716,0.994967
0,baseline,0.28,drag,2.36,0.493724,0.371735,0.773811,0.99509
0,baseline,0.28,drag,2.37,0.495816,0.3716,0.772917,0.99394
0,baseline,0.28,drag,2.38,0.497908,0.372461,0.773164,0.994258
0,baseline,0.28,drag,2.39,0.5,0.372738,0.774092,0.995451
0,baseline,0.28,hold,0,0.5,0.373523,0.775637,0.997438
0,baseline,0.28,hold,0.01,0.5,0.372907,0.775062,0.996699
0,baseline,0.28,hold,0.02,0.5,0.374561,0.774695,0.996227
0,baseline,0.28,hold,0.03,0.5,0.373124,0.773121,0.994203
0,baseline,0.28,hold,0.04,0.5,0.372754,0.772144,0.992946
0,baseline,0.28,hold,0.05,0.5,0.373391,0.772003,0.992765
0,baseline,0.28,hold,0.06,0.5,0.374337,0.7717,0.992375
0,baseline,0.28,hold,0.07,0.5,0.372611,0.771743,0.99243
0,baseline,0.28,hold,0.08,0.5,0.372077,0.772349,0.99321
0,baseline,0.28,hold,0.09,0.5,0.37391,0.77347,0.994652
0,baseline,0.28,hold,0.1,0.5,0.374142,0.774683,0.996212
0,baseline,0.28,hold,0.11,0.5,0.372239,0.773346,0.994492
0,baseline,0.28,hold,0.12,0.5,0.373294,0.772653,0.993601
0,baseline,0.28,hold,0.13,0.5,0.374077,0.772626,0.993566
0,baseline,0.28,hold,0.14,0.5,0.373773,0.772438,0.993325
0,baseline,0.28,hold,0.15,0.5,0.373166,0.773356,0.994505
0,baseline,0.28,hold,0.16,0.5,0.37396,0.77365,0.994883
0,baseline,0.28,hold,0.17,0.5,0.374213,0.772035,0.992806
0,baseline,0.28,hold,0.18,0.5,0.371897,0.772318,0.99317
0,baseline,0.28,hold,0.19,0.5,0.373798,0.772368,0.993234
0,baseline,0.28,hold,0.2,0.5,0.372789,0.772783,0.993768
0,baseline,0.28,hold,0.21,0.5,0.371208,0.772906,0.993926
0,baseline,0.28,hold,0.22,0.5,0.372992,0.773587,0.994802
0,baseline,0.28,hold,0.23,0.5,0.373555,0.772779,0.993763
0,baseline,0.28,hold,0.24,0.5,0.374166,0.772556,0.993476
0,baseline,0.28,hold,0.25,0.5,0.371177,0.772806,0.993797
0,baseline,0.28,hold,0.26,0.5,0.372457,0.775051,0.996685
0,baseline,0.28,hold,0.27,0.5,0.372832,0.775267,0.996963
0,baseline,0.28,hold,0.28,0.5,0.374073,0.775364,0.997088
0,baseline,0.28,hold,0.29,0.5,0.373086,0.77561,0.997403
0,baseline,0.28,hold,0.3,0.5,0.372099,0.775052,0.996686
0,baseline,0.28,hold,0.31,0.5,0.374759,0.773736,0.994994
0,baseline,0.28,hold,0.32,0.5,0.373228,0.771765,0.992459
0,baseline,0.28,hold,0.33,0.5,0.373615,0.771645,0.992305
0,baseline,0.28,hold,0.34,0.5,0.373523,0.773385,0.994543
0,baseline,0.28,hold,0.35,0.5,0.37172,0.773759,0.995024
0,baseline,0.28,hold,0.36,0.5,0.374166,0.774096,0.995456
0,baseline,0.28,hold,0.37,0.5,0.372594,0.77298,0.994021
0,baseline,0.28,hold,0.38,0.5,0.374338,0.772216,0.993038
0,baseline,0.28,hold,0.39,0.5,0.37313,0.772424,0.993306
0,baseline,0.28,hold,0.4,0.5,0.372504,0.773205,0.994311
0,baseline,0.28,hold,0.41,0.5,0.372995,0.772809,0.993802
0,baseline,0.28,hold,0.42,0.5,0.373605,0.771967,0.992719
0,baseline,0.28,hold,0.43,0.5,0.372753,0.771195,0.991726
0,baseline,0.28,hold,0.44,0.5,0.373886,0.772258,0.993093
0,baseline,0.28,hold,0.45,0.5,0.37284,0.771984,0.99274
0,baseline,0.28,hold,0.46,0.5,0.373486,0.773422,0.99459
0,baseline,0.28,hold,0.47,0.5,0.372452,0.775033,0.996661
0,baseline,0.28,hold,0.48,0.5,0.371409,0.77591,0.997789
0,baseline,0.28,hold,0.49,0.5,0.373588,0.774589,0.99609
0,baseline,0.28,hold,0.5,0.5,0.374486,0.774151,0.995527
0,baseline,0.28,hold,0.51,0.5,0.372938,0.773284,0.994413
0,baseline,0.28,hold,0.52,0.5,0.373281,0.772936,0.993964
0,baseline,0.28,hold,0.53,0.5,0.372132,0.773121,0.994202
0,baseline,0.28,hold,0.54,0.5,0.373486,0.773322,0.994461
0,baseline,0.28,hold,0.55,0.5,0.37274,0.773352,0.9945
0,baseline,0.28,hold,0.56,0.5,0.372311,0.773733,0.99499
0,baseline,0.28,hold,0.57,0.5,0.373009,0.772896,0.993913
0,baseline,0.28,hold,0.58,0.5,0.37439,0.771857,0.992577
0,baseline,0.28,hold,0.59,0.5,0.373488,0.771309,0.991872
0,baseline,0.28,hold,0.6,0.5,0.372812,0.772391,0.993264
0,baseline,0.28,hold,0.61,0.5,0.373565,0.772829,0.993828
0,baseline,0.28,hold,0.62,0.5,0.373571,0.773152,0.994243
0,baseline,0.28,hold,0.63,0.5,0.373878,0.773975,0.9953
0,baseline,0.28,hold,0.64,0.5,0.372581,0.774363,0.995799
0,baseline,0.28,hold,0.65,0.5,0.374054,0.774048,0.995395
0,baseline,0.28,hold,0.66,0.5,0.372699,0.773356,0.994504
0,baseline,0.28,hold,0.67,0.5,0.373673,0.772631,0.993572
0,baseline,0.28,hold,0.68,0.5,0.372919,0.772607,0.993541
0,baseline,0.28,hold,0.69,0.5,0.373953,0.773038,0.994096
0,baseline,0.28,hold,0.7,0.5,0.372971,0.772363,0.993228
0,baseline,0.28,hold,0.71,0.5,0.373153,0.772091,0.992878
0,baseline,0.28,hold,0.72,0.5,0.374457,0.77265,0.993597
0,baseline,0.28,hold,0.73,0.5,0.373156,0.774035,0.995377
0,baseline,0.28,hold,0.74,0.5,0.373842,0.774132,0.995503
0,baseline,0.28,hold,0.75,0.5,0.374557,0.773746,0.995007
0,baseline,0.28,hold,0.76,0.5,0.372409,0.772193,0.99301
0,baseline,0.28,hold,0.77,0.5,0.372552,0.771967,0.992719
0,baseline,0.28,hold,0.78,0.5,0.373505,0.771668,0.992334
0,baseline,0.28,hold,0.79,0.5,0.374763,0.772563,0.993485
0,baseline,0.28,hold,0.8,0.5,0.372671,0.773494,0.994682
0,baseline,0.28,hold,0.81,0.5,0.373818,0.773042,0.994101
0,baseline,0.28,hold,0.82,0.5,0.373426,0.77357,0.99478
0,baseline,0.28,hold,0.83,0.5,0.373289,0.775128,0.996783
0,baseline,0.28,hold,0.84,0.5,0.372716,0.776157,0.998106
0,baseline,0.28,hold,0.85,0.5,0.374105,0.77519,0.996863
0,baseline,0.28,hold,0.86,0.5,0.372541,0.773735,0.994993
0,baseline,0.28,hold,0.87,0.5,0.373267,0.772754,0.993731
0,baseline,0.28,hold,0.88,0.5,0.374657,0.772672,0.993625
0,baseline,0.28,hold,0.89,0.5,0.373996,0.772403,0.99328
0,baseline,0.28,hold,0.9,0.5,0.372594,0.772804,0.993795
0,baseline,0.28,hold,0.91,0.5,0.373823,0.771622,0.992275
0,baseline,0.28,hold,0.92,0.5,0.374002,0.771452,0.992057
0,baseline,0.28,hold,0.93,0.5,0.371847,0.772627,0.993568
0,baseline,0.28,hold,0.94,0.5,0.37428,0.773356,0.994505
0,baseline,0.28,hold,0.95,0.5,0.37454,0.773741,0.995
0,baseline,0.28,hold,0.96,0.5,0.371506,0.773157,0.994249
0,baseline,0.28,hold,0.97,0.5,0.373479,0.77333,0.994471
0,baseline,0.28,hold,0.98,0.5,0.375645,0.774099,0.99546
0,baseline,0.28,hold,0.99,0.5,0.373134,0.774361,0.995797
0,baseline,0.28,hold,1,0.5,0.373302,0.773073,0.994142
0,baseline,0.28,hold,1.01,0.5,0.373795,0.772747,0.993722
0,baseline,0.28,hold,1.02,0.5,0.373325,0.771731,0.992415
0,baseline,0.28,hold,1.03,0.5,0.370503,0.77312,0.994201
0,baseline,0.28,hold,1.04,0.5,0.373536,0.774051,0.995399
0,baseline,0.28,hold,1.05,0.5,0.373033,0.774688,0.996218
0,baseline,0.28,hold,1.06,0.5,0.372625,0.773878,0.995176
0,baseline,0.28,hold,1.07,0.5,0.373189,0.773337,0.99448
0,baseline,0.28,hold,1.08,0.5,0.374586,0.773243,0.994359
0,baseline,0.28,hold,1.09,0.5,0.373056,0.772979,0.994019
0,baseline,0.28,hold,1.1,0.5,0.372938,0.773809,0.995087
0,baseline,0.28,hold,1.11,0.5,0.37336,0.773757,0.99502
0,baseline,0.28,hold,1.12,0.5,0.373984,0.772631,0.993572
0,baseline,0.28,hold,1.13,0.5,0.372749,0.772566,0.993489
0,baseline,0.28,hold,1.14,0.5,0.37275,0.773486,0.994672
0,baseline,0.28,hold,1.15,0.5,0.373684,0.773117,0.994198
0,baseline,0.28,hold,1.16,0.5,0.37236,0.772182,0.992995
0,baseline,0.28,hold,1.17,0.5,0.37174,0.772087,0.992873
0,baseline,0.28,hold,1.18,0.5,0.373819,0.772401,0.993277
0,baseline,0.28,hold,1.19,0.5,0.373293,0.772875,0.993886
0,baseline,0.28,hold,1.2,0.5,0.37269,0.773976,0.995303
0,baseline,0.28,hold,1.21,0.5,0.373513,0.774332,0.99576
0,baseline,0.28,hold,1.22,0.5,0.373467,0.774096,0.995456
0,baseline,0.28,hold,1.23,0.5,0.373418,0.773949,0.995267
0,baseline,0.28,hold,1.24,0.5,0.373206,0.773645,0.994877
0,baseline,0.28,hold,1.25,0.5,0.373528,0.773345,0.99449
0,baseline,0.28,hold,1.26,0.5,0.374364,0.771303,0.991865
0,baseline,0.28,hold,1.27,0.5,0.372994,0.770722,0.991117
0,baseline,0.28,hold,1.28,0.5,0.372902,0.771481,0.992093
0,baseline,0.28,hold,1.29,0.5,0.37426,0.771869,0.992593
0,baseline,0.28,hold,1.3,0.5,0.373651,0.774218,0.995614
0,baseline,0.28,hold,1.31,0.5,0.373389,0.775161,0.996825
0,baseline,0.28,hold,1.32,0.5,0.373585,0.775425,0.997166
0,baseline,0.28,hold,1.33,0.5,0.373077,0.774973,0.996584
0,baseline,0.28,hold,1.34,0.5,0.373977,0.774805,0.996368
0,baseline,0.28,hold,1.35,0.5,0.374663,0.774165,0.995545
0,baseline,0.28,hold,1.36,0.5,0.373624,0.772936,0.993964
0,baseline,0.28,hold,1.37,0.5,0.373163,0.772143,0.992946
0,baseline,0.28,hold,1.38,0.5,0.37403,0.771057,0.991549
0,baseline,0.28,hold,1.39,0.5,0.372485,0.771257,0.991805
0,baseline,0.28,hold,1.4,0.5,0.373739,0.772783,0.993767
0,baseline,0.28,hold,1.41,0.5,0.372257,0.77351,0.994703
0,baseline,0.28,hold,1.42,0.5,0.37388,0.774258,0.995665
0,baseline,0.28,hold,1.43,0.5,0.373198,0.773603,0.994822
0,baseline,0.28,hold,1.44,0.5,0.372363,0.772241,0.993071
0,baseline,0.28,hold,1.45,0.5,0.372654,0.772283,0.993126
0,baseline,0.28,hold,1.46,0.5,0.372419,0.77386,0.995153
0,baseline,0.28,hold,1.47,0.5,0.373503,0.774246,0.995649
0,baseline,0.28,hold,1.48,0.5,0.374121,0.77382,0.995101
0,baseline,0.28,hold,1.49,0.5,0.372646,0.77341,0.994574
0,baseline,0.28,hold,1.5,0.5,0.372804,0.773977,0.995303
0,baseline,0.28,hold,1.51,0.5,0.373225,0.774393,0.995839
0,baseline,0.28,hold,1.52,0.5,0.373654,0.773946,0.995263
0,baseline,0.28,hold,1.53,0.5,0.373394,0.772499,0.993402
0,baseline,0.28,hold,1.54,0.5,0.373778,0.771593,0.992237
0,baseline,0.28,hold,1.55,0.5,0.372965,0.772727,0.993696
0,baseline,0.28,hold,1.56,0.5,0.373302,0.773549,0.994753
0,baseline,0.28,hold,1.57,0.5,0.37369,0.773522,0.994718
0,baseline,0.28,hold,1.58,0.5,0.372284,0.773158,0.99425
0,baseline,0.28,hold,1.59,0.5,0.373877,0.773597,0.994815
0,baseline,0.28,hold,1.6,0.5,0.373506,0.774453,0.995916
0,baseline,0.28,hold,1.61,0.5,0.373169,0.773854,0.995145
0,baseline,0.28,hold,1.62,0.5,0.373986,0.772517,0.993426
0,baseline,0.28,hold,1.63,0.5,0.372924,0.772193,0.99301
0,baseline,0.28,hold,1.64,0.5,0.374194,0.772514,0.993422
0,baseline,0.28,hold,1.65,0.5,0.373628,0.773045,0.994105
0,baseline,0.28,hold,1.66,0.5,0.373483,0.774171,0.995553
0,baseline,0.28,hold,1.67,0.5,0.37395,0.773185,0.994285
0,baseline,0.28,hold,1.68,0.5,0.374817,0.773428,0.994597
0,baseline,0.28,hold,1.69,0.5,0.372811,0.773644,0.994875
0,baseline,0.28,hold,1.7,0.5,0.372772,0.773365,0.994516
0,baseline,0.28,hold,1.71,0.5,0.373399,0.773772,0.995039
0,baseline,0.28,hold,1.72,0.5,0.372688,0.773308,0.994443
0,baseline,0.28,hold,1.73,0.5,0.373085,0.773252,0.994371
0,baseline,0.28,hold,1.74,0.5,0.373079,0.772025,0.992793
0,baseline,0.28,hold,1.75,0.5,0.373863,0.77158,0.992221
0,baseline,0.28,hold,1.76,0.5,0.373544,0.771997,0.992758
0,baseline,0.28,hold,1.77,0.5,0.373445,0.772411,0.993289
0,baseline,0.28,hold,1.78,0.5,0.374542,0.773844,0.995132
0,baseline,0.28,hold,1.79,0.5,0.372568,0.774693,0.996224
0,baseline,0.28,hold,1.8,0.5,0.373367,0.774551,0.996042
0,baseline,0.28,hold,1.81,0.5,0.374182,0.774744,0.99629
0,baseline,0.28,hold,1.82,0.5,0.372231,0.77342,0.994587
0,baseline,0.28,hold,1.83,0.5,0.372264,0.772569,0.993493
0,baseline,0.28,hold,1.84,0.5,0.373505,0.772003,0.992765
0,baseline,0.28,hold,1.85,0.5,0.374037,0.773073,0.994141
0,baseline,0.28,hold,1.86,0.5,0.373071,0.772567,0.99349
0,baseline,0.28,hold,1.87,0.5,0.371826,0.773195,0.994298
0,baseline,0.28,hold,1.88,0.5,0.373781,0.773958,0.995279
0,baseline,0.28,hold,1.89,0.5,0.371244,0.774121,0.995489
0,baseline,0.28,hold,1.9,0.5,0.375024,0.773623,0.994849
0,baseline,0.28,hold,1.91,0.5,0.372968,0.774037,0.99538
0,baseline,0.28,hold,1.92,0.5,0.373911,0.77317,0.994266
0,baseline,0.28,hold,1.93,0.5,0.373134,0.771886,0.992614
0,baseline,0.28,hold,1.94,0.5,0.374195,0.771899,0.992631
0,baseline,0.28,hold,1.95,0.5,0.372174,0.772368,0.993234
0,baseline,0.28,hold,1.96,0.5,0.37362,0.771842,0.992558
0,baseline,0.28,hold,1.97,0.5,0.373384,0.771967,0.992719
0,baseline,0.28,hold,1.98,0.5,0.373693,0.773567,0.994776
0,baseline,0.28,hold,1.99,0.5,0.373578,0.775449,0.997196
0,baseline,0.28,hold,2,0.5,0.371916,0.775082,0.996725
0,baseline,0.28,hold,2.01,0.5,0.373308,0.773341,0.994486
0,baseline,0.28,hold,2.02,0.5,0.374081,0.772863,0.993871
0,baseline,0.28,hold,2.03,0.5,0.373485,0.773162,0.994256
0,baseline,0.28,hold,2.04,0.5,0.371935,0.773245,0.994362
0,baseline,0.28,hold,2.05,0.5,0.373358,0.773192,0.994294
0,baseline,0.28,hold,2.06,0.5,0.373307,0.773247,0.994365
0,baseline,0.28,hold,2.07,0.5,0.373253,0.773446,0.99462
0,baseline,0.28,hold,2.08,0.5,0.373222,0.772888,0.993904
0,baseline,0.28,hold,2.09,0.5,0.373702,0.77383,0.995114
0,baseline,0.28,hold,2.1,0.5,0.37385,0.773678,0.994919
0,baseline,0.28,hold,2.11,0.5,0.372572,0.773144,0.994233
0,baseline,0.28,hold,2.12,0.5,0.372169,0.773093,0.994166
0,baseline,0.28,hold,2.13,0.5,0.374493,0.772407,0.993285
0,baseline,0.28,hold,2.14,0.5,0.372986,0.771644,0.992303
0,baseline,0.28,hold,2.15,0.5,0.372926,0.772075,0.992857
0,baseline,0.28,hold,2.16,0.5,0.37324,0.772546,0.993463
0,baseline,0.28,hold,2.17,0.5,0.373033,0.773047,0.994108
0,baseline,0.28,hold,2.18,0.5,0.374023,0.772568,0.993491
0,baseline,0.28,hold,2.19,0.5,0.373394,0.773477,0.99466
0,baseline,0.28,hold,2.2,0.5,0.373871,0.774756,0.996305
0,baseline,0.28,hold,2.21,0.5,0.373666,0.77472,0.996259
0,baseline,0.28,hold,2.22,0.5,0.374117,0.77441,0.99586
0,baseline,0.28,hold,2.23,0.5,0.373843,0.774403,0.995852
0,baseline,0.28,hold,2.24,0.5,0.371755,0.774484,0.995955
0,baseline,0.28,hold,2.25,0.5,0.373789,0.773896,0.995199
0,baseline,0.28,hold,2.26,0.5,0.374511,0.772556,0.993476
0,baseline,0.28,hold,2.27,0.5,0.373365,0.77236,0.993224
0,baseline,0.28,hold,2.28,0.5,0.373036,0.772181,0.992993
0,baseline,0.28,hold,2.29,0.5,0.373425,0.772302,0.993149
0,baseline,0.28,hold,2.3,0.5,0.372589,0.773371,0.994525
0,baseline,0.28,hold,2.31,0.5,0.37321,0.773672,0.994911
0,baseline,0.28,hold,2.32,0.5,0.373989,0.773116,0.994197
0,baseline,0.28,hold,2.33,0.5,0.373418,0.773969,0.995293
0,baseline,0.28,hold,2.34,0.5,0.374284,0.774073,0.995427
0,baseline,0.28,hold,2.35,0.5,0.372868,0.773497,0.994687
0,baseline,0.28,hold,2.36,0.5,0.372116,0.773755,0.995018
0,baseline,0.28,hold,2.37,0.5,0.372757,0.773742,0.995002
0,baseline,0.28,hold,2.38,0.5,0.373044,0.773719,0.994972
0,baseline,0.28,hold,2.39,0.5,0.373327,0.773971,0.995296
1,incompressible,0.47,drag,0,0,0,0.777629,1
1,incompressible,0.47,drag,0.01,0.00209205,0,0.777629,1
1,incompressible,0.47,drag,0.02,0.0041841,0.00127746,0.777743,1.00015
1,incompressible,0.47,drag,0.03,0.00627615,0.00502215,0.77775,1.00016
1,incompressible,0.47,drag,0.04,0.0083682,0.00958904,0.777746,1.00015
1,incompressible,0.47,drag,0.05,0.0104603,0.0120782,0.777735,1.00014
1,incompressible,0.47,drag,0.06,0.0125523,0.0116884,0.777569,0.999922
1,incompressible,0.47,drag,0.07,0.0146444,0.0117811,0.777453,0.999773
1,incompressible,0.47,drag,0.08,0.0167364,0.0110391,0.777389,0.999692
1,incompressible,0.47,drag,0.09,0.0188285,0.0187077,0.777296,0.999572
1,incompressible,0.47,drag,0.1,0.0209205,0.0232281,0.776837,0.998981
1,incompressible,0.47,drag,0.11,0.0230126,0.0237203,0.777038,0.99924
1,incompressible,0.47,drag,0.12,0.0251046,0.0208264,0.776959,0.999138
1,incompressible,0.47,drag,0.13,0.0271967,0.0188888,0.776608,0.998687
1,incompressible,0.47,drag,0.14,0.0292887,0.0270055,0.776287,0.998274
1,incompressible,0.47,drag,0.15,0.0313808,0.0348422,0.776226,0.998196
1,incompressible,0.47,drag,0.16,0.0334728,0.0352744,0.775706,0.997527
1,incompressible,0.47,drag,0.17,0.0355649,0.0290776,0.775385,0.997114
1,incompressible,0.47,drag,0.18,0.0376569,0.0302392,0.774687,0.996216
1,incompressible,0.47,drag,0.19,0.039749,0.0350561,0.774755,0.996304
1,incompressible,0.47,drag,0.2,0.041841,0.0437475,0.774438,0.995897
1,incompressible,0.47,drag,0.21,0.0439331,0.0454657,0.774462,0.995927
1,incompressible,0.47,drag,0.22,0.0460251,0.0475618,0.774019,0.995358
1,incompressible,0.47,drag,0.23,0.0481172,0.0422118,0.774448,0.995909
1,incompressible,0.47,drag,0.24,0.0502092,0.0400428,0.773894,0.995197
1,incompressible,0.47,drag,0.25,0.0523013,0.0460943,0.774169,0.99555
1,incompressible,0.47,drag,0.26,0.0543933,0.0580409,0.773778,0.995047
1,incompressible,0.47,drag,0.27,0.0564854,0.0627701,0.77379,0.995063
1,incompressible,0.47,drag,0.28,0.0585774,0.0563251,0.773893,0.995196
1,incompressible,0.47,drag,0.29,0.0606695,0.0444163,0.774138,0.99551
1,incompressible,0.47,drag,0.3,0.0627615,0.0511626,0.773518,0.994714
1,incompressible,0.47,drag,0.31,0.0648536,0.0718555,0.773099,0.994174
1,incompressible,0.47,drag,0.32,0.0669456,0.0786184,0.773473,0.994655
1,incompressible,0.47,drag,0.33,0.0690377,0.0636799,0.773953,0.995273
1,incompressible,0.47,drag,0.34,0.0711297,0.0537862,0.773509,0.994702
1,incompressible,0.47,drag,0.35,0.0732218,0.0580508,0.773074,0.994143
1,incompressible,0.47,drag,0.36,0.0753138,0.079783,0.773602,0.994821
1,incompressible,0.47,drag,0.37,0.0774059,0.0918048,0.773346,0.994493
1,incompressible,0.47,drag,0.38,0.0794979,0.081468,0.773053,0.994115
1,incompressible,0.47,drag,0.39,0.08159,0.0635253,0.772951,0.993985
1,incompressible,0.47,drag,0.4,0.083682,0.0666561,0.773004,0.994052
1,incompressible,0.47,drag,0.41,0.0857741,0.0832558,0.773103,0.99418
1,incompressible,0.47,drag,0.42,0.0878661,0.100455,0.77314,0.994227
1,incompressible,0.47,drag,0.43,0.0899582,0.0927737,0.772925,0.99395
1,incompressible,0.47,drag,0.44,0.0920502,0.0750326,0.772575,0.993501
1,incompressible,0.47,drag,0.45,0.0941423,0.0782987,0.772391,0.993264
1,incompressible,0.47,drag,0.46,0.0962343,0.0919734,0.772744,0.993718
1,incompressible,0.47,drag,0.47,0.0983264,0.108141,0.77257,0.993494
1,incompressible,0.47,drag,0.48,0.100418,0.0978895,0.772377,0.993245
1,incompressible,0.47,drag,0.49,0.10251,0.0849719,0.77231,0.99316
1,incompressible,0.47,drag,0.5,0.104603,0.0988221,0.771987,0.992744
1,incompressible,0.47,drag,0.51,0.106695,0.103769,0.772308,0.993157
1,incompressible,0.47,drag,0.52,0.108787,0.107182,0.772232,0.99306
1,incompressible,0.47,drag,0.53,0.110879,0.104497,0.772203,0.993022
1,incompressible,0.47,drag,0.54,0.112971,0.107466,0.771812,0.99252
1,incompressible,0.47,drag,0.55,0.115063,0.117358,0.772052,0.992828
1,incompressible,0.47,drag,0.56,0.117155,0.113916,0.771728,0.992411
1,incompressible,0.47,drag,0.57,0.119247,0.108406,0.771383,0.991968
1,incompressible,0.47,drag,0.58,0.121339,0.108184,0.77152,0.992144
1,incompressible,0.47,drag,0.59,0.123431,0.12763,0.771693,0.992367
1,incompressible,0.47,drag,0.6,0.125523,0.133432,0.771234,0.991776
1,incompressible,0.47,drag,0.61,0.127615,0.121418,0.771127,0.991638
1,incompressible,0.47,drag,0.62,0.129707,0.117403,0.770781,0.991193
1,incompressible,0.47,drag,0.63,0.131799,0.122515,0.771111,0.991618
1,incompressible,0.47,drag,0.64,0.133891,0.124849,0.770841,0.991271
1,incompressible,0.47,drag,0.65,0.135983,0.142977,0.770575,0.990929
1,incompressible,0.47,drag,0.66,0.138075,0.147232,0.770331,0.990615
1,incompressible,0.47,drag,0.67,0.140167,0.130604,0.770388,0.990688
1,incompressible,0.47,drag,0.68,0.142259,0.104679,0.770435,0.990748
1,incompressible,0.47,drag,0.69,0.144351,0.123789,0.77059,0.990948
1,incompressible,0.47,drag,0.7,0.146444,0.159557,0.770049,0.990252
1,incompressible,0.47,drag,0.71,0.148536,0.156031,0.770173,0.990411
1,incompressible,0.47,drag,0.72,0.150628,0.13199,0.770486,0.990814
1,incompressible,0.47,drag,0.73,0.15272,0.118219,0.76986,0.990009
1,incompressible,0.47,drag,0.74,0.154812,0.13518,0.770001,0.99019
1,incompressible,0.47,drag,0.75,0.156904,0.167471,0.769787,0.989916
1,incompressible,0.47,drag,0.76,0.158996,0.169149,0.769697,0.9898
1,incompressible,0.47,drag,0.77,0.161088,0.144506,0.769605,0.989681
1,incompressible,0.47,drag,0.78,0.16318,0.120467,0.769435,0.989462
1,incompressible,0.47,drag,0.79,0.165272,0.140043,0.769545,0.989604
1,incompressible,0.47,drag,0.8,0.167364,0.17634,0.769471,0.989509
1,incompressible,0.47,drag,0.81,0.169456,0.172106,0.769229,0.989198
1,incompressible,0.47,drag,0.82,0.171548,0.153848,0.769765,0.989887
1,incompressible,0.47,drag,0.83,0.17364,0.133258,0.769305,0.989295
1,incompressible,0.47,drag,0.84,0.175732,0.155113,0.768909,0.988787
1,incompressible,0.47,drag,0.85,0.177824,0.175054,0.769017,0.988925
1,incompressible,0.47,drag,0.86,0.179916,0.172958,0.769163,0.989113
1,incompressible,0.47,drag,0.87,0.182008,0.160436,0.769368,0.989377
1,incompressible,0.47,drag,0.88,0.1841,0.157648,0.76891,0.988787
1,incompressible,0.47,drag,0.89,0.186192,0.153379,0.76882,0.988672
1,incompressible,0.47,drag,0.9,0.188285,0.176371,0.768811,0.98866
1,incompressible,0.47,drag,0.91,0.190377,0.177753,0.7692,0.989161
1,incompressible,0.47,drag,0.92,0.192469,0.172995,0.769048,0.988965
1,incompressible,0.47,drag,0.93,0.194561,0.164265,0.76893,0.988813
1,incompressible,0.47,drag,0.94,0.196653,0.163071,0.768624,0.98842
1,incompressible,0.47,drag,0.95,0.198745,0.18033,0.768955,0.988845
1,incompressible,0.47,drag,0.96,0.200837,0.187257,0.768822,0.988675
1,incompressible,0.47,drag,0.97,0.202929,0.186285,0.768612,0.988405
1,incompressible,0.47,drag,0.98,0.205021,0.175004,0.768716,0.988538
1,incompressible,0.47,drag,0.99,0.207113,0.163771,0.768776,0.988616
1,incompressible,0.47,drag,1,0.209205,0.181608,0.768614,0.988407
1,incompressible,0.47,drag,1.01,0.211297,0.194041,0.76881,0.988658
1,incompressible,0.47,drag,1.02,0.213389,0.18414,0.768414,0.988149
1,incompressible,0.47,drag,1.03,0.215481,0.170501,0.768574,0.988356
1,incompressible,0.47,drag,1.04,0.217573,0.156859,0.76883,0.988684
1,incompressible,0.47,drag,1.05,0.219665,0.195184,0.768641,0.988442
1,incompressible,0.47,drag,1.06,0.221757,0.189997,0.768786,0.988628
1,incompressible,0.47,drag,1.07,0.223849,0.190366,0.768374,0.988099
1,incompressible,0.47,drag,1.08,0.225941,0.175989,0.768666,0.988474
1,incompressible,0.47,drag,1.09,0.228033,0.183098,0.768588,0.988373
1,incompressible,0.47,drag,1.1,0.230126,0.196758,0.768492,0.988251
1,incompressible,0.47,drag,1.11,0.232218,0.192844,0.768599,0.988387
1,incompressible,0.47,drag,1.12,0.23431,0.196418,0.768557,0.988334
1,incompressible,0.47,drag,1.13,0.236402,0.182468,0.768023,0.987647
1,incompressible,0.47,drag,1.14,0.238494,0.187698,0.768574,0.988355
1,incompressible,0.47,drag,1.15,0.240586,0.198039,0.768606,0.988396
1,incompressible,0.47,drag,1.16,0.242678,0.20164,0.768208,0.987885
1,incompressible,0.47,drag,1.17,0.24477,0.191243,0.768225,0.987906
1,incompressible,0.47,drag,1.18,0.246862,0.189441,0.768342,0.988058
1,incompressible,0.47,drag,1.19,0.248954,0.198167,0.768417,0.988153
1,incompressible,0.47,drag,1.2,0.251046,0.201644,0.768412,0.988147
1,incompressible,0.47,drag,1.21,0.253138,0.202182,0.768137,0.987793
1,incompressible,0.47,drag,1.22,0.25523,0.197436,0.768463,0.988213
1,incompressible,0.47,drag,1.23,0.257322,0.194676,0.768029,0.987655
1,incompressible,0.47,drag,1.24,0.259414,0.203272,0.768266,0.987959
1,incompressible,0.47,drag,1.25,0.261506,0.204565,0.768009,0.987628
1,incompressible,0.47,drag,1.26,0.263598,0.203865,0.768057,0.98769
1,incompressible,0.47,drag,1.27,0.26569,0.199093,0.768174,0.987842
1,incompressible,0.47,drag,1.28,0.267782,0.201732,0.768421,0.988159
1,incompressible,0.47,drag,1.29,0.269874,0.206719,0.767952,0.987556
1,incompressible,0.47,drag,1.3,0.271967,0.208075,0.767995,0.987611
1,incompressible,0.47,drag,1.31,0.274059,0.203441,0.768237,0.987922
1,incompressible,0.47,drag,1.32,0.276151,0.202495,0.768344,0.988059
1,incompressible,0.47,drag,1.33,0.278243,0.207179,0.768154,0.987815
1,incompressible,0.47,drag,1.34,0.280335,0.209264,0.767991,0.987606
1,incompressible,0.47,drag,1.35,0.282427,0.2098,0.767796,0.987355
1,incompressible,0.47,drag,1.36,0.284519,0.205502,0.768028,0.987653
1,incompressible,0.47,drag,1.37,0.286611,0.207947,0.768274,0.987969
1,incompressible,0.47,drag,1.38,0.288703,0.21285,0.767894,0.987481
1,incompressible,0.47,drag,1.39,0.290795,0.212743,0.767793,0.987351
1,incompressible,0.47,drag,1.4,0.292887,0.208626,0.768285,0.987984
1,incompressible,0.47,drag,1.41,0.294979,0.210026,0.768308,0.988014
1,incompressible,0.47,drag,1.42,0.297071,0.214385,0.767914,0.987507
1,incompressible,0.47,drag,1.43,0.299163,0.216146,0.767841,0.987413
1,incompressible,0.47,drag,1.44,0.301255,0.21355,0.767988,0.987602
1,incompressible,0.47,drag,1.45,0.303347,0.213423,0.768043,0.987673
1,incompressible,0.47,drag,1.46,0.305439,0.215155,0.768154,0.987815
1,incompressible,0.47,drag,1.47,0.307531,0.216633,0.767685,0.987212
1,incompressible,0.47,drag,1.48,0.309623,0.21777,0.76805,0.987681
1,incompressible,0.47,drag,1.49,0.311715,0.21539,0.767828,0.987397
1,incompressible,0.47,drag,1.5,0.313808,0.216565,0.767858,0.987434
1,incompressible,0.47,drag,1.51,0.3159,0.220406,0.767788,0.987345
1,incompressible,0.47,drag,1.52,0.317992,0.219704,0.767555,0.987046
1,incompressible,0.47,drag,1.53,0.320084,0.219138,0.767837,0.987408
1,incompressible,0.47,drag,1.54,0.322176,0.219262,0.767571,0.987065
1,incompressible,0.47,drag,1.55,0.324268,0.221052,0.767654,0.987173
1,incompressible,0.47,drag,1.56,0.32636,0.223302,0.767693,0.987223
1,incompressible,0.47,drag,1.57,0.328452,0.221599,0.767929,0.987526
1,incompressible,0.47,drag,1.58,0.330544,0.220965,0.767767,0.987318
1,incompressible,0.47,drag,1.59,0.332636,0.223483,0.767679,0.987205
1,incompressible,0.47,drag,1.6,0.334728,0.225212,0.7677,0.987231
1,incompressible,0.47,drag,1.61,0.33682,0.223555,0.767804,0.987365
1,incompressible,0.47,drag,1.62,0.338912,0.22402,0.767811,0.987374
1,incompressible,0.47,drag,1.63,0.341004,0.225508,0.767556,0.987046
1,incompressible,0.47,drag,1.64,0.343096,0.225461,0.767339,0.986767
1,incompressible,0.47,drag,1.65,0.345188,0.226669,0.767604,0.987109
1,incompressible,0.47,drag,1.66,0.34728,0.227136,0.767648,0.987165
1,incompressible,0.47,drag,1.67,0.349372,0.226422,0.767516,0.986995
1,incompressible,0.47,drag,1.68,0.351464,0.228643,0.767417,0.986867
1,incompressible,0.47,drag,1.69,0.353556,0.22895,0.767418,0.986869
1,incompressible,0.47,drag,1.7,0.355649,0.228515,0.767526,0.987008
1,incompressible,0.47,drag,1.71,0.357741,0.229672,0.767608,0.987113
1,incompressible,0.47,drag,1.72,0.359833,0.230523,0.767475,0.986942
1,incompressible,0.47,drag,1.73,0.361925,0.230879,0.767499,0.986973
1,incompressible,0.47,drag,1.74,0.364017,0.231809,0.767472,0.986939
1,incompressible,0.47,drag,1.75,0.366109,0.231019,0.767143,0.986515
1,incompressible,0.47,drag,1.76,0.368201,0.233318,0.767397,0.986841
1,incompressible,0.47,drag,1.77,0.370293,0.233241,0.767292,0.986707
1,incompressible,0.47,drag,1.78,0.372385,0.233453,0.767482,0.986951
1,incompressible,0.47,drag,1.79,0.374477,0.234705,0.767329,0.986755
1,incompressible,0.47,drag,1.8,0.376569,0.23478,0.767047,0.986392
1,incompressible,0.47,drag,1.81,0.378661,0.235635,0.767203,0.986592
1,incompressible,0.47,drag,1.82,0.380753,0.236589,0.767061,0.98641
1,incompressible,0.47,drag,1.83,0.382845,0.236717,0.767323,0.986747
1,incompressible,0.47,drag,1.84,0.384937,0.237045,0.767132,0.986501
1,incompressible,0.47,drag,1.85,0.387029,0.237877,0.766938,0.986251
1,incompressible,0.47,drag,1.86,0.389121,0.237521,0.767054,0.986401
1,incompressible,0.47,drag,1.87,0.391213,0.239436,0.767152,0.986527
1,incompressible,0.47,drag,1.88,0.393305,0.2393,0.767108,0.98647
1,incompressible,0.47,drag,1.89,0.395397,0.240166,0.767376,0.986814
1,incompressible,0.47,drag,1.9,0.39749,0.240332,0.766998,0.986328
1,incompressible,0.47,drag,1.91,0.399582,0.241112,0.766782,0.986051
1,incompressible,0.47,drag,1.92,0.401674,0.242126,0.767005,0.986338
1,incompressible,0.47,drag,1.93,0.403766,0.242814,0.767176,0.986558
1,incompressible,0.47,drag,1.94,0.405858,0.242437,0.766853,0.986142
1,incompressible,0.47,drag,1.95,0.40795,0.243798,0.766883,0.986181
1,incompressible,0.47,drag,1.96,0.410042,0.243884,0.766799,0.986073
1,incompressible,0.47,drag,1.97,0.412134,0.24494,0.766857,0.986147
1,incompressible,0.47,drag,1.98,0.414226,0.245662,0.766684,0.985924
1,incompressible,0.47,drag,1.99,0.416318,0.246046,0.766907,0.986212
1,incompressible,0.47,drag,2,0.41841,0.246555,0.766532,0.985729
1,incompressible,0.47,drag,2.01,0.420502,0.247115,0.766768,0.986033
1,incompressible,0.47,drag,2.02,0.422594,0.247221,0.76663,0.985855
1,incompressible,0.47,drag,2.03,0.424686,0.248455,0.76675,0.986009
1,incompressible,0.47,drag,2.04,0.426778,0.248784,0.766569,0.985777
1,incompressible,0.47,drag,2.05,0.42887,0.249245,0.766695,0.98594
1,incompressible,0.47,drag,2.06,0.430962,0.249834,0.766717,0.985968
1,incompressible,0.47,drag,2.07,0.433054,0.250465,0.766541,0.985741
1,incompressible,0.47,drag,2.08,0.435146,0.251726,0.766584,0.985796
1,incompressible,0.47,drag,2.09,0.437238,0.251187,0.766558,0.985763
1,incompressible,0.47,drag,2.1,0.439331,0.252869,0.76675,0.98601
1,incompressible,0.47,drag,2.11,0.441423,0.253122,0.766642,0.985871
1,incompressible,0.47,drag,2.12,0.443515,0.253395,0.76649,0.985676
1,incompressible,0.47,drag,2.13,0.445607,0.25422,0.766437,0.985607
1,incompressible,0.47,drag,2.14,0.447699,0.254837,0.766395,0.985553
1,incompressible,0.47,drag,2.15,0.449791,0.255591,0.766483,0.985667
1,incompressible,0.47,drag,2.16,0.451883,0.255953,0.766376,0.985529
1,incompressible,0.47,drag,2.17,0.453975,0.256604,0.766313,0.985448
1,incompressible,0.47,drag,2.18,0.456067,0.257377,0.766092,0.985164
1,incompressible,0.47,drag,2.19,0.458159,0.258367,0.766319,0.985456
1,incompressible,0.47,drag,2.2,0.460251,0.258758,0.76633,0.985469
1,incompressible,0.47,drag,2.21,0.462343,0.258723,0.766217,0.985324
1,incompressible,0.47,drag,2.22,0.464435,0.259019,0.766455,0.98563
1,incompressible,0.47,drag,2.23,0.466527,0.260902,0.76615,0.985238
1,incompressible,0.47,drag,2.24,0.468619,0.26052,0.766078,0.985146
1,incompressible,0.47,drag,2.25,0.470711,0.261463,0.766037,0.985093
1,incompressible,0.47,drag,2.26,0.472803,0.262235,0.766102,0.985177
1,incompressible,0.47,drag,2.27,0.474895,0.262195,0.766084,0.985153
1,incompressible,0.47,drag,2.28,0.476987,0.264017,0.766038,0.985094
1,incompressible,0.47,drag,2.29,0.479079,0.263868,0.765823,0.984818
1,incompressible,0.47,drag,2.3,0.481172,0.264503,0.765689,0.984646
1,incompressible,0.47,drag,2.31,0.483264,0.266053,0.765948,0.984978
1,incompressible,0.47,drag,2.32,0.485356,0.266093,0.766072,0.985138
1,incompressible,0.47,drag,2.33,0.487448,0.266623,0.765849,0.984851
1,incompressible,0.47,drag,2.34,0.48954,0.266825,0.765699,0.984658
1,incompressible,0.47,drag,2.35,0.491632,0.268476,0.76581,0.984801
1,incompressible,0.47,drag,2.36,0.493724,0.268968,0.76563,0.98457
1,incompressible,0.47,drag,2.37,0.495816,0.268593,0.7655,0.984403
1,incompressible,0.47,drag,2.38,0.497908,0.270274,0.765665,0.984614
1,incompressible,0.47,drag,2.39,0.5,0.26996,0.765658,0.984605
1,incompressible,0.47,hold,0,0.5,0.271142,0.765625,0.984564
1,incompressible,0.47,hold,0.01,0.5,0.270666,0.765759,0.984736
1,incompressible,0.47,hold,0.02,0.5,0.270536,0.765607,0.98454
1,incompressible,0.47,hold,0.03,0.5,0.271011,0.765743,0.984714
1,incompressible,0.47,hold,0.04,0.5,0.270451,0.765715,0.984679
1,incompressible,0.47,hold,0.05,0.5,0.27065,0.765475,0.98437
1,incompressible,0.47,hold,0.06,0.5,0.270858,0.76592,0.984942
1,incompressible,0.47,hold,0.07,0.5,0.270562,0.765869,0.984877
1,incompressible,0.47,hold,0.08,0.5,0.270405,0.765727,0.984694
1,incompressible,0.47,hold,0.09,0.5,0.271106,0.765454,0.984343
1,incompressible,0.47,hold,0.1,0.5,0.27053,0.765895,0.98491
1,incompressible,0.47,hold,0.11,0.5,0.270588,0.765552,0.984469
1,incompressible,0.47,hold,0.12,0.5,0.270302,0.765574,0.984498
1,incompressible,0.47,hold,0.13,0.5,0.271045,0.765673,0.984625
1,incompressible,0.47,hold,0.14,0.5,0.270476,0.765629,0.984569
1,incompressible,0.47,hold,0.15,0.5,0.270678,0.765569,0.984491
1,incompressible,0.47,hold,0.16,0.5,0.270777,0.765822,0.984816
1,incompressible,0.47,hold,0.17,0.5,0.270641,0.765625,0.984563
1,incompressible,0.47,hold,0.18,0.5,0.270509,0.765609,0.984543
1,incompressible,0.47,hold,0.19,0.5,0.270627,0.76564,0.984583
1,incompressible,0.47,hold,0.2,0.5,0.270913,0.765848,0.984849
1,incompressible,0.47,hold,0.21,0.5,0.27034,0.765698,0.984657
1,incompressible,0.47,hold,0.22,0.5,0.270884,0.76555,0.984467
1,incompressible,0.47,hold,0.23,0.5,0.270613,0.765708,0.98467
1,incompressible,0.47,hold,0.24,0.5,0.270978,0.765715,0.984679
1,incompressible,0.47,hold,0.25,0.5,0.27021,0.765717,0.984681
1,incompressible,0.47,hold,0.26,0.5,0.270793,0.765257,0.98409
1,incompressible,0.47,hold,0.27,0.5,0.271056,0.765792,0.984777
1,incompressible,0.47,hold,0.28,0.5,0.270754,0.765659,0.984607
1,incompressible,0.47,hold,0.29,0.5,0.270302,0.765625,0.984563
1,incompressible,0.47,hold,0.3,0.5,0.271113,0.765645,0.984589
1,incompressible,0.47,hold,0.31,0.5,0.270892,0.765794,0.98478
1,incompressible,0.47,hold,0.32,0.5,0.270386,0.765724,0.98469
1,incompressible,0.47,hold,0.33,0.5,0.270952,0.765987,0.985029
1,incompressible,0.47,hold,0.34,0.5,0.270584,0.765516,0.984423
1,incompressible,0.47,hold,0.35,0.5,0.270199,0.76586,0.984865
1,incompressible,0.47,hold,0.36,0.5,0.271309,0.765628,0.984567
1,incompressible,0.47,hold,0.37,0.5,0.270172,0.765798,0.984785
1,incompressible,0.47,hold,0.38,0.5,0.270674,0.765668,0.984619
1,incompressible,0.47,hold,0.39,0.5,0.271024,0.765555,0.984473
1,incompressible,0.47,hold,0.4,0.5,0.270558,0.765467,0.98436
1,incompressible,0.47,hold,0.41,0.5,0.270842,0.765638,0.98458
1,incompressible,0.47,hold,0.42,0.5,0.270678,0.765714,0.984678
1,incompressible,0.47,hold,0.43,0.5,0.27058,0.765494,0.984395
1,incompressible,0.47,hold,0.44,0.5,0.270216,0.765815,0.984807
1,incompressible,0.47,hold,0.45,0.5,0.270878,0.76559,0.984518
1,incompressible,0.47,hold,0.46,0.5,0.270621,0.765733,0.984701
1,incompressible,0.47,hold,0.47,0.5,0.270859,0.765581,0.984507
1,incompressible,0.47,hold,0.48,0.5,0.270626,0.765596,0.984525
1,incompressible,0.47,hold,0.49,0.5,0.270258,0.765442,0.984328
1,incompressible,0.47,hold,0.5,0.5,0.270444,0.765736,0.984706
1,incompressible,0.47,hold,0.51,0.5,0.270718,0.765811,0.984803
1,incompressible,0.47,hold,0.52,0.5,0.270364,0.765454,0.984343
1,incompressible,0.47,hold,0.53,0.5,0.270305,0.765663,0.984612
1,incompressible,0.47,hold,0.54,0.5,0.270895,0.765895,0.98491
1,incompressible,0.47,hold,0.55,0.5,0.270868,0.765795,0.984782
1,incompressible,0.47,hold,0.56,0.5,0.270489,0.765467,0.98436
1,incompressible,0.47,hold,0.57,0.5,0.270792,0.765574,0.984498
1,incompressible,0.47,hold,0.58,0.5,0.270748,0.765728,0.984696
1,incompressible,0.47,hold,0.59,0.5,0.271283,0.765965,0.985
1,incompressible,0.47,hold,0.6,0.5,0.270532,0.765628,0.984568
1,incompressible,0.47,hold,0.61,0.5,0.271069,0.765657,0.984605
1,incompressible,0.47,hold,0.62,0.5,0.270811,0.765643,0.984586
1,incompressible,0.47,hold,0.63,0.5,0.27072,0.765446,0.984333
1,incompressible,0.47,hold,0.64,0.5,0.270998,0.765825,0.984821
1,incompressible,0.47,hold,0.65,0.5,0.270405,0.765683,0.984637
1,incompressible,0.47,hold,0.66,0.5,0.270723,0.765711,0.984674
1,incompressible,0.47,hold,0.67,0.5,0.270918,0.765669,0.98462
1,incompressible,0.47,hold,0.68,0.5,0.270335,0.765973,0.985011
1,incompressible,0.47,hold,0.69,0.5,0.271029,0.765915,0.984936
1,incompressible,0.47,hold,0.7,0.5,0.270063,0.765806,0.984796
1,incompressible,0.47,hold,0.71,0.5,0.271193,0.765628,0.984567
1,incompressible,0.47,hold,0.72,0.5,0.270921,0.765792,0.984777
1,incompressible,0.47,hold,0.73,0.5,0.270062,0.765501,0.984403
1,incompressible,0.47,hold,0.74,0.5,0.270658,0.765664,0.984613
1,incompressible,0.47,hold,0.75,0.5,0.270739,0.765724,0.98469
1,incompressible,0.47,hold,0.76,0.5,0.271198,0.765772,0.984752
1,incompressible,0.47,hold,0.77,0.5,0.269894,0.76588,0.984891
1,incompressible,0.47,hold,0.78,0.5,0.270658,0.765586,0.984513
1,incompressible,0.47,hold,0.79,0.5,0.271214,0.765702,0.984663
1,incompressible,0.47,hold,0.8,0.5,0.270324,0.765727,0.984694
1,incompressible,0.47,hold,0.81,0.5,0.270873,0.765817,0.98481
1,incompressible,0.47,hold,0.82,0.5,0.269935,0.765655,0.984602
1,incompressible,0.47,hold,0.83,0.5,0.270925,0.765688,0.984645
1,incompressible,0.47,hold,0.84,0.5,0.270441,0.765762,0.98474
1,incompressible,0.47,hold,0.85,0.5,0.270356,0.765696,0.984655
1,incompressible,0.47,hold,0.86,0.5,0.270942,0.765699,0.984658
1,incompressible,0.47,hold,0.87,0.5,0.270677,0.765632,0.984573
1,incompressible,0.47,hold,0.88,0.5,0.271034,0.765842,0.984842
1,incompressible,0.47,hold,0.89,0.5,0.271036,0.765797,0.984784
1,incompressible,0.47,hold,0.9,0.5,0.27051,0.765555,0.984473
1,incompressible,0.47,hold,0.91,0.5,0.270923,0.765748,0.984722
1,incompressible,0.47,hold,0.92,0.5,0.270239,0.765704,0.984665
1,incompressible,0.47,hold,0.93,0.5,0.270996,0.765848,0.98485
1,incompressible,0.47,hold,0.94,0.5,0.270315,0.765706,0.984668
1,incompressible,0.47,hold,0.95,0.5,0.270939,0.765442,0.984328
1,incompressible,0.47,hold,0.96,0.5,0.271117,0.765576,0.984501
1,incompressible,0.47,hold,0.97,0.5,0.270857,0.765704,0.984665
1,incompressible,0.47,hold,0.98,0.5,0.270495,0.765622,0.984559
1,incompressible,0.47,hold,0.99,0.5,0.270727,0.76584,0.98484
1,incompressible,0.47,hold,1,0.5,0.270872,0.765755,0.984731
1,incompressible,0.47,hold,1.01,0.5,0.270619,0.765558,0.984477
1,incompressible,0.47,hold,1.02,0.5,0.270914,0.765589,0.984517
1,incompressible,0.47,hold,1.03,0.5,0.270355,0.76565,0.984596
1,incompressible,0.47,hold,1.04,0.5,0.270419,0.76595,0.984981
1,incompressible,0.47,hold,1.05,0.5,0.270688,0.765654,0.9846
1,incompressible,0.47,hold,1.06,0.5,0.270419,0.765584,0.98451
1,incompressible,0.47,hold,1.07,0.5,0.270588,0.765845,0.984846
1,incompressible,0.47,hold,1.08,0.5,0.270859,0.765758,0.984734
1,incompressible,0.47,hold,1.09,0.5,0.270176,0.765528,0.984439
1,incompressible,0.47,hold,1.1,0.5,0.270947,0.765594,0.984523
1,incompressible,0.47,hold,1.11,0.5,0.270424,0.76565,0.984596
1,incompressible,0.47,hold,1.12,0.5,0.270738,0.765752,0.984727
1,incompressible,0.47,hold,1.13,0.5,0.270598,0.765618,0.984554
1,incompressible,0.47,hold,1.14,0.5,0.270126,0.765685,0.984641
1,incompressible,0.47,hold,1.15,0.5,0.271041,0.76569,0.984647
1,incompressible,0.47,hold,1.16,0.5,0.271014,0.765462,0.984353
1,incompressible,0.47,hold,1.17,0.5,0.2702,0.765495,0.984397
1,incompressible,0.47,hold,1.18,0.5,0.270311,0.765723,0.984689
1,incompressible,0.47,hold,1.19,0.5,0.271147,0.765508,0.984413
1,incompressible,0.47,hold,1.2,0.5,0.270782,0.765981,0.985021
1,incompressible,0.47,hold,1.21,0.5,0.270672,0.765692,0.984649
1,incompressible,0.47,hold,1.22,0.5,0.270489,0.765679,0.984633
1,incompressible,0.47,hold,1.23,0.5,0.2706,0.765531,0.984442
1,incompressible,0.47,hold,1.24,0.5,0.270756,0.765531,0.984443
1,incompressible,0.47,hold,1.25,0.5,0.270617,0.765506,0.98441
1,incompressible,0.47,hold,1.26,0.5,0.270753,0.765756,0.984732
1,incompressible,0.47,hold,1.27,0.5,0.270231,0.765898,0.984915
1,incompressible,0.47,hold,1.28,0.5,0.270685,0.765519,0.984427
1,incompressible,0.47,hold,1.29,0.5,0.270483,0.76567,0.984622
1,incompressible,0.47,hold,1.3,0.5,0.271218,0.765762,0.984739
1,incompressible,0.47,hold,1.31,0.5,0.270818,0.765921,0.984943
1,incompressible,0.47,hold,1.32,0.5,0.270549,0.765571,0.984493
1,incompressible,0.47,hold,1.33,0.5,0.270868,0.765735,0.984704
1,incompressible,0.47,hold,1.34,0.5,0.270414,0.765662,0.98461
1,incompressible,0.47,hold,1.35,0.5,0.271008,0.765806,0.984795
1,incompressible,0.47,hold,1.36,0.5,0.270213,0.765584,0.98451
1,incompressible,0.47,hold,1.37,0.5,0.270765,0.76575,0.984723
1,incompressible,0.47,hold,1.38,0.5,0.271213,0.765783,0.984766
1,incompressible,0.47,hold,1.39,0.5,0.270438,0.76564,0.984583
1,incompressible,0.47,hold,1.4,0.5,0.270604,0.765796,0.984783
1,incompressible,0.47,hold,1.41,0.5,0.270468,0.765706,0.984668
1,incompressible,0.47,hold,1.42,0.5,0.270511,0.76577,0.98475
1,incompressible,0.47,hold,1.43,0.5,0.271205,0.765744,0.984716
1,incompressible,0.47,hold,1.44,0.5,0.269876,0.76564,0.984582
1,incompressible,0.47,hold,1.45,0.5,0.271064,0.765864,0.984871
1,incompressible,0.47,hold,1.46,0.5,0.270714,0.765538,0.984452
1,incompressible,0.47,hold,1.47,0.5,0.270702,0.765752,0.984726
1,incompressible,0.47,hold,1.48,0.5,0.27097,0.765791,0.984776
1,incompressible,0.47,hold,1.49,0.5,0.270021,0.765465,0.984357
1,incompressible,0.47,hold,1.5,0.5,0.270743,0.765762,0.984739
1,incompressible,0.47,hold,1.51,0.5,0.271308,0.765423,0.984303
1,incompressible,0.47,hold,1.52,0.5,0.270042,0.76568,0.984634
1,incompressible,0.47,hold,1.53,0.5,0.271016,0.765341,0.984198
1,incompressible,0.47,hold,1.54,0.5,0.270637,0.765769,0.984748
1,incompressible,0.47,hold,1.55,0.5,0.270951,0.765503,0.984406
1,incompressible,0.47,hold,1.56,0.5,0.270815,0.765737,0.984707
1,incompressible,0.47,hold,1.57,0.5,0.270801,0.765619,0.984555
1,incompressible,0.47,hold,1.58,0.5,0.270554,0.765644,0.984588
1,incompressible,0.47,hold,1.59,0.5,0.270291,0.765583,0.984509
1,incompressible,0.47,hold,1.6,0.5,0.271315,0.765637,0.984578
1,incompressible,0.47,hold,1.61,0.5,0.270968,0.765888,0.984902
1,incompressible,0.47,hold,1.62,0.5,0.270343,0.765548,0.984464
1,incompressible,0.47,hold,1.63,0.5,0.270845,0.765959,0.984993
1,incompressible,0.47,hold,1.64,0.5,0.270824,0.765827,0.984823
1,incompressible,0.47,hold,1.65,0.5,0.270891,0.765364,0.984227
1,incompressible,0.47,hold,1.66,0.5,0.27019,0.765772,0.984752
1,incompressible,0.47,hold,1.67,0.5,0.270636,0.765668,0.984618
1,incompressible,0.47,hold,1.68,0.5,0.270608,0.765603,0.984535
1,incompressible,0.47,hold,1.69,0.5,0.270693,0.76561,0.984544
1,incompressible,0.47,hold,1.7,0.5,0.270465,0.765729,0.984697
1,incompressible,0.47,hold,1.71,0.5,0.270932,0.765646,0.98459
1,incompressible,0.47,hold,1.72,0.5,0.270459,0.76557,0.984493
1,incompressible,0.47,hold,1.73,0.5,0.271193,0.76564,0.984582
1,incompressible,0.47,hold,1.74,0.5,0.270268,0.765716,0.98468
1,incompressible,0.47,hold,1.75,0.5,0.270777,0.765604,0.984537
1,incompressible,0.47,hold,1.76,0.5,0.270638,0.765671,0.984622
1,incompressible,0.47,hold,1.77,0.5,0.270147,0.765722,0.984688
1,incompressible,0.47,hold,1.78,0.5,0.270963,0.765722,0.984688
1,incompressible,0.47,hold,1.79,0.5,0.270571,0.765673,0.984625
1,incompressible,0.47,hold,1.8,0.5,0.270801,0.765572,0.984495
1,incompressible,0.47,hold,1.81,0.5,0.270733,0.765788,0.984773
1,incompressible,0.47,hold,1.82,0.5,0.270598,0.765586,0.984513
1,incompressible,0.47,hold,1.83,0.5,0.270711,0.765836,0.984834
1,incompressible,0.47,hold,1.84,0.5,0.270724,0.765663,0.984612
1,incompressible,0.47,hold,1.85,0.5,0.271156,0.76542,0.984299
1,incompressible,0.47,hold,1.86,0.5,0.27046,0.765634,0.984574
1,incompressible,0.47,hold,1.87,0.5,0.270691,0.765883,0.984895
1,incompressible,0.47,hold,1.88,0.5,0.270481,0.765784,0.984768
1,incompressible,0.47,hold,1.89,0.5,0.2709,0.765431,0.984314
1,incompressible,0.47,hold,1.9,0.5,0.270733,0.765965,0.985
1,incompressible,0.47,hold,1.91,0.5,0.270222,0.765652,0.984598
1,incompressible,0.47,hold,1.92,0.5,0.271085,0.765568,0.98449
1,incompressible,0.47,hold,1.93,0.5,0.271318,0.765688,0.984644
1,incompressible,0.47,hold,1.94,0.5,0.270508,0.765613,0.984548
1,incompressible,0.47,hold,1.95,0.5,0.270698,0.765523,0.984431
1,incompressible,0.47,hold,1.96,0.5,0.270594,0.765699,0.984659
1,incompressible,0.47,hold,1.97,0.5,0.270525,0.765628,0.984567
1,incompressible,0.47,hold,1.98,0.5,0.270529,0.765603,0.984535
1,incompressible,0.47,hold,1.99,0.5,0.270395,0.765832,0.98483
1,incompressible,0.47,hold,2,0.5,0.271198,0.765727,0.984695
1,incompressible,0.47,hold,2.01,0.5,0.270491,0.765585,0.984511
1,incompressible,0.47,hold,2.02,0.5,0.270177,0.765725,0.984692
1,incompressible,0.47,hold,2.03,0.5,0.271083,0.765602,0.984534
1,incompressible,0.47,hold,2.04,0.5,0.270222,0.765714,0.984678
1,incompressible,0.47,hold,2.05,0.5,0.2707,0.765677,0.98463
1,incompressible,0.47,hold,2.06,0.5,0.270419,0.765914,0.984934
1,incompressible,0.47,hold,2.07,0.5,0.270505,0.765614,0.984549
1,incompressible,0.47,hold,2.08,0.5,0.271248,0.765722,0.984688
1,incompressible,0.47,hold,2.09,0.5,0.270514,0.766028,0.985081
1,incompressible,0.47,hold,2.1,0.5,0.27086,0.765578,0.984503
1,incompressible,0.47,hold,2.11,0.5,0.270559,0.765611,0.984545
1,incompressible,0.47,hold,2.12,0.5,0.270497,0.765761,0.984739
1,incompressible,0.47,hold,2.13,0.5,0.271255,0.76576,0.984736
1,incompressible,0.47,hold,2.14,0.5,0.270132,0.765483,0.984381
1,incompressible,0.47,hold,2.15,0.5,0.270658,0.765909,0.984929
1,incompressible,0.47,hold,2.16,0.5,0.270971,0.76568,0.984634
1,incompressible,0.47,hold,2.17,0.5,0.270879,0.765432,0.984315
1,incompressible,0.47,hold,2.18,0.5,0.270805,0.765722,0.984687
1,incompressible,0.47,hold,2.19,0.5,0.270466,0.765488,0.984386
1,incompressible,0.47,hold,2.2,0.5,0.270519,0.765727,0.984694
1,incompressible,0.47,hold,2.21,0.5,0.270727,0.765638,0.984579
1,incompressible,0.47,hold,2.22,0.5,0.271169,0.765876,0.984886
1,incompressible,0.47,hold,2.23,0.5,0.270479,0.76572,0.984686
1,incompressible,0.47,hold,2.24,0.5,0.271032,0.765744,0.984716
1,incompressible,0.47,hold,2.25,0.5,0.270208,0.765855,0.984859
1,incompressible,0.47,hold,2.26,0.5,0.27082,0.765603,0.984534
1,incompressible,0.47,hold,2.27,0.5,0.27108,0.765692,0.984649
1,incompressible,0.47,hold,2.28,0.5,0.26978,0.765805,0.984795
1,incompressible,0.47,hold,2.29,0.5,0.270701,0.765621,0.984558
1,incompressible,0.47,hold,2.3,0.5,0.270663,0.765613,0.984548
1,incompressible,0.47,hold,2.31,0.5,0.271163,0.765852,0.984855
1,incompressible,0.47,hold,2.32,0.5,0.270337,0.765527,0.984437
1,incompressible,0.47,hold,2.33,0.5,0.270198,0.765697,0.984655
1,incompressible,0.47,hold,2.34,0.5,0.270298,0.765756,0.984732
1,incompressible,0.47,hold,2.35,0.5,0.271192,0.765801,0.984789
1,incompressible,0.47,hold,2.36,0.5,0.270911,0.765784,0.984767
1,incompressible,0.47,hold,2.37,0.5,0.270649,0.765786,0.98477
1,incompressible,0.47,hold,2.38,0.5,0.270061,0.76586,0.984865
1,incompressible,0.47,hold,2.39,0.5,0.270944,0.76569,0.984647
