run_index,material,axis,sim_time,imposed_displacement,actual_displacement,force_total,force_target,vertex_index,fiber_axis
0,isotropic,x,0,0,0,0,0,1328,na
0,isotropic,x,0,0,8.51846e-07,0.828915,0.00319442,1328,na
0,isotropic,x,0.01,0.00155482,2.56577e-06,1512.8,5.8299,1328,na
0,isotropic,x,0.02,0.0031096,0.000139168,2891.25,11.1449,1328,na
0,isotropic,x,0.03,0.00466442,0.000447674,4109.9,15.8501,1328,na
0,isotropic,x,0.04,0.00621924,0.000912206,5188.22,20.021,1328,na
0,isotropic,x,0.05,0.00777406,0.00150764,6156.81,23.7777,1328,na
0,isotropic,x,0.06,0.00932884,0.00219961,7047.24,27.2455,1328,na
0,isotropic,x,0.07,0.0108837,0.00295608,7886.63,30.5264,1328,na
0,isotropic,x,0.08,0.0124385,0.00374841,8696.99,33.6887,1328,na
0,isotropic,x,0.09,0.0139933,0.0045568,9486.08,36.7727,1328,na
0,isotropic,x,0.1,0.0155481,0.00537103,10261.4,39.8015,1328,na
0,isotropic,x,0.11,0.0171029,0.00618489,11022,42.7869,1328,na
0,isotropic,x,0.12,0.0186577,0.00700172,11773,45.7276,1328,na
0,isotropic,x,0.13,0.0202125,0.00782198,12510.1,48.6295,1328,na
0,isotropic,x,0.14,0.0217673,0.00865201,13234,51.4905,1328,na
0,isotropic,x,0.15,0.0233221,0.00949095,13945.6,54.3087,1328,na
0,isotropic,x,0.16,0.024877,0.0103427,14643.5,57.0855,1328,na
0,isotropic,x,0.17,0.0264317,0.011207,15332.1,59.8232,1328,na
0,isotropic,x,0.18,0.0279866,0.0120814,16013.7,62.5223,1328,na
0,isotropic,x,0.19,0.0295414,0.0129666,16684.3,65.1894,1328,na
0,isotropic,x,0.2,0.0310962,0.013863,17347.7,67.8232,1328,na
0,isotropic,x,0.21,0.032651,0.0147696,17999.3,70.4228,1328,na
0,isotropic,x,0.22,0.0342058,0.0156845,18640.8,72.9956,1328,na
0,isotropic,x,0.23,0.0357606,0.0166078,19279,75.54,1328,na
0,isotropic,x,0.24,0.0373154,0.0175391,19911.4,78.0546,1328,na
0,isotropic,x,0.25,0.0388702,0.0184777,20534.5,80.5447,1328,na
0,isotropic,x,0.26,0.040425,0.0194241,21144.5,83.0079,1328,na
0,isotropic,x,0.27,0.0419798,0.0203782,21749.7,85.4448,1328,na
0,isotropic,x,0.28,0.0435346,0.0213374,22345.8,87.861,1328,na
0,isotropic,x,0.29,0.0450895,0.0223038,22941.3,90.2543,1328,na
0,isotropic,x,0.3,0.0466443,0.0232767,23530.6,92.6259,1328,na
0,isotropic,x,0.31,0.0481991,0.0242568,24116.7,94.9744,1328,na
0,isotropic,x,0.32,0.0497539,0.0252426,24697.2,97.303,1328,na
0,isotropic,x,0.33,0.0513087,0.0262363,25265.1,99.6095,1328,na
0,isotropic,x,0.34,0.0528635,0.0272349,25833.8,101.896,1328,na
0,isotropic,x,0.35,0.0544183,0.028239,26393.9,104.163,1328,na
0,isotropic,x,0.36,0.0559731,0.0292466,26951,106.408,1328,na
0,isotropic,x,0.37,0.0575279,0.0302615,27504.9,108.64,1328,na
0,isotropic,x,0.38,0.0590827,0.031282,28049.4,110.851,1328,na
0,isotropic,x,0.39,0.0606376,0.0323064,28588.1,113.043,1328,na
0,isotropic,x,0.4,0.0621924,0.0333356,29123.4,115.222,1328,na
0,isotropic,x,0.41,0.0637471,0.0343706,29655.4,117.39,1328,na
0,isotropic,x,0.42,0.065302,0.03541,30186,119.539,1328,na
0,isotropic,x,0.43,0.0668568,0.0364531,30708,121.672,1328,na
0,isotropic,x,0.44,0.0684116,0.0375014,31225,123.787,1328,na
0,isotropic,x,0.45,0.0699664,0.0385518,31737.7,125.888,1328,na
0,isotropic,x,0.46,0.0715212,0.0396072,32247.1,127.977,1328,na
0,isotropic,x,0.47,0.073076,0.0406661,32754.4,130.059,1328,na
0,isotropic,x,0.48,0.0746308,0.0417286,33253.7,132.129,1328,na
0,isotropic,x,0.49,0.0761856,0.0427942,33758,134.186,1328,na
0,isotropic,x,0.5,0.0777405,0.0438624,34259.6,136.234,1328,na
0,isotropic,x,0.51,0.0792952,0.0449341,34739.6,138.271,1328,na
0,isotropic,x,0.52,0.08085,0.0460089,35234.8,140.297,1328,na
0,isotropic,x,0.53,0.0824049,0.0470866,35717.6,142.312,1328,na
0,isotropic,x,0.54,0.0839597,0.0481674,36207.5,144.321,1328,na
0,isotropic,x,0.55,0.0855145,0.049252,36683.3,146.313,1328,na
0,isotropic,x,0.56,0.0870693,0.0503389,37166.6,148.298,1328,na
0,isotropic,x,0.57,0.0886241,0.0514295,37627.2,150.274,1328,na
0,isotropic,x,0.58,0.0901789,0.052524,38100,152.242,1328,na
0,isotropic,x,0.59,0.0917337,0.0536209,38570.3,154.2,1328,na
0,isotropic,x,0.6,0.0932885,0.0547194,39037.8,156.15,1328,na
0,isotropic,x,0.61,0.0948434,0.05582,39503.7,158.095,1328,na
0,isotropic,x,0.62,0.0963981,0.056924,39962.2,160.033,1328,na
0,isotropic,x,0.63,0.0979529,0.0580299,40417.7,161.962,1328,na
0,isotropic,x,0.64,0.0995078,0.0591386,40865.2,163.883,1328,na
0,isotropic,x,0.65,0.101063,0.0602495,41320.7,165.794,1328,na
0,isotropic,x,0.66,0.102617,0.0613618,41773.9,167.699,1328,na
0,isotropic,x,0.67,0.104172,0.0624762,42231.4,169.599,1328,na
0,isotropic,x,0.68,0.105727,0.0635935,42686.7,171.491,1328,na
0,isotropic,x,0.69,0.107282,0.0647124,43141,173.381,1328,na
0,isotropic,x,0.7,0.108837,0.0658342,43591.8,175.258,1328,na
0,isotropic,x,0.71,0.110391,0.0669576,44040.4,177.129,1328,na
0,isotropic,x,0.72,0.111946,0.0680834,44488,178.995,1328,na
0,isotropic,x,0.73,0.113501,0.069211,44933.5,180.855,1328,na
0,isotropic,x,0.74,0.115056,0.0703408,45372.1,182.712,1328,na
0,isotropic,x,0.75,0.116611,0.0714724,45815.5,184.565,1328,na
0,isotropic,x,0.76,0.118165,0.0726044,46244.6,186.412,1328,na
0,isotropic,x,0.77,0.11972,0.0737373,46664.6,188.251,1328,na
0,isotropic,x,0.78,0.121275,0.074872,47103.5,190.092,1328,na
0,isotropic,x,0.79,0.12283,0.0760077,47540.8,191.927,1328,na
0,isotropic,x,0.8,0.124385,0.0771445,47976.7,193.758,1328,na
0,isotropic,x,0.81,0.12594,0.0782829,48398.2,195.584,1328,na
0,isotropic,x,0.82,0.127494,0.0794215,48826,197.411,1328,na
0,isotropic,x,0.83,0.129049,0.0805605,49251.6,199.232,1328,na
0,isotropic,x,0.84,0.130604,0.0817019,49684,201.054,1328,na
0,isotropic,x,0.85,0.132159,0.0828429,50102.3,202.875,1328,na
0,isotropic,x,0.86,0.133714,0.0839853,50531.5,204.688,1328,na
0,isotropic,x,0.87,0.135268,0.0851297,50960.7,206.501,1328,na
0,isotropic,x,0.88,0.136823,0.0862741,51367.5,208.31,1328,na
0,isotropic,x,0.89,0.138378,0.0874194,51794,210.116,1328,na
0,isotropic,x,0.9,0.139933,0.0885655,52207.4,211.926,1328,na
0,isotropic,x,0.91,0.141488,0.0897117,52626.4,213.733,1328,na
0,isotropic,x,0.92,0.143042,0.0908586,53045.1,215.539,1328,na
0,isotropic,x,0.93,0.144597,0.0920075,53455.6,217.343,1328,na
0,isotropic,x,0.94,0.146152,0.0931558,53879.3,219.144,1328,na
0,isotropic,x,0.95,0.147707,0.0943059,54301.8,220.942,1328,na
0,isotropic,x,0.96,0.149262,0.0954566,54723.4,222.737,1328,na
0,isotropic,x,0.97,0.150816,0.0966083,55137.8,224.533,1328,na
0,isotropic,x,0.98,0.152371,0.0977608,55557.2,226.322,1328,na
0,isotropic,x,0.99,0.153926,0.0989121,55976.5,228.112,1328,na
0,isotropic,x,1,0.155481,0.100065,56387.8,229.9,1328,na
0,isotropic,x,1.01,0.157036,0.101219,56798.7,231.688,1328,na
0,isotropic,x,1.02,0.158591,0.102375,57208.9,233.474,1328,na
0,isotropic,x,1.03,0.160145,0.103531,57624.1,235.253,1328,na
0,isotropic,x,1.04,0.1617,0.104685,58040,237.034,1328,na
0,isotropic,x,1.05,0.163255,0.105842,58439.3,238.814,1328,na
0,isotropic,x,1.06,0.16481,0.106998,58838.9,240.596,1328,na
0,isotropic,x,1.07,0.166365,0.108155,59252.7,242.374,1328,na
0,isotropic,x,1.08,0.167919,0.109311,59665.5,244.149,1328,na
0,isotropic,x,1.09,0.169474,0.110468,60047.4,245.931,1328,na
0,isotropic,x,1.1,0.171029,0.111625,60460,247.709,1328,na
0,isotropic,x,1.11,0.172584,0.112781,60864.8,249.488,1328,na
0,isotropic,x,1.12,0.174139,0.113939,61260.1,251.267,1328,na
0,isotropic,x,1.13,0.175693,0.115096,61671.7,253.044,1328,na
0,isotropic,x,1.14,0.177248,0.116254,62083.5,254.823,1328,na
0,isotropic,x,1.15,0.178803,0.117412,62494.8,256.602,1328,na
0,isotropic,x,1.16,0.180358,0.118571,62898.4,258.384,1328,na
0,isotropic,x,1.17,0.181913,0.119729,63301.2,260.166,1328,na
0,isotropic,x,1.18,0.183467,0.120888,63711,261.943,1328,na
0,isotropic,x,1.19,0.185022,0.122046,64121.8,263.724,1328,na
0,isotropic,x,1.2,0.186577,0.123204,64515.4,265.508,1328,na
0,isotropic,x,1.21,0.188132,0.124361,64925.2,267.288,1328,na
0,isotropic,x,1.22,0.189687,0.125517,65333.9,269.068,1328,na
0,isotropic,x,1.23,0.191241,0.126675,65744.2,270.852,1328,na
0,isotropic,x,1.24,0.192796,0.127833,66153,272.632,1328,na
0,isotropic,x,1.25,0.194351,0.12899,66563.2,274.418,1328,na
0,isotropic,x,1.26,0.195906,0.130149,66964.2,276.206,1328,na
0,isotropic,x,1.27,0.197461,0.131307,67363.7,277.989,1328,na
0,isotropic,x,1.28,0.199016,0.132466,67753.2,279.772,1328,na
0,isotropic,x,1.29,0.20057,0.133624,68161.1,281.556,1328,na
0,isotropic,x,1.3,0.202125,0.134783,68551.7,283.346,1328,na
0,isotropic,x,1.31,0.20368,0.135942,68940.9,285.133,1328,na
0,isotropic,x,1.32,0.205235,0.137099,69338.7,286.919,1328,na
0,isotropic,x,1.33,0.20679,0.138256,69727.6,288.709,1328,na
0,isotropic,x,1.34,0.208344,0.139413,70135.5,290.5,1328,na
0,isotropic,x,1.35,0.209899,0.140569,70543.8,292.294,1328,na
0,isotropic,x,1.36,0.211454,0.141725,70943.5,294.093,1328,na
0,isotropic,x,1.37,0.213009,0.14288,71352.9,295.893,1328,na
0,isotropic,x,1.38,0.214564,0.144035,71740.8,297.688,1328,na
0,isotropic,x,1.39,0.216118,0.145189,72149.7,299.489,1328,na
0,isotropic,x,1.4,0.217673,0.146343,72548.3,301.291,1328,na
0,isotropic,x,1.41,0.219228,0.147498,72946,303.092,1328,na
0,isotropic,x,1.42,0.220783,0.148652,73354.9,304.897,1328,na
0,isotropic,x,1.43,0.222338,0.149807,73762.7,306.7,1328,na
0,isotropic,x,1.44,0.223892,0.150962,74160.6,308.504,1328,na
0,isotropic,x,1.45,0.225447,0.152118,74569.5,310.312,1328,na
0,isotropic,x,1.46,0.227002,0.153272,74946.6,312.119,1328,na
0,isotropic,x,1.47,0.228557,0.154426,75343.2,313.923,1328,na
0,isotropic,x,1.48,0.230112,0.155579,75751.2,315.733,1328,na
0,isotropic,x,1.49,0.231667,0.156732,76147.7,317.541,1328,na
0,isotropic,x,1.5,0.233221,0.157884,76555.3,319.352,1328,na
0,isotropic,x,1.51,0.234776,0.159036,76952.4,321.164,1328,na
0,isotropic,x,1.52,0.236331,0.160188,77359.9,322.98,1328,na
0,isotropic,x,1.53,0.237886,0.16134,77759.2,324.805,1328,na
0,isotropic,x,1.54,0.239441,0.162492,78169.5,326.634,1328,na
0,isotropic,x,1.55,0.240995,0.163643,78559.8,328.469,1328,na
0,isotropic,x,1.56,0.24255,0.164794,78960.4,330.306,1328,na
0,isotropic,x,1.57,0.244105,0.165942,79361.3,332.145,1328,na
0,isotropic,x,1.58,0.24566,0.167089,79774,333.988,1328,na
0,isotropic,x,1.59,0.247215,0.168234,80187.8,335.836,1328,na
0,isotropic,x,1.6,0.248769,0.169379,80601.5,337.684,1328,na
0,isotropic,x,1.61,0.250324,0.170524,81001.9,339.527,1328,na
0,isotropic,x,1.62,0.251879,0.171669,81392,341.374,1328,na
0,isotropic,x,1.63,0.253434,0.172814,81802.3,343.216,1328,na
0,isotropic,x,1.64,0.254989,0.17396,82188.6,345.058,1328,na
0,isotropic,x,1.65,0.256543,0.175105,82589.3,346.91,1328,na
0,isotropic,x,1.66,0.258098,0.176251,82988.2,348.758,1328,na
0,isotropic,x,1.67,0.259653,0.177396,83389.5,350.615,1328,na
0,isotropic,x,1.68,0.261208,0.17854,83801.1,352.469,1328,na
0,isotropic,x,1.69,0.262763,0.179682,84189.8,354.327,1328,na
0,isotropic,x,1.7,0.264318,0.180825,84589.9,356.185,1328,na
0,isotropic,x,1.71,0.265872,0.181968,85001,358.043,1328,na
0,isotropic,x,1.72,0.267427,0.183109,85411.2,359.898,1328,na
0,isotropic,x,1.73,0.268982,0.184248,85822.6,361.759,1328,na
0,isotropic,x,1.74,0.270537,0.185388,86234.8,363.624,1328,na
0,isotropic,x,1.75,0.272092,0.186528,86634.8,365.49,1328,na
0,isotropic,x,1.76,0.273646,0.187668,87045.7,367.352,1328,na
0,isotropic,x,1.77,0.275201,0.188807,87419.8,369.217,1328,na
0,isotropic,x,1.78,0.276756,0.189945,87831,371.085,1328,na
0,isotropic,x,1.79,0.278311,0.191083,88243.5,372.958,1328,na
0,isotropic,x,1.8,0.279866,0.192222,88654.3,374.827,1328,na
0,isotropic,x,1.81,0.28142,0.193359,89065.9,376.7,1328,na
0,isotropic,x,1.82,0.282975,0.194496,89465.3,378.576,1328,na
0,isotropic,x,1.83,0.28453,0.195631,89862.9,380.448,1328,na
0,isotropic,x,1.84,0.286085,0.196766,90261.7,382.326,1328,na
0,isotropic,x,1.85,0.28764,0.197902,90662,384.211,1328,na
0,isotropic,x,1.86,0.289194,0.199038,91061,386.094,1328,na
0,isotropic,x,1.87,0.290749,0.200173,91476.2,387.99,1328,na
0,isotropic,x,1.88,0.292304,0.201308,91890.1,389.883,1328,na
0,isotropic,x,1.89,0.293859,0.202441,92304.3,391.779,1328,na
0,isotropic,x,1.9,0.295414,0.203573,92718.8,393.677,1328,na
0,isotropic,x,1.91,0.296968,0.204705,93131,395.568,1328,na
0,isotropic,x,1.92,0.298523,0.205837,93544.7,397.464,1328,na
0,isotropic,x,1.93,0.300078,0.206968,93944.2,399.358,1328,na
0,isotropic,x,1.94,0.301633,0.208099,94355.6,401.252,1328,na
0,isotropic,x,1.95,0.303188,0.209229,94769.9,403.156,1328,na
0,isotropic,x,1.96,0.304743,0.21036,95183.6,405.06,1328,na
0,isotropic,x,1.97,0.306297,0.211489,95584.3,406.966,1328,na
0,isotropic,x,1.98,0.307852,0.212617,95983.6,408.87,1328,na
0,isotropic,x,1.99,0.309407,0.213745,96396.6,410.776,1328,na
0,isotropic,x,2,0.310962,0.214873,96811.7,412.69,1328,na
0,isotropic,x,2.01,0.312517,0.216001,97228.2,414.609,1328,na
0,isotropic,x,2.02,0.314071,0.217129,97629.3,416.524,1328,na
0,isotropic,x,2.03,0.315626,0.218256,98030,418.44,1328,na
0,isotropic,x,2.04,0.317181,0.219381,98442.9,420.354,1328,na
0,isotropic,x,2.05,0.318736,0.220505,98815.5,422.275,1328,na
0,isotropic,x,2.06,0.320291,0.221627,99230.9,424.201,1328,na
0,isotropic,x,2.07,0.321845,0.222749,99647,426.132,1328,na
0,isotropic,x,2.08,0.3234,0.223871,100062,428.061,1328,na
0,isotropic,x,2.09,0.324955,0.224994,100480,429.996,1328,na
0,isotropic,x,2.1,0.32651,0.226117,100896,431.932,1328,na
0,isotropic,x,2.11,0.328065,0.227239,101298,433.867,1328,na
0,isotropic,x,2.12,0.329619,0.228359,101670,435.799,1328,na
0,isotropic,x,2.13,0.331174,0.229479,102070,437.732,1328,na
0,isotropic,x,2.14,0.332729,0.230599,102471,439.669,1328,na
0,isotropic,x,2.15,0.334284,0.231719,102887,441.611,1328,na
0,isotropic,x,2.16,0.335839,0.232839,103304,443.555,1328,na
0,isotropic,x,2.17,0.337394,0.233957,103719,445.495,1328,na
0,isotropic,x,2.18,0.338948,0.235074,104120,447.44,1328,na
0,isotropic,x,2.19,0.340503,0.236191,104521,449.387,1328,na
0,isotropic,x,2.2,0.342058,0.237309,104923,451.338,1328,na
0,isotropic,x,2.21,0.343613,0.238425,105339,453.287,1328,na
0,isotropic,x,2.22,0.345168,0.23954,105741,455.244,1328,na
0,isotropic,x,2.23,0.346722,0.240653,106158,457.202,1328,na
0,isotropic,x,2.24,0.348277,0.241765,106562,459.169,1328,na
0,isotropic,x,2.25,0.349832,0.242877,106983,461.142,1328,na
0,isotropic,x,2.26,0.351387,0.243989,107402,463.111,1328,na
0,isotropic,x,2.27,0.352942,0.2451,107820,465.079,1328,na
0,isotropic,x,2.28,0.354496,0.246213,108222,467.045,1328,na
0,isotropic,x,2.29,0.356051,0.247325,108640,469.014,1328,na
0,isotropic,x,2.3,0.357606,0.248434,109059,470.988,1328,na
0,isotropic,x,2.31,0.359161,0.249542,109479,472.967,1328,na
0,isotropic,x,2.32,0.360716,0.250651,109898,474.944,1328,na
0,isotropic,x,2.33,0.362271,0.251759,110284,476.923,1328,na
0,isotropic,x,2.34,0.363825,0.252866,110687,478.903,1328,na
0,isotropic,x,2.35,0.36538,0.253973,111105,480.886,1328,na
0,isotropic,x,2.36,0.366935,0.25508,111509,482.872,1328,na
0,isotropic,x,2.37,0.36849,0.256188,111929,484.863,1328,na
0,isotropic,x,2.38,0.370044,0.257294,112350,486.862,1328,na
0,isotropic,x,2.39,0.371599,0.258398,112757,488.87,1328,na
1,isotropic,y,0,0,0,0,0,1328,na
1,isotropic,y,0,0,8.51846e-07,0.828915,0.00319442,1328,na
1,isotropic,y,0.01,0.00155482,2.56577e-06,1514.13,5.83504,1328,na
1,isotropic,y,0.02,0.0031096,0.000207124,2825.59,10.89,1328,na
1,isotropic,y,0.03,0.00466442,0.000712421,3852.46,14.8504,1328,na
1,isotropic,y,0.04,0.00621924,0.00151313,4599.96,17.7359,1328,na
1,isotropic,y,0.05,0.00777406,0.00255652,5121.83,19.753,1328,na
1,isotropic,y,0.06,0.00932884,0.00377002,5485.85,21.1729,1328,na
1,isotropic,y,0.07,0.0108837,0.00509245,5751.56,22.215,1328,na
1,isotropic,y,0.08,0.0124385,0.00647058,5968.02,23.0592,1328,na
1,isotropic,y,0.09,0.0139933,0.00786449,6167.48,23.8376,1328,na
1,isotropic,y,0.1,0.0155481,0.00925602,6363.53,24.6062,1328,na
1,isotropic,y,0.11,0.0171029,0.0106373,6565.41,25.3914,1328,na
1,isotropic,y,0.12,0.0186577,0.0120082,6772.08,26.1951,1328,na
1,isotropic,y,0.13,0.0202125,0.0133698,6981.96,27.0181,1328,na
1,isotropic,y,0.14,0.0217673,0.0147287,7191.18,27.8392,1328,na
1,isotropic,y,0.15,0.0233221,0.016089,7399.04,28.6518,1328,na
1,isotropic,y,0.16,0.024877,0.0174539,7600.19,29.4464,1328,na
1,isotropic,y,0.17,0.0264317,0.0188263,7796.89,30.2169,1328,na
1,isotropic,y,0.18,0.0279866,0.0202043,7988.7,30.969,1328,na
1,isotropic,y,0.19,0.0295414,0.0215861,8177.9,31.7111,1328,na
1,isotropic,y,0.2,0.0310962,0.0229776,8358.76,32.4213,1328,na
1,isotropic,y,0.21,0.032651,0.024373,8535.17,33.1189,1328,na
1,isotropic,y,0.22,0.0342058,0.0257727,8710.47,33.8039,1328,na
1,isotropic,y,0.23,0.0357606,0.0271741,8883.31,34.4839,1328,na
1,isotropic,y,0.24,0.0373154,0.0285785,9054.83,35.1546,1328,na
1,isotropic,y,0.25,0.0388702,0.0299841,9224.07,35.8215,1328,na
1,isotropic,y,0.26,0.040425,0.0313948,9390.71,36.4739,1328,na
1,isotropic,y,0.27,0.0419798,0.0328079,9555.49,37.119,1328,na
1,isotropic,y,0.28,0.0435346,0.0342213,9720.29,37.7643,1328,na
1,isotropic,y,0.29,0.0450895,0.0356361,9882.91,38.4064,1328,na
1,isotropic,y,0.3,0.0466443,0.0370523,10045.9,39.0451,1328,na
1,isotropic,y,0.31,0.0481991,0.0384695,10208.1,39.6808,1328,na
1,isotropic,y,0.32,0.0497539,0.0398874,10368.5,40.3155,1328,na
1,isotropic,y,0.33,0.0513087,0.0413085,10528.1,40.9413,1328,na
1,isotropic,y,0.34,0.0528635,0.0427327,10684,41.5588,1328,na
1,isotropic,y,0.35,0.0544183,0.044156,10841.1,42.1814,1328,na
1,isotropic,y,0.36,0.0559731,0.0455812,10996.9,42.7988,1328,na
1,isotropic,y,0.37,0.0575279,0.0470085,11151,43.4101,1328,na
1,isotropic,y,0.38,0.0590827,0.0484371,11304.1,44.0185,1328,na
1,isotropic,y,0.39,0.0606375,0.0498632,11460.2,44.6379,1328,na
1,isotropic,y,0.4,0.0621924,0.0512934,11614.6,45.2454,1328,na
1,isotropic,y,0.41,0.0637472,0.0527258,11765.8,45.8469,1328,na
1,isotropic,y,0.42,0.065302,0.0541553,11918.2,46.4591,1328,na
1,isotropic,y,0.43,0.0668568,0.0555866,12071.1,47.0679,1328,na
1,isotropic,y,0.44,0.0684116,0.0570184,12225.4,47.6761,1328,na
1,isotropic,y,0.45,0.0699664,0.05845,12380.4,48.2872,1328,na
1,isotropic,y,0.46,0.0715212,0.0598831,12533,48.8952,1328,na
1,isotropic,y,0.47,0.073076,0.0613163,12687.2,49.5037,1328,na
1,isotropic,y,0.48,0.0746308,0.0627501,12841.2,50.1116,1328,na
1,isotropic,y,0.49,0.0761856,0.0641873,12991.4,50.7115,1328,na
1,isotropic,y,0.5,0.0777404,0.0656215,13146,51.322,1328,na
1,isotropic,y,0.51,0.0792953,0.0670559,13299.3,51.9344,1328,na
1,isotropic,y,0.52,0.0808501,0.0684912,13454.3,52.5466,1328,na
1,isotropic,y,0.53,0.0824049,0.0699301,13604.3,53.1471,1328,na
1,isotropic,y,0.54,0.0839597,0.0713676,13756,53.7546,1328,na
1,isotropic,y,0.55,0.0855145,0.0728056,13909.8,54.3631,1328,na
1,isotropic,y,0.56,0.0870693,0.0742478,14060.7,54.9606,1328,na
1,isotropic,y,0.57,0.0886241,0.0756847,14214.4,55.5767,1328,na
1,isotropic,y,0.58,0.0901789,0.0771198,14371.1,56.1973,1328,na
1,isotropic,y,0.59,0.0917337,0.0785572,14527,56.8146,1328,na
1,isotropic,y,0.6,0.0932885,0.0799944,14682.4,57.4309,1328,na
1,isotropic,y,0.61,0.0948433,0.0814319,14838,58.0479,1328,na
1,isotropic,y,0.62,0.0963982,0.0828682,14993.1,58.6707,1328,na
1,isotropic,y,0.63,0.097953,0.084307,15148.8,59.2885,1328,na
1,isotropic,y,0.64,0.0995077,0.0857451,15305.6,59.9105,1328,na
1,isotropic,y,0.65,0.101063,0.0871853,15459.3,60.5288,1328,na
1,isotropic,y,0.66,0.102617,0.088626,15614.2,61.1442,1328,na
1,isotropic,y,0.67,0.104172,0.0900657,15771.4,61.7687,1328,na
1,isotropic,y,0.68,0.105727,0.0915057,15926.2,62.3918,1328,na
1,isotropic,y,0.69,0.107282,0.0929466,16082,63.0117,1328,na
1,isotropic,y,0.7,0.108837,0.0943866,16239.6,63.6385,1328,na
1,isotropic,y,0.71,0.110391,0.095826,16398.1,64.2688,1328,na
1,isotropic,y,0.72,0.111946,0.0972623,16559.4,64.9105,1328,na
1,isotropic,y,0.73,0.113501,0.0987012,16714.3,65.5447,1328,na
1,isotropic,y,0.74,0.115056,0.100141,16871,66.1777,1328,na
1,isotropic,y,0.75,0.116611,0.101579,17030.2,66.8205,1328,na
1,isotropic,y,0.76,0.118165,0.103015,17192.1,67.466,1328,na
1,isotropic,y,0.77,0.11972,0.104455,17350.2,68.1053,1328,na
1,isotropic,y,0.78,0.121275,0.105897,17507.1,68.7405,1328,na
1,isotropic,y,0.79,0.12283,0.107337,17667.4,69.3806,1328,na
1,isotropic,y,0.8,0.124385,0.108777,17828.1,70.0222,1328,na
1,isotropic,y,0.81,0.125939,0.110215,17991.9,70.676,1328,na
1,isotropic,y,0.82,0.127494,0.111654,18155,71.3273,1328,na
1,isotropic,y,0.83,0.129049,0.113093,18319.2,71.983,1328,na
1,isotropic,y,0.84,0.130604,0.114531,18483.4,72.6389,1328,na
1,isotropic,y,0.85,0.132159,0.115968,18646.5,73.3005,1328,na
1,isotropic,y,0.86,0.133714,0.117404,18812.8,73.9653,1328,na
1,isotropic,y,0.87,0.135268,0.118841,18976.3,74.6289,1328,na
1,isotropic,y,0.88,0.136823,0.12028,19140.9,75.2883,1328,na
1,isotropic,y,0.89,0.138378,0.12172,19306,75.9492,1328,na
1,isotropic,y,0.9,0.139933,0.123156,19471.4,76.6215,1328,na
1,isotropic,y,0.91,0.141488,0.124595,19635.2,77.2876,1328,na
1,isotropic,y,0.92,0.143042,0.126034,19798.3,77.9522,1328,na
1,isotropic,y,0.93,0.144597,0.127472,19964.1,78.627,1328,na
1,isotropic,y,0.94,0.146152,0.128907,20133,79.305,1328,na
1,isotropic,y,0.95,0.147707,0.130341,20303.9,79.9906,1328,na
1,isotropic,y,0.96,0.149262,0.131777,20474.3,80.6742,1328,na
1,isotropic,y,0.97,0.150816,0.133212,20644.6,81.3582,1328,na
1,isotropic,y,0.98,0.152371,0.134649,20812.4,82.0427,1328,na
1,isotropic,y,0.99,0.153926,0.136082,20982.9,82.7385,1328,na
1,isotropic,y,1,0.155481,0.137517,21154.4,83.4279,1328,na
1,isotropic,y,1.01,0.157036,0.138954,21326,84.118,1328,na
1,isotropic,y,1.02,0.15859,0.14039,21497.6,84.8085,1328,na
1,isotropic,y,1.03,0.160145,0.141823,21671.9,85.5094,1328,na
1,isotropic,y,1.04,0.1617,0.143257,21846.1,86.2101,1328,na
1,isotropic,y,1.05,0.163255,0.144691,22020.6,86.9125,1328,na
1,isotropic,y,1.06,0.16481,0.146126,22194.4,87.6125,1328,na
1,isotropic,y,1.07,0.166365,0.147561,22366.2,88.3165,1328,na
1,isotropic,y,1.08,0.167919,0.148993,22543.4,89.0298,1328,na
1,isotropic,y,1.09,0.169474,0.150426,22716.4,89.7394,1328,na
1,isotropic,y,1.1,0.171029,0.15186,22893.2,90.4522,1328,na
1,isotropic,y,1.11,0.172584,0.153293,23070.7,91.1681,1328,na
1,isotropic,y,1.12,0.174139,0.154724,23246.5,91.8897,1328,na
1,isotropic,y,1.13,0.175693,0.156155,23422.4,92.612,1328,na
1,isotropic,y,1.14,0.177248,0.157586,23602.3,93.3384,1328,na
1,isotropic,y,1.15,0.178803,0.159018,23774.8,94.0608,1328,na
1,isotropic,y,1.16,0.180358,0.16045,23948.6,94.7888,1328,na
1,isotropic,y,1.17,0.181913,0.16188,24126.6,95.5215,1328,na
1,isotropic,y,1.18,0.183467,0.16331,24305.6,96.2587,1328,na
1,isotropic,y,1.19,0.185022,0.164739,24487.6,96.9958,1328,na
1,isotropic,y,1.2,0.186577,0.166164,24673.8,97.7491,1328,na
1,isotropic,y,1.21,0.188132,0.16759,24855.7,98.4992,1328,na
1,isotropic,y,1.22,0.189687,0.169018,25040,99.246,1328,na
1,isotropic,y,1.23,0.191242,0.170447,25223.6,99.991,1328,na
1,isotropic,y,1.24,0.192796,0.171874,25402.5,100.743,1328,na
1,isotropic,y,1.25,0.194351,0.173301,25589.2,101.5,1328,na
1,isotropic,y,1.26,0.195906,0.174728,25771.7,102.255,1328,na
1,isotropic,y,1.27,0.197461,0.176153,25959.2,103.016,1328,na
1,isotropic,y,1.28,0.199015,0.177578,26147.9,103.782,1328,na
1,isotropic,y,1.29,0.20057,0.179003,26335.4,104.544,1328,na
1,isotropic,y,1.3,0.202125,0.180428,26519.8,105.309,1328,na
1,isotropic,y,1.31,0.20368,0.181854,26708,106.074,1328,na
1,isotropic,y,1.32,0.205235,0.18328,26893.9,106.844,1328,na
1,isotropic,y,1.33,0.20679,0.184706,27076.1,107.615,1328,na
1,isotropic,y,1.34,0.208344,0.186127,27268.7,108.399,1328,na
1,isotropic,y,1.35,0.209899,0.18755,27456.3,109.178,1328,na
1,isotropic,y,1.36,0.211454,0.188973,27648.4,109.961,1328,na
1,isotropic,y,1.37,0.213009,0.190396,27837.4,110.746,1328,na
1,isotropic,y,1.38,0.214564,0.191818,28026.5,111.533,1328,na
1,isotropic,y,1.39,0.216118,0.193239,28216.7,112.324,1328,na
1,isotropic,y,1.4,0.217673,0.194659,28408.1,113.121,1328,na
1,isotropic,y,1.41,0.219228,0.196078,28601,113.923,1328,na
1,isotropic,y,1.42,0.220783,0.197497,28793.2,114.724,1328,na
1,isotropic,y,1.43,0.222338,0.198918,28988.8,115.524,1328,na
1,isotropic,y,1.44,0.223892,0.200336,29185.3,116.327,1328,na
1,isotropic,y,1.45,0.225447,0.201754,29382.7,117.135,1328,na
1,isotropic,y,1.46,0.227002,0.20317,29581.6,117.948,1328,na
1,isotropic,y,1.47,0.228557,0.204587,29776.6,118.762,1328,na
1,isotropic,y,1.48,0.230112,0.206007,29974.6,119.573,1328,na
1,isotropic,y,1.49,0.231667,0.207427,30171.9,120.382,1328,na
1,isotropic,y,1.5,0.233221,0.208845,30370.3,121.196,1328,na
1,isotropic,y,1.51,0.234776,0.21026,30572.1,122.022,1328,na
1,isotropic,y,1.52,0.236331,0.211676,30773.1,122.846,1328,na
1,isotropic,y,1.53,0.237886,0.213089,30975.8,123.677,1328,na
1,isotropic,y,1.54,0.239441,0.214507,31175.5,124.498,1328,na
1,isotropic,y,1.55,0.240995,0.215922,31377.7,125.328,1328,na
1,isotropic,y,1.56,0.24255,0.217336,31580.9,126.163,1328,na
1,isotropic,y,1.57,0.244105,0.21875,31784.8,127,1328,na
1,isotropic,y,1.58,0.24566,0.220161,31990.2,127.844,1328,na
1,isotropic,y,1.59,0.247215,0.221572,32192.1,128.691,1328,na
1,isotropic,y,1.6,0.248769,0.222985,32397,129.533,1328,na
1,isotropic,y,1.61,0.250324,0.224396,32602.9,130.381,1328,na
1,isotropic,y,1.62,0.251879,0.225805,32809.5,131.23,1328,na
1,isotropic,y,1.63,0.253434,0.227219,33014.9,132.076,1328,na
1,isotropic,y,1.64,0.254989,0.228632,33220.8,132.924,1328,na
1,isotropic,y,1.65,0.256543,0.230044,33423.8,133.779,1328,na
1,isotropic,y,1.66,0.258098,0.231454,33631.4,134.635,1328,na
1,isotropic,y,1.67,0.259653,0.232865,33839.1,135.492,1328,na
1,isotropic,y,1.68,0.261208,0.234274,34043.1,136.353,1328,na
1,isotropic,y,1.69,0.262763,0.235683,34253.8,137.221,1328,na
1,isotropic,y,1.7,0.264318,0.23709,34459.4,138.09,1328,na
1,isotropic,y,1.71,0.265872,0.238495,34670.6,138.962,1328,na
1,isotropic,y,1.72,0.267427,0.239901,34882.7,139.838,1328,na
1,isotropic,y,1.73,0.268982,0.241306,35094.9,140.715,1328,na
1,isotropic,y,1.74,0.270537,0.242713,35306.9,141.592,1328,na
1,isotropic,y,1.75,0.272092,0.24412,35515.5,142.474,1328,na
1,isotropic,y,1.76,0.273646,0.245525,35720.2,143.36,1328,na
1,isotropic,y,1.77,0.275201,0.246929,35929.7,144.248,1328,na
1,isotropic,y,1.78,0.276756,0.248332,36144.8,145.14,1328,na
1,isotropic,y,1.79,0.278311,0.249733,36361,146.036,1328,na
1,isotropic,y,1.8,0.279866,0.251135,36568,146.935,1328,na
1,isotropic,y,1.81,0.28142,0.252539,36774.6,147.832,1328,na
1,isotropic,y,1.82,0.282975,0.253943,36984.8,148.727,1328,na
1,isotropic,y,1.83,0.28453,0.255344,37203.3,149.634,1328,na
1,isotropic,y,1.84,0.286085,0.256743,37416.7,150.541,1328,na
1,isotropic,y,1.85,0.28764,0.258143,37629.9,151.449,1328,na
1,isotropic,y,1.86,0.289194,0.259543,37843.8,152.36,1328,na
1,isotropic,y,1.87,0.290749,0.260943,38053,153.273,1328,na
1,isotropic,y,1.88,0.292304,0.26234,38273.8,154.193,1328,na
1,isotropic,y,1.89,0.293859,0.263739,38489,155.111,1328,na
1,isotropic,y,1.9,0.295414,0.265136,38711.1,156.036,1328,na
1,isotropic,y,1.91,0.296968,0.266531,38934,156.965,1328,na
1,isotropic,y,1.92,0.298523,0.267928,39156.7,157.893,1328,na
1,isotropic,y,1.93,0.300078,0.269323,39379.7,158.824,1328,na
1,isotropic,y,1.94,0.301633,0.270719,39603.1,159.756,1328,na
1,isotropic,y,1.95,0.303188,0.272114,39827.4,160.692,1328,na
1,isotropic,y,1.96,0.304743,0.273507,40052.3,161.631,1328,na
1,isotropic,y,1.97,0.306297,0.2749,40261.5,162.573,1328,na
1,isotropic,y,1.98,0.307852,0.276293,40481,163.514,1328,na
1,isotropic,y,1.99,0.309407,0.277686,40706.3,164.457,1328,na
1,isotropic,y,2,0.310962,0.279079,40931.8,165.401,1328,na
1,isotropic,y,2.01,0.312517,0.280472,41160.3,166.357,1328,na
1,isotropic,y,2.02,0.314071,0.281866,41380.7,167.303,1328,na
1,isotropic,y,2.03,0.315626,0.283256,41604.5,168.264,1328,na
1,isotropic,y,2.04,0.317181,0.284647,41833.7,169.224,1328,na
1,isotropic,y,2.05,0.318736,0.286036,42063.1,170.187,1328,na
1,isotropic,y,2.06,0.320291,0.287425,42293.6,171.154,1328,na
1,isotropic,y,2.07,0.321845,0.288814,42519.4,172.124,1328,na
1,isotropic,y,2.08,0.3234,0.290204,42749.6,173.091,1328,na
1,isotropic,y,2.09,0.324955,0.291595,42979.4,174.056,1328,na
1,isotropic,y,2.1,0.32651,0.292983,43210.1,175.026,1328,na
1,isotropic,y,2.11,0.328065,0.29437,43441.6,176,1328,na
1,isotropic,y,2.12,0.329619,0.295755,43674.5,176.979,1328,na
1,isotropic,y,2.13,0.331174,0.297136,43910.7,177.971,1328,na
1,isotropic,y,2.14,0.332729,0.298521,44138.8,178.956,1328,na
1,isotropic,y,2.15,0.334284,0.299905,44366.6,179.94,1328,na
1,isotropic,y,2.16,0.335839,0.301291,44601,180.926,1328,na
1,isotropic,y,2.17,0.337394,0.302676,44829.3,181.914,1328,na
1,isotropic,y,2.18,0.338948,0.30406,45063.6,182.903,1328,na
1,isotropic,y,2.19,0.340503,0.305444,45298.5,183.894,1328,na
1,isotropic,y,2.2,0.342058,0.306825,45535.5,184.894,1328,na
1,isotropic,y,2.21,0.343613,0.308206,45772.2,185.893,1328,na
1,isotropic,y,2.22,0.345168,0.309587,46003.1,186.894,1328,na
1,isotropic,y,2.23,0.346722,0.31097,46234.1,187.897,1328,na
1,isotropic,y,2.24,0.348277,0.31235,46472.2,188.903,1328,na
1,isotropic,y,2.25,0.349832,0.313732,46710.2,189.91,1328,na
1,isotropic,y,2.26,0.351387,0.31511,46949.3,190.922,1328,na
1,isotropic,y,2.27,0.352942,0.31649,47187.7,191.931,1328,na
1,isotropic,y,2.28,0.354496,0.317869,47427.2,192.946,1328,na
1,isotropic,y,2.29,0.356051,0.319248,47646.9,193.96,1328,na
1,isotropic,y,2.3,0.357606,0.320623,47888.8,194.985,1328,na
1,isotropic,y,2.31,0.359161,0.321998,48123.8,196.011,1328,na
1,isotropic,y,2.32,0.360716,0.323375,48366.5,197.041,1328,na
1,isotropic,y,2.33,0.36227,0.324751,48610.6,198.078,1328,na
1,isotropic,y,2.34,0.363825,0.326121,48858.2,199.128,1328,na
1,isotropic,y,2.35,0.36538,0.327493,49104.9,200.175,1328,na
1,isotropic,y,2.36,0.366935,0.328863,49352,201.224,1328,na
1,isotropic,y,2.37,0.36849,0.330234,49592.5,202.274,1328,na
1,isotropic,y,2.38,0.370044,0.331606,49838.4,203.32,1328,na
1,isotropic,y,2.39,0.371599,0.332977,50084.2,204.367,1328,na
2,anisotropic,x,0,0,0,0,0,1328,x
2,anisotropic,x,0,0,2.45503e-06,2.38892,0.00920637,1328,x
2,anisotropic,x,0.01,0.00155482,1.84486e-06,1513.13,5.83124,1328,x
2,anisotropic,x,0.02,0.0031096,0.000122279,2908.93,11.2125,1328,x
2,anisotropic,x,0.03,0.00466442,0.000401585,4158.72,16.0358,1328,x
2,anisotropic,x,0.04,0.00621924,0.000833033,5275.23,20.3509,1328,x
2,anisotropic,x,0.05,0.00777406,0.00139288,6285.31,24.2607,1328,x
2,anisotropic,x,0.06,0.00932884,0.00204598,7220.15,27.8881,1328,x
2,anisotropic,x,0.07,0.0108837,0.002761,8102.89,31.3268,1328,x
2,anisotropic,x,0.08,0.0124385,0.00351254,8951.84,34.6361,1328,x
2,anisotropic,x,0.09,0.0139933,0.00428012,9778.58,37.8637,1328,x
2,anisotropic,x,0.1,0.0155481,0.00505521,10586,41.0212,1328,x
2,anisotropic,x,0.11,0.0171029,0.00583507,11382,44.1268,1328,x
2,anisotropic,x,0.12,0.0186577,0.00661968,12164.7,47.183,1328,x
2,anisotropic,x,0.13,0.0202125,0.00741208,12934.6,50.1923,1328,x
2,anisotropic,x,0.14,0.0217673,0.00821298,13692.1,53.1617,1328,x
2,anisotropic,x,0.15,0.0233221,0.009027,14432.7,56.0832,1328,x
2,anisotropic,x,0.16,0.024877,0.00985314,15156.7,58.9597,1328,x
2,anisotropic,x,0.17,0.0264317,0.010693,15876,61.7921,1328,x
2,anisotropic,x,0.18,0.0279866,0.0115456,16577.4,64.5828,1328,x
2,anisotropic,x,0.19,0.0295414,0.0124084,17277,67.3367,1328,x
2,anisotropic,x,0.2,0.0310962,0.0132835,17959.4,70.0523,1328,x
2,anisotropic,x,0.21,0.032651,0.0141694,18634.5,72.7339,1328,x
2,anisotropic,x,0.22,0.0342058,0.0150644,19302.8,75.3829,1328,x
2,anisotropic,x,0.23,0.0357606,0.0159693,19965.3,78.0008,1328,x
2,anisotropic,x,0.24,0.0373154,0.0168822,20616.9,80.5888,1328,x
2,anisotropic,x,0.25,0.0388702,0.0178045,21254.5,83.146,1328,x
2,anisotropic,x,0.26,0.040425,0.0187356,21892.6,85.6754,1328,x
2,anisotropic,x,0.27,0.0419798,0.0196727,22523.9,88.18,1328,x
2,anisotropic,x,0.28,0.0435346,0.0206179,23141.8,90.6575,1328,x
2,anisotropic,x,0.29,0.0450895,0.02157,23755.2,93.1081,1328,x
2,anisotropic,x,0.3,0.0466443,0.0225311,24355.8,95.5353,1328,x
2,anisotropic,x,0.31,0.0481991,0.0234998,24958.4,97.9357,1328,x
2,anisotropic,x,0.32,0.0497539,0.0244747,25551.7,100.314,1328,x
2,anisotropic,x,0.33,0.0513087,0.0254558,26138.2,102.668,1328,x
2,anisotropic,x,0.34,0.0528635,0.0264426,26719.4,105.004,1328,x
2,anisotropic,x,0.35,0.0544183,0.0274372,27297.8,107.316,1328,x
2,anisotropic,x,0.36,0.0559731,0.0284358,27867.2,109.609,1328,x
2,anisotropic,x,0.37,0.0575279,0.0294414,28434.6,111.881,1328,x
2,anisotropic,x,0.38,0.0590827,0.0304522,28997.4,114.136,1328,x
2,anisotropic,x,0.39,0.0606376,0.031469,29550.1,116.368,1328,x
2,anisotropic,x,0.4,0.0621924,0.0324916,30101.5,118.583,1328,x
2,anisotropic,x,0.41,0.0637471,0.0335198,30640.4,120.78,1328,x
2,anisotropic,x,0.42,0.065302,0.0345525,31184.2,122.966,1328,x
2,anisotropic,x,0.43,0.0668568,0.0355882,31705.2,125.132,1328,x
2,anisotropic,x,0.44,0.0684116,0.0366296,32238.9,127.283,1328,x
2,anisotropic,x,0.45,0.0699664,0.0376747,32768.9,129.42,1328,x
2,anisotropic,x,0.46,0.0715212,0.0387237,33295.8,131.547,1328,x
2,anisotropic,x,0.47,0.073076,0.0397779,33818,133.656,1328,x
2,anisotropic,x,0.48,0.0746308,0.0408357,34332.7,135.754,1328,x
2,anisotropic,x,0.49,0.0761856,0.0418972,34847.3,137.837,1328,x
2,anisotropic,x,0.5,0.0777405,0.042963,35358.3,139.905,1328,x
2,anisotropic,x,0.51,0.0792952,0.0440316,35861.1,141.962,1328,x
2,anisotropic,x,0.52,0.08085,0.0451042,36355.8,144.007,1328,x
2,anisotropic,x,0.53,0.0824049,0.0461789,36856.6,146.041,1328,x
2,anisotropic,x,0.54,0.0839597,0.0472593,37344.2,148.062,1328,x
2,anisotropic,x,0.55,0.0855145,0.0483421,37839.4,150.075,1328,x
2,anisotropic,x,0.56,0.0870693,0.0494282,38325.7,152.075,1328,x
2,anisotropic,x,0.57,0.0886241,0.0505167,38814.3,154.066,1328,x
2,anisotropic,x,0.58,0.0901789,0.051608,39300.7,156.049,1328,x
2,anisotropic,x,0.59,0.0917337,0.0527025,39779.8,158.024,1328,x
2,anisotropic,x,0.6,0.0932885,0.0538016,40248.2,159.981,1328,x
2,anisotropic,x,0.61,0.0948434,0.054902,40725.9,161.934,1328,x
2,anisotropic,x,0.62,0.0963981,0.0560052,41191,163.881,1328,x
2,anisotropic,x,0.63,0.0979529,0.0571104,41660.8,165.826,1328,x
2,anisotropic,x,0.64,0.0995078,0.0582158,42127.7,167.762,1328,x
2,anisotropic,x,0.65,0.101063,0.0593246,42586.5,169.69,1328,x
2,anisotropic,x,0.66,0.102617,0.0604348,43038.8,171.616,1328,x
2,anisotropic,x,0.67,0.104172,0.0615475,43482.8,173.535,1328,x
2,anisotropic,x,0.68,0.105727,0.0626611,43929.3,175.446,1328,x
2,anisotropic,x,0.69,0.107282,0.0637756,44387.5,177.357,1328,x
2,anisotropic,x,0.7,0.108837,0.064891,44844.4,179.265,1328,x
2,anisotropic,x,0.71,0.110391,0.0660095,45305.1,181.166,1328,x
2,anisotropic,x,0.72,0.111946,0.0671298,45757.6,183.06,1328,x
2,anisotropic,x,0.73,0.113501,0.0682518,46209.1,184.95,1328,x
2,anisotropic,x,0.74,0.115056,0.0693754,46658.3,186.834,1328,x
2,anisotropic,x,0.75,0.116611,0.0704995,47113.4,188.717,1328,x
2,anisotropic,x,0.76,0.118165,0.0716262,47565.8,190.591,1328,x
2,anisotropic,x,0.77,0.11972,0.0727542,48017,192.462,1328,x
2,anisotropic,x,0.78,0.121275,0.0738842,48453.6,194.326,1328,x
2,anisotropic,x,0.79,0.12283,0.0750161,48894.6,196.185,1328,x
2,anisotropic,x,0.8,0.124385,0.0761485,49327.2,198.038,1328,x
2,anisotropic,x,0.81,0.12594,0.0772825,49772.1,199.889,1328,x
2,anisotropic,x,0.82,0.127494,0.0784176,50215.3,201.734,1328,x
2,anisotropic,x,0.83,0.129049,0.0795539,50658.3,203.579,1328,x
2,anisotropic,x,0.84,0.130604,0.080692,51100.1,205.419,1328,x
2,anisotropic,x,0.85,0.132159,0.0818307,51520.2,207.257,1328,x
2,anisotropic,x,0.86,0.133714,0.0829708,51952,209.09,1328,x
2,anisotropic,x,0.87,0.135268,0.0841132,52390.6,210.922,1328,x
2,anisotropic,x,0.88,0.136823,0.0852567,52828,212.751,1328,x
2,anisotropic,x,0.89,0.138378,0.0863997,53264.3,214.577,1328,x
2,anisotropic,x,0.9,0.139933,0.087543,53686.2,216.402,1328,x
2,anisotropic,x,0.91,0.141488,0.0886877,54114,218.225,1328,x
2,anisotropic,x,0.92,0.143042,0.0898329,54541,220.047,1328,x
2,anisotropic,x,0.93,0.144597,0.0909795,54973.8,221.865,1328,x
2,anisotropic,x,0.94,0.146152,0.0921272,55406.5,223.682,1328,x
2,anisotropic,x,0.95,0.147707,0.0932739,55832.1,225.501,1328,x
2,anisotropic,x,0.96,0.149262,0.0944231,56262.4,227.312,1328,x
2,anisotropic,x,0.97,0.150816,0.0955703,56685.2,229.122,1328,x
2,anisotropic,x,0.98,0.152371,0.09672,57114,230.929,1328,x
2,anisotropic,x,0.99,0.153926,0.0978697,57542.8,232.736,1328,x
2,anisotropic,x,1,0.155481,0.0990187,57955.2,234.542,1328,x
2,anisotropic,x,1.01,0.157036,0.10017,58374.3,236.345,1328,x
2,anisotropic,x,1.02,0.158591,0.101321,58769.4,238.149,1328,x
2,anisotropic,x,1.03,0.160145,0.102473,59195.2,239.951,1328,x
2,anisotropic,x,1.04,0.1617,0.103625,59623.5,241.762,1328,x
2,anisotropic,x,1.05,0.163255,0.104778,60049.8,243.567,1328,x
2,anisotropic,x,1.06,0.16481,0.105931,60459.3,245.37,1328,x
2,anisotropic,x,1.07,0.166365,0.107085,60858.4,247.168,1328,x
2,anisotropic,x,1.08,0.167919,0.108238,61282.3,248.969,1328,x
2,anisotropic,x,1.09,0.169474,0.10939,61707.1,250.772,1328,x
2,anisotropic,x,1.1,0.171029,0.110544,62106.6,252.577,1328,x
2,anisotropic,x,1.11,0.172584,0.111699,62520.1,254.374,1328,x
2,anisotropic,x,1.12,0.174139,0.112851,62926.7,256.177,1328,x
2,anisotropic,x,1.13,0.175693,0.114005,63349.1,257.978,1328,x
2,anisotropic,x,1.14,0.177248,0.11516,63762.5,259.779,1328,x
2,anisotropic,x,1.15,0.178803,0.116314,64184.5,261.58,1328,x
2,anisotropic,x,1.16,0.180358,0.117468,64606.7,263.382,1328,x
2,anisotropic,x,1.17,0.181913,0.118623,65028.3,265.184,1328,x
2,anisotropic,x,1.18,0.183467,0.119778,65449.2,266.985,1328,x
2,anisotropic,x,1.19,0.185022,0.120934,65869,268.782,1328,x
2,anisotropic,x,1.2,0.186577,0.122089,66289.1,270.581,1328,x
2,anisotropic,x,1.21,0.188132,0.123243,66709.9,272.384,1328,x
2,anisotropic,x,1.22,0.189687,0.124395,67111.8,274.185,1328,x
2,anisotropic,x,1.23,0.191241,0.125549,67531.5,275.988,1328,x
2,anisotropic,x,1.24,0.192796,0.126704,67951.9,277.793,1328,x
2,anisotropic,x,1.25,0.194351,0.127859,68373.6,279.604,1328,x
2,anisotropic,x,1.26,0.195906,0.129014,68792.2,281.405,1328,x
2,anisotropic,x,1.27,0.197461,0.13017,69211.7,283.21,1328,x
2,anisotropic,x,1.28,0.199016,0.131326,69631.7,285.018,1328,x
2,anisotropic,x,1.29,0.20057,0.13248,70040.4,286.822,1328,x
2,anisotropic,x,1.3,0.202125,0.133634,70449.4,288.628,1328,x
2,anisotropic,x,1.31,0.20368,0.134787,70869.8,290.441,1328,x
2,anisotropic,x,1.32,0.205235,0.135939,71290.2,292.256,1328,x
2,anisotropic,x,1.33,0.20679,0.137089,71710.8,294.073,1328,x
2,anisotropic,x,1.34,0.208344,0.138239,72121.4,295.89,1328,x
2,anisotropic,x,1.35,0.209899,0.13939,72540.1,297.703,1328,x
2,anisotropic,x,1.36,0.211454,0.14054,72961,299.523,1328,x
2,anisotropic,x,1.37,0.213009,0.14169,73380.6,301.341,1328,x
2,anisotropic,x,1.38,0.214564,0.142842,73800.9,303.161,1328,x
2,anisotropic,x,1.39,0.216118,0.143992,74220.3,304.98,1328,x
2,anisotropic,x,1.4,0.217673,0.145144,74618.5,306.797,1328,x
2,anisotropic,x,1.41,0.219228,0.146295,75027.7,308.618,1328,x
2,anisotropic,x,1.42,0.220783,0.147445,75427.4,310.445,1328,x
2,anisotropic,x,1.43,0.222338,0.148596,75835.9,312.27,1328,x
2,anisotropic,x,1.44,0.223892,0.149743,76234.9,314.099,1328,x
2,anisotropic,x,1.45,0.225447,0.150892,76645.8,315.934,1328,x
2,anisotropic,x,1.46,0.227002,0.15204,77048.2,317.777,1328,x
2,anisotropic,x,1.47,0.228557,0.153187,77469.8,319.617,1328,x
2,anisotropic,x,1.48,0.230112,0.154334,77879.9,321.454,1328,x
2,anisotropic,x,1.49,0.231667,0.155481,78278.8,323.291,1328,x
2,anisotropic,x,1.5,0.233221,0.156629,78699.6,325.132,1328,x
2,anisotropic,x,1.51,0.234776,0.157777,79120.2,326.972,1328,x
2,anisotropic,x,1.52,0.236331,0.158924,79507.2,328.81,1328,x
2,anisotropic,x,1.53,0.237886,0.160071,79928.8,330.656,1328,x
2,anisotropic,x,1.54,0.239441,0.161216,80350.3,332.503,1328,x
2,anisotropic,x,1.55,0.240995,0.162361,80770.6,334.347,1328,x
2,anisotropic,x,1.56,0.24255,0.163507,81180.4,336.194,1328,x
2,anisotropic,x,1.57,0.244105,0.164652,81599.3,338.038,1328,x
2,anisotropic,x,1.58,0.24566,0.165796,82009.8,339.893,1328,x
2,anisotropic,x,1.59,0.247215,0.16694,82432.8,341.754,1328,x
2,anisotropic,x,1.6,0.248769,0.168085,82857.2,343.619,1328,x
2,anisotropic,x,1.61,0.250324,0.169229,83245.8,345.483,1328,x
2,anisotropic,x,1.62,0.251879,0.17037,83669.9,347.351,1328,x
2,anisotropic,x,1.63,0.253434,0.171511,84084.7,349.227,1328,x
2,anisotropic,x,1.64,0.254989,0.17265,84498.1,351.101,1328,x
2,anisotropic,x,1.65,0.256543,0.173787,84900.2,352.979,1328,x
2,anisotropic,x,1.66,0.258098,0.174925,85312.6,354.853,1328,x
2,anisotropic,x,1.67,0.259653,0.176062,85737.3,356.731,1328,x
2,anisotropic,x,1.68,0.261208,0.177198,86139.8,358.614,1328,x
2,anisotropic,x,1.69,0.262763,0.178335,86549,360.482,1328,x
2,anisotropic,x,1.7,0.264318,0.179472,86972.4,362.359,1328,x
2,anisotropic,x,1.71,0.265872,0.180609,87370.9,364.234,1328,x
2,anisotropic,x,1.72,0.267427,0.181745,87795.4,366.117,1328,x
2,anisotropic,x,1.73,0.268982,0.182882,88206.9,368,1328,x
2,anisotropic,x,1.74,0.270537,0.184018,88631.1,369.885,1328,x
2,anisotropic,x,1.75,0.272092,0.185154,89043.5,371.774,1328,x
2,anisotropic,x,1.76,0.273646,0.186291,89455,373.661,1328,x
2,anisotropic,x,1.77,0.275201,0.187426,89854.1,375.551,1328,x
2,anisotropic,x,1.78,0.276756,0.188559,90279.5,377.448,1328,x
2,anisotropic,x,1.79,0.278311,0.189693,90680.3,379.351,1328,x
2,anisotropic,x,1.8,0.279866,0.190823,91108.8,381.264,1328,x
2,anisotropic,x,1.81,0.28142,0.191952,91538.7,383.183,1328,x
2,anisotropic,x,1.82,0.282975,0.193081,91970.7,385.109,1328,x
2,anisotropic,x,1.83,0.28453,0.194209,92402,387.034,1328,x
2,anisotropic,x,1.84,0.286085,0.195337,92818.1,388.952,1328,x
2,anisotropic,x,1.85,0.28764,0.196465,93246.7,390.871,1328,x
2,anisotropic,x,1.86,0.289194,0.197592,93673.8,392.785,1328,x
2,anisotropic,x,1.87,0.290749,0.198721,94087.6,394.699,1328,x
2,anisotropic,x,1.88,0.292304,0.199848,94513,396.609,1328,x
2,anisotropic,x,1.89,0.293859,0.200974,94940.9,398.53,1328,x
2,anisotropic,x,1.9,0.295414,0.2021,95368.3,400.448,1328,x
2,anisotropic,x,1.91,0.296968,0.203226,95783.8,402.373,1328,x
2,anisotropic,x,1.92,0.298523,0.204353,96195.7,404.289,1328,x
2,anisotropic,x,1.93,0.300078,0.205478,96607.1,406.206,1328,x
2,anisotropic,x,1.94,0.301633,0.206603,97033.2,408.128,1328,x
2,anisotropic,x,1.95,0.303188,0.207727,97461.4,410.057,1328,x
2,anisotropic,x,1.96,0.304743,0.208849,97875.2,411.986,1328,x
2,anisotropic,x,1.97,0.306297,0.209971,98305.1,413.925,1328,x
2,anisotropic,x,1.98,0.307852,0.211092,98734.1,415.862,1328,x
2,anisotropic,x,1.99,0.309407,0.212215,99163.1,417.801,1328,x
2,anisotropic,x,2,0.310962,0.213336,99577.7,419.74,1328,x
2,anisotropic,x,2.01,0.312517,0.214457,100007,421.683,1328,x
2,anisotropic,x,2.02,0.314071,0.215576,100436,423.624,1328,x
2,anisotropic,x,2.03,0.315626,0.216695,100853,425.573,1328,x
2,anisotropic,x,2.04,0.317181,0.217814,101284,427.524,1328,x
2,anisotropic,x,2.05,0.318736,0.218932,101712,429.469,1328,x
2,anisotropic,x,2.06,0.320291,0.22005,102113,431.417,1328,x
2,anisotropic,x,2.07,0.321845,0.221167,102527,433.367,1328,x
2,anisotropic,x,2.08,0.3234,0.222285,102955,435.317,1328,x
2,anisotropic,x,2.09,0.324955,0.223403,103385,437.274,1328,x
2,anisotropic,x,2.1,0.32651,0.224519,103800,439.229,1328,x
2,anisotropic,x,2.11,0.328065,0.225635,104231,441.191,1328,x
2,anisotropic,x,2.12,0.329619,0.22675,104632,443.154,1328,x
2,anisotropic,x,2.13,0.331174,0.227864,105063,445.117,1328,x
2,anisotropic,x,2.14,0.332729,0.228977,105478,447.08,1328,x
2,anisotropic,x,2.15,0.334284,0.23009,105908,449.044,1328,x
2,anisotropic,x,2.16,0.335839,0.231202,106339,451.011,1328,x
2,anisotropic,x,2.17,0.337394,0.232314,106741,452.985,1328,x
2,anisotropic,x,2.18,0.338948,0.233425,107171,454.957,1328,x
2,anisotropic,x,2.19,0.340503,0.234536,107587,456.93,1328,x
2,anisotropic,x,2.2,0.342058,0.235646,107972,458.905,1328,x
2,anisotropic,x,2.21,0.343613,0.236755,108403,460.885,1328,x
2,anisotropic,x,2.22,0.345168,0.237864,108820,462.868,1328,x
2,anisotropic,x,2.23,0.346722,0.238972,109250,464.85,1328,x
2,anisotropic,x,2.24,0.348277,0.240078,109668,466.84,1328,x
2,anisotropic,x,2.25,0.349832,0.241186,110085,468.83,1328,x
2,anisotropic,x,2.26,0.351387,0.242294,110502,470.82,1328,x
2,anisotropic,x,2.27,0.352942,0.2434,110935,472.818,1328,x
2,anisotropic,x,2.28,0.354496,0.244504,111369,474.818,1328,x
2,anisotropic,x,2.29,0.356051,0.24561,111803,476.816,1328,x
2,anisotropic,x,2.3,0.357606,0.246717,112219,478.813,1328,x
2,anisotropic,x,2.31,0.359161,0.247822,112652,480.812,1328,x
2,anisotropic,x,2.32,0.360716,0.248925,113085,482.812,1328,x
2,anisotropic,x,2.33,0.362271,0.250026,113503,484.818,1328,x
2,anisotropic,x,2.34,0.363825,0.251129,113935,486.819,1328,x
2,anisotropic,x,2.35,0.36538,0.252231,114369,488.827,1328,x
2,anisotropic,x,2.36,0.366935,0.253332,114802,490.831,1328,x
2,anisotropic,x,2.37,0.36849,0.254432,115219,492.84,1328,x
2,anisotropic,x,2.38,0.370044,0.255533,115635,494.849,1328,x
2,anisotropic,x,2.39,0.371599,0.256631,116070,496.867,1328,x
3,anisotropic,y,0,0,0,0,0,1328,x
3,anisotropic,y,0,0,2.45503e-06,2.38892,0.00920637,1328,x
3,anisotropic,y,0.01,0.00155482,1.84486e-06,1513.36,5.83213,1328,x
3,anisotropic,y,0.02,0.0031096,0.000209082,2823.99,10.884,1328,x
3,anisotropic,y,0.03,0.00466442,0.000707903,3857.33,14.8691,1328,x
3,anisotropic,y,0.04,0.00621924,0.00149421,4618.84,17.8084,1328,x
3,anisotropic,y,0.05,0.00777406,0.00252006,5157.55,19.89,1328,x
3,anisotropic,y,0.06,0.00932884,0.00371712,5536.85,21.3688,1328,x
3,anisotropic,y,0.07,0.0108837,0.00502165,5818.18,22.4711,1328,x
3,anisotropic,y,0.08,0.0124385,0.00637954,6053.26,23.3869,1328,x
3,anisotropic,y,0.09,0.0139933,0.00775953,6265.21,24.2135,1328,x
3,anisotropic,y,0.1,0.0155481,0.00914003,6472.14,25.0208,1328,x
3,anisotropic,y,0.11,0.0171029,0.0105152,6679.29,25.829,1328,x
3,anisotropic,y,0.12,0.0186577,0.0118811,6891.08,26.6521,1328,x
3,anisotropic,y,0.13,0.0202125,0.0132397,7104.99,27.4868,1328,x
3,anisotropic,y,0.14,0.0217673,0.0145957,7317.98,28.3222,1328,x
3,anisotropic,y,0.15,0.0233221,0.0159535,7529.19,29.1473,1328,x
3,anisotropic,y,0.16,0.024877,0.0173182,7732.51,29.9463,1328,x
3,anisotropic,y,0.17,0.0264317,0.0186888,7929.35,30.7249,1328,x
3,anisotropic,y,0.18,0.0279866,0.0200637,8124.49,31.4892,1328,x
3,anisotropic,y,0.19,0.0295414,0.0214438,8316.17,32.2366,1328,x
3,anisotropic,y,0.2,0.0310962,0.0228268,8503.39,32.9753,1328,x
3,anisotropic,y,0.21,0.032651,0.0242174,8686.76,33.6909,1328,x
3,anisotropic,y,0.22,0.0342058,0.0256116,8865.02,34.3956,1328,x
3,anisotropic,y,0.23,0.0357606,0.0270108,9041.5,35.085,1328,x
3,anisotropic,y,0.24,0.0373154,0.0284139,9215.21,35.7637,1328,x
3,anisotropic,y,0.25,0.0388702,0.02982,9383.71,36.4319,1328,x
3,anisotropic,y,0.26,0.040425,0.0312281,9553.36,37.0953,1328,x
3,anisotropic,y,0.27,0.0419798,0.0326371,9722.48,37.7567,1328,x
3,anisotropic,y,0.28,0.0435346,0.0340476,9890.09,38.4127,1328,x
3,anisotropic,y,0.29,0.0450895,0.0354589,10056.3,39.0681,1328,x
3,anisotropic,y,0.3,0.0466443,0.0368727,10222.1,39.7175,1328,x
3,anisotropic,y,0.31,0.0481991,0.0382904,10385.2,40.356,1328,x
3,anisotropic,y,0.32,0.0497539,0.03971,10546.7,40.989,1328,x
3,anisotropic,y,0.33,0.0513087,0.0411285,10709.6,41.6275,1328,x
3,anisotropic,y,0.34,0.0528635,0.0425517,10866.8,42.2497,1328,x
3,anisotropic,y,0.35,0.0544183,0.0439751,11024.8,42.8747,1328,x
3,anisotropic,y,0.36,0.0559731,0.0453998,11181.6,43.4962,1328,x
3,anisotropic,y,0.37,0.0575279,0.0468232,11341.3,44.123,1328,x
3,anisotropic,y,0.38,0.0590827,0.0482492,11498.2,44.7446,1328,x
3,anisotropic,y,0.39,0.0606375,0.0496745,11655.9,45.3698,1328,x
3,anisotropic,y,0.4,0.0621924,0.0510992,11815.4,45.9967,1328,x
3,anisotropic,y,0.41,0.0637472,0.0525249,11972.2,46.6247,1328,x
3,anisotropic,y,0.42,0.065302,0.0539545,12125.3,47.2393,1328,x
3,anisotropic,y,0.43,0.0668568,0.0553841,12282.1,47.8563,1328,x
3,anisotropic,y,0.44,0.0684116,0.0568156,12437.7,48.4689,1328,x
3,anisotropic,y,0.45,0.0699664,0.0582468,12592.5,49.0849,1328,x
3,anisotropic,y,0.46,0.0715212,0.0596802,12746.5,49.6979,1328,x
3,anisotropic,y,0.47,0.073076,0.0611136,12902.3,50.3115,1328,x
3,anisotropic,y,0.48,0.0746308,0.0625475,13058,50.925,1328,x
3,anisotropic,y,0.49,0.0761856,0.0639822,13211.6,51.5375,1328,x
3,anisotropic,y,0.5,0.0777405,0.0654157,13368.1,52.1548,1328,x
3,anisotropic,y,0.51,0.0792952,0.0668502,13522.3,52.7702,1328,x
3,anisotropic,y,0.52,0.0808501,0.0682856,13678.1,53.3849,1328,x
3,anisotropic,y,0.53,0.0824049,0.0697196,13835.1,54.0048,1328,x
3,anisotropic,y,0.54,0.0839597,0.0711528,13993.2,54.629,1328,x
3,anisotropic,y,0.55,0.0855145,0.0725873,14151.4,55.2534,1328,x
3,anisotropic,y,0.56,0.0870693,0.0740258,14306.6,55.8667,1328,x
3,anisotropic,y,0.57,0.0886241,0.0754615,14464.4,56.4901,1328,x
3,anisotropic,y,0.58,0.0901789,0.0768981,14619.6,57.1113,1328,x
3,anisotropic,y,0.59,0.0917337,0.0783345,14777.5,57.7357,1328,x
3,anisotropic,y,0.6,0.0932885,0.079772,14933.2,58.3591,1328,x
3,anisotropic,y,0.61,0.0948434,0.0812088,15089.3,58.9848,1328,x
3,anisotropic,y,0.62,0.0963981,0.0826455,15247.8,59.6121,1328,x
3,anisotropic,y,0.63,0.0979529,0.0840816,15407.4,60.2443,1328,x
3,anisotropic,y,0.64,0.0995078,0.0855192,15566.2,60.8733,1328,x
3,anisotropic,y,0.65,0.101063,0.0869584,15724.6,61.5008,1328,x
3,anisotropic,y,0.66,0.102617,0.0883949,15881.1,62.137,1328,x
3,anisotropic,y,0.67,0.104172,0.0898323,16040.9,62.7707,1328,x
3,anisotropic,y,0.68,0.105727,0.0912714,16198,63.4022,1328,x
3,anisotropic,y,0.69,0.107282,0.0927098,16358.1,64.0376,1328,x
3,anisotropic,y,0.7,0.108837,0.0941486,16518.7,64.6745,1328,x
3,anisotropic,y,0.71,0.110391,0.0955898,16676.8,65.303,1328,x
3,anisotropic,y,0.72,0.111946,0.0970288,16837.5,65.9409,1328,x
3,anisotropic,y,0.73,0.113501,0.098467,16999.8,66.5852,1328,x
3,anisotropic,y,0.74,0.115056,0.0999046,17162.4,67.2313,1328,x
3,anisotropic,y,0.75,0.116611,0.101342,17324.2,67.8829,1328,x
3,anisotropic,y,0.76,0.118165,0.102781,17485.2,68.532,1328,x
3,anisotropic,y,0.77,0.11972,0.104219,17645.8,69.1797,1328,x
3,anisotropic,y,0.78,0.121275,0.105659,17807.7,69.8242,1328,x
3,anisotropic,y,0.79,0.12283,0.107097,17972.5,70.4799,1328,x
3,anisotropic,y,0.8,0.124385,0.108537,18130.6,71.1286,1328,x
3,anisotropic,y,0.81,0.12594,0.109975,18296,71.7873,1328,x
3,anisotropic,y,0.82,0.127494,0.111411,18460.6,72.4528,1328,x
3,anisotropic,y,0.83,0.129049,0.112846,18628.7,73.1223,1328,x
3,anisotropic,y,0.84,0.130604,0.114286,18790.9,73.7792,1328,x
3,anisotropic,y,0.85,0.132159,0.115724,18957.2,74.4427,1328,x
3,anisotropic,y,0.86,0.133714,0.11716,19126.1,75.1166,1328,x
3,anisotropic,y,0.87,0.135268,0.118593,19294.1,75.797,1328,x
3,anisotropic,y,0.88,0.136823,0.120028,19465.3,76.4798,1328,x
3,anisotropic,y,0.89,0.138378,0.121461,19634.1,77.1642,1328,x
3,anisotropic,y,0.9,0.139933,0.122898,19804.7,77.8451,1328,x
3,anisotropic,y,0.91,0.141488,0.124335,19972.2,78.5246,1328,x
3,anisotropic,y,0.92,0.143042,0.125771,20142.9,79.207,1328,x
3,anisotropic,y,0.93,0.144597,0.127207,20314.4,79.8926,1328,x
3,anisotropic,y,0.94,0.146152,0.128644,20485.3,80.5763,1328,x
3,anisotropic,y,0.95,0.147707,0.13008,20653.8,81.2612,1328,x
3,anisotropic,y,0.96,0.149262,0.131517,20825.8,81.9497,1328,x
3,anisotropic,y,0.97,0.150816,0.13295,20999.8,82.6463,1328,x
3,anisotropic,y,0.98,0.152371,0.134383,21175.7,83.3502,1328,x
3,anisotropic,y,0.99,0.153926,0.135817,21350.2,84.0488,1328,x
3,anisotropic,y,1,0.155481,0.137252,21525,84.7493,1328,x
3,anisotropic,y,1.01,0.157036,0.138684,21695.9,85.4566,1328,x
3,anisotropic,y,1.02,0.158591,0.140119,21870.3,86.1567,1328,x
3,anisotropic,y,1.03,0.160145,0.141552,22047.1,86.866,1328,x
3,anisotropic,y,1.04,0.1617,0.142985,22225.3,87.5802,1328,x
3,anisotropic,y,1.05,0.163255,0.14442,22401.5,88.2877,1328,x
3,anisotropic,y,1.06,0.16481,0.145852,22579.8,89.0032,1328,x
3,anisotropic,y,1.07,0.166365,0.147286,22757.8,89.7178,1328,x
3,anisotropic,y,1.08,0.167919,0.148719,22933.2,90.4347,1328,x
3,anisotropic,y,1.09,0.169474,0.150148,23114.2,91.1617,1328,x
3,anisotropic,y,1.1,0.171029,0.151579,23292.3,91.8895,1328,x
3,anisotropic,y,1.11,0.172584,0.15301,23470,92.6164,1328,x
3,anisotropic,y,1.12,0.174139,0.15444,23653,93.3521,1328,x
3,anisotropic,y,1.13,0.175693,0.155869,23836.1,94.0885,1328,x
3,anisotropic,y,1.14,0.177248,0.157298,24019.4,94.8263,1328,x
3,anisotropic,y,1.15,0.178803,0.158729,24199.7,95.5646,1328,x
3,anisotropic,y,1.16,0.180358,0.160159,24383.8,96.3054,1328,x
3,anisotropic,y,1.17,0.181913,0.16159,24563.6,97.0432,1328,x
3,anisotropic,y,1.18,0.183467,0.163017,24749.5,97.7924,1328,x
3,anisotropic,y,1.19,0.185022,0.164446,24934.6,98.539,1328,x
3,anisotropic,y,1.2,0.186577,0.165873,25118.2,99.2926,1328,x
3,anisotropic,y,1.21,0.188132,0.1673,25302.9,100.05,1328,x
3,anisotropic,y,1.22,0.189687,0.168727,25490,100.806,1328,x
3,anisotropic,y,1.23,0.191241,0.170153,25679.3,101.569,1328,x
3,anisotropic,y,1.24,0.192796,0.17158,25863.8,102.328,1328,x
3,anisotropic,y,1.25,0.194351,0.173008,26051.2,103.086,1328,x
3,anisotropic,y,1.26,0.195906,0.174434,26240.5,103.851,1328,x
3,anisotropic,y,1.27,0.197461,0.17586,26423.8,104.62,1328,x
3,anisotropic,y,1.28,0.199016,0.177286,26607.3,105.39,1328,x
3,anisotropic,y,1.29,0.20057,0.178711,26795,106.164,1328,x
3,anisotropic,y,1.3,0.202125,0.180134,26984.1,106.944,1328,x
3,anisotropic,y,1.31,0.20368,0.181559,27176.8,107.724,1328,x
3,anisotropic,y,1.32,0.205235,0.182981,27370.3,108.508,1328,x
3,anisotropic,y,1.33,0.20679,0.184404,27561.2,109.296,1328,x
3,anisotropic,y,1.34,0.208344,0.185827,27751.3,110.081,1328,x
3,anisotropic,y,1.35,0.209899,0.187248,27943.5,110.876,1328,x
3,anisotropic,y,1.36,0.211454,0.18867,28139.9,111.673,1328,x
3,anisotropic,y,1.37,0.213009,0.190089,28337.3,112.474,1328,x
3,anisotropic,y,1.38,0.214564,0.191509,28530.8,113.275,1328,x
3,anisotropic,y,1.39,0.216118,0.19293,28728,114.076,1328,x
3,anisotropic,y,1.4,0.217673,0.19435,28922.3,114.881,1328,x
3,anisotropic,y,1.41,0.219228,0.195767,29122.5,115.695,1328,x
3,anisotropic,y,1.42,0.220783,0.197185,29315,116.509,1328,x
3,anisotropic,y,1.43,0.222338,0.198603,29512.2,117.327,1328,x
3,anisotropic,y,1.44,0.223892,0.200021,29712.7,118.143,1328,x
3,anisotropic,y,1.45,0.225447,0.201438,29914.7,118.965,1328,x
3,anisotropic,y,1.46,0.227002,0.202855,30112.8,119.788,1328,x
3,anisotropic,y,1.47,0.228557,0.204273,30314.8,120.612,1328,x
3,anisotropic,y,1.48,0.230112,0.205689,30514.5,121.441,1328,x
3,anisotropic,y,1.49,0.231667,0.207103,30719,122.275,1328,x
3,anisotropic,y,1.5,0.233221,0.208514,30924.1,123.112,1328,x
3,anisotropic,y,1.51,0.234776,0.20993,31128.2,123.945,1328,x
3,anisotropic,y,1.52,0.236331,0.211344,31328.4,124.779,1328,x
3,anisotropic,y,1.53,0.237886,0.212758,31534.1,125.619,1328,x
3,anisotropic,y,1.54,0.239441,0.214172,31739.6,126.459,1328,x
3,anisotropic,y,1.55,0.240995,0.215586,31947.6,127.307,1328,x
3,anisotropic,y,1.56,0.24255,0.216999,32150.3,128.153,1328,x
3,anisotropic,y,1.57,0.244105,0.218409,32360.3,129.011,1328,x
3,anisotropic,y,1.58,0.24566,0.21982,32569.2,129.865,1328,x
3,anisotropic,y,1.59,0.247215,0.221233,32776.7,130.714,1328,x
3,anisotropic,y,1.6,0.248769,0.222646,32984.2,131.565,1328,x
3,anisotropic,y,1.61,0.250324,0.224059,33194.6,132.425,1328,x
3,anisotropic,y,1.62,0.251879,0.225468,33407.1,133.294,1328,x
3,anisotropic,y,1.63,0.253434,0.226876,33618,134.159,1328,x
3,anisotropic,y,1.64,0.254989,0.228287,33828.6,135.022,1328,x
3,anisotropic,y,1.65,0.256543,0.229695,34040.4,135.891,1328,x
3,anisotropic,y,1.66,0.258098,0.231102,34253.3,136.763,1328,x
3,anisotropic,y,1.67,0.259653,0.232508,34467.4,137.641,1328,x
3,anisotropic,y,1.68,0.261208,0.233918,34675.2,138.513,1328,x
3,anisotropic,y,1.69,0.262763,0.235325,34890.9,139.397,1328,x
3,anisotropic,y,1.7,0.264317,0.236733,35099.7,140.274,1328,x
3,anisotropic,y,1.71,0.265872,0.238137,35316.8,141.165,1328,x
3,anisotropic,y,1.72,0.267427,0.239543,35528.2,142.054,1328,x
3,anisotropic,y,1.73,0.268982,0.240948,35740,142.944,1328,x
3,anisotropic,y,1.74,0.270537,0.242354,35956.1,143.834,1328,x
3,anisotropic,y,1.75,0.272092,0.24376,36173.9,144.73,1328,x
3,anisotropic,y,1.76,0.273646,0.245167,36391.7,145.626,1328,x
3,anisotropic,y,1.77,0.275201,0.24657,36610.3,146.526,1328,x
3,anisotropic,y,1.78,0.276756,0.24797,36831.7,147.437,1328,x
3,anisotropic,y,1.79,0.278311,0.24937,37052.8,148.347,1328,x
3,anisotropic,y,1.8,0.279866,0.250769,37264,149.259,1328,x
3,anisotropic,y,1.81,0.28142,0.252169,37484.9,150.17,1328,x
3,anisotropic,y,1.82,0.282975,0.25357,37705.9,151.082,1328,x
3,anisotropic,y,1.83,0.28453,0.25497,37923.9,152.001,1328,x
3,anisotropic,y,1.84,0.286085,0.256369,38149.3,152.93,1328,x
3,anisotropic,y,1.85,0.28764,0.257767,38361.9,153.85,1328,x
3,anisotropic,y,1.86,0.289194,0.259168,38583.1,154.766,1328,x
3,anisotropic,y,1.87,0.290749,0.26057,38803.5,155.679,1328,x
3,anisotropic,y,1.88,0.292304,0.261968,39027.7,156.606,1328,x
3,anisotropic,y,1.89,0.293859,0.263365,39238.5,157.542,1328,x
3,anisotropic,y,1.9,0.295414,0.264761,39464.5,158.477,1328,x
3,anisotropic,y,1.91,0.296968,0.266158,39691.3,159.416,1328,x
3,anisotropic,y,1.92,0.298523,0.267554,39913.3,160.357,1328,x
3,anisotropic,y,1.93,0.300078,0.26895,40140.8,161.3,1328,x
3,anisotropic,y,1.94,0.301633,0.270345,40368.7,162.244,1328,x
3,anisotropic,y,1.95,0.303188,0.271738,40592.3,163.194,1328,x
3,anisotropic,y,1.96,0.304743,0.27313,40816.5,164.146,1328,x
3,anisotropic,y,1.97,0.306297,0.274522,41047.5,165.104,1328,x
3,anisotropic,y,1.98,0.307852,0.275915,41278.5,166.062,1328,x
3,anisotropic,y,1.99,0.309407,0.277308,41497.3,167.017,1328,x
3,anisotropic,y,2,0.310962,0.278699,41721.1,167.972,1328,x
3,anisotropic,y,2.01,0.312517,0.28009,41945.9,168.931,1328,x
3,anisotropic,y,2.02,0.314071,0.281481,42177.4,169.894,1328,x
3,anisotropic,y,2.03,0.315626,0.282871,42411,170.866,1328,x
3,anisotropic,y,2.04,0.317181,0.284263,42643.8,171.835,1328,x
3,anisotropic,y,2.05,0.318736,0.285652,42877.5,172.808,1328,x
3,anisotropic,y,2.06,0.320291,0.287039,43107.6,173.789,1328,x
3,anisotropic,y,2.07,0.321845,0.288428,43335.9,174.765,1328,x
3,anisotropic,y,2.08,0.3234,0.289814,43571,175.746,1328,x
3,anisotropic,y,2.09,0.324955,0.291199,43808.3,176.735,1328,x
3,anisotropic,y,2.1,0.32651,0.292584,44043.8,177.718,1328,x
3,anisotropic,y,2.11,0.328065,0.29397,44281.6,178.709,1328,x
3,anisotropic,y,2.12,0.329619,0.295352,44521.2,179.708,1328,x
3,anisotropic,y,2.13,0.331174,0.296737,44758.8,180.7,1328,x
3,anisotropic,y,2.14,0.332729,0.298123,44996.7,181.693,1328,x
3,anisotropic,y,2.15,0.334284,0.299509,45234.5,182.687,1328,x
3,anisotropic,y,2.16,0.335839,0.300892,45474.2,183.688,1328,x
3,anisotropic,y,2.17,0.337393,0.302276,45705.9,184.683,1328,x
3,anisotropic,y,2.18,0.338948,0.303658,45933.7,185.688,1328,x
3,anisotropic,y,2.19,0.340503,0.305038,46175.6,186.699,1328,x
3,anisotropic,y,2.2,0.342058,0.306419,46411.5,187.712,1328,x
3,anisotropic,y,2.21,0.343613,0.3078,46653.1,188.725,1328,x
3,anisotropic,y,2.22,0.345168,0.309181,46896.1,189.742,1328,x
3,anisotropic,y,2.23,0.346722,0.31056,47132.3,190.759,1328,x
3,anisotropic,y,2.24,0.348277,0.311941,47362.2,191.778,1328,x
3,anisotropic,y,2.25,0.349832,0.313318,47601.1,192.807,1328,x
3,anisotropic,y,2.26,0.351387,0.314695,47834.4,193.84,1328,x
3,anisotropic,y,2.27,0.352942,0.316071,48081.9,194.879,1328,x
3,anisotropic,y,2.28,0.354496,0.317445,48329.8,195.92,1328,x
3,anisotropic,y,2.29,0.356051,0.318821,48571.4,196.963,1328,x
3,anisotropic,y,2.3,0.357606,0.320198,48811.2,198,1328,x
3,anisotropic,y,2.31,0.359161,0.321572,49058,199.04,1328,x
3,anisotropic,y,2.32,0.360716,0.322945,49299.5,200.084,1328,x
3,anisotropic,y,2.33,0.36227,0.324316,49549.8,201.138,1328,x
3,anisotropic,y,2.34,0.363825,0.325687,49786.1,202.19,1328,x
3,anisotropic,y,2.35,0.36538,0.327058,50037.6,203.25,1328,x
3,anisotropic,y,2.36,0.366935,0.328432,50280,204.302,1328,x
3,anisotropic,y,2.37,0.36849,0.329803,50530.9,205.362,1328,x
3,anisotropic,y,2.38,0.370044,0.331172,50783.2,206.428,1328,x
3,anisotropic,y,2.39,0.371599,0.33254,51037.5,207.501,1328,x
